date,240019.OF,017469.OF,539001.OF,011613.OF,007466.OF,000217.OF
2023/1/5,0.142857,0.095238,0.238095,0.142857,0.214286,0.166667
2023/1/6,0.141909,0.094421,0.243016,0.143178,0.213,0.164476
2023/1/9,0.141998,0.094653,0.242087,0.142678,0.21269,0.165894
2023/1/10,0.140775,0.095671,0.242265,0.143166,0.211675,0.166449
2023/1/11,0.141529,0.09428,0.245791,0.14047,0.211708,0.166223
2023/1/12,0.141557,0.093866,0.24665,0.140502,0.211435,0.165991
2023/1/13,0.142459,0.093395,0.246083,0.140044,0.212557,0.165463
2023/1/17,0.141082,0.097441,0.243457,0.14243,0.210477,0.165114
2023/1/18,0.141251,0.097217,0.242027,0.142934,0.211359,0.165213
2023/1/19,0.140745,0.099343,0.23921,0.144605,0.211166,0.164931
2023/1/20,0.13955,0.09821,0.2432,0.143827,0.210714,0.1645
2023/1/30,0.139216,0.096918,0.247221,0.143422,0.209503,0.163721
2023/1/31,0.138456,0.094812,0.251672,0.141686,0.210639,0.162734
2023/2/1,0.136493,0.095808,0.25384,0.14191,0.209605,0.162344
2023/2/2,0.134359,0.096343,0.258534,0.141086,0.2075,0.162179
2023/2/3,0.134222,0.097302,0.257268,0.142483,0.207605,0.16112
2023/2/6,0.142854,0.095239,0.238103,0.142857,0.214284,0.166664
2023/2/7,0.142527,0.094142,0.242529,0.141524,0.213949,0.165328
2023/2/8,0.143563,0.093963,0.239335,0.141551,0.214625,0.166964
2023/2/9,0.142788,0.097152,0.235832,0.143771,0.214497,0.165959
2023/2/10,0.143177,0.097036,0.235294,0.142729,0.215913,0.165851
2023/2/13,0.1414,0.097125,0.238573,0.141925,0.215515,0.165462
2023/2/14,0.141587,0.096675,0.239499,0.141399,0.216081,0.164758
2023/2/15,0.140253,0.097674,0.241008,0.141429,0.215282,0.164353
2023/2/16,0.141438,0.096151,0.239917,0.140318,0.216389,0.165787
2023/2/17,0.141498,0.094387,0.240844,0.138952,0.217451,0.166868
2023/2/21,0.144219,0.094099,0.233417,0.139352,0.222874,0.166039
2023/2/22,0.143163,0.094507,0.234162,0.138518,0.222845,0.166805
2023/2/23,0.142865,0.093777,0.236767,0.138502,0.222231,0.165858
2023/2/24,0.14256,0.094397,0.233832,0.139035,0.222951,0.167225
2023/2/27,0.141957,0.093134,0.237456,0.138505,0.222048,0.166899
2023/2/28,0.142175,0.093153,0.236566,0.138806,0.222818,0.166481
2023/3/1,0.143296,0.09373,0.233536,0.138959,0.223701,0.166778
2023/3/2,0.14372,0.09303,0.233433,0.138196,0.224997,0.166624
2023/3/3,0.142971,0.094067,0.235944,0.137762,0.224004,0.165252
2023/3/6,0.142856,0.095238,0.238094,0.142855,0.21429,0.166667
2023/3/7,0.144008,0.093694,0.237826,0.141579,0.215151,0.167742
2023/3/8,0.14298,0.094598,0.239904,0.141981,0.214812,0.165726
2023/3/9,0.142603,0.096067,0.237283,0.142745,0.214992,0.16631
2023/3/10,0.141998,0.096682,0.236365,0.143089,0.213254,0.168612
2023/3/13,0.141475,0.096131,0.235736,0.142838,0.214726,0.169094
2023/3/14,0.139251,0.098228,0.237698,0.14342,0.21164,0.169764
2023/3/15,0.139905,0.097815,0.237013,0.142162,0.214189,0.168916
2023/3/16,0.139443,0.09648,0.243658,0.139509,0.211271,0.169638
2023/3/17,0.138108,0.098993,0.240406,0.141376,0.21205,0.169067
2023/3/20,0.136617,0.100612,0.23793,0.141388,0.209637,0.173818
2023/3/21,0.136247,0.10049,0.241302,0.142012,0.208841,0.171109
2023/3/22,0.137729,0.101671,0.238716,0.142781,0.210478,0.168626
2023/3/23,0.136954,0.10367,0.238823,0.144256,0.208141,0.168156
2023/3/24,0.136085,0.102753,0.239327,0.145023,0.207476,0.169336
2023/3/27,0.135691,0.102151,0.24002,0.145475,0.207148,0.169515
2023/3/28,0.137077,0.10004,0.240231,0.143893,0.208903,0.169855
2023/3/29,0.135229,0.102905,0.241975,0.145419,0.205882,0.168591
2023/3/30,0.13538,0.103079,0.243085,0.145058,0.205677,0.167721
2023/3/31,0.133726,0.103671,0.24438,0.145965,0.20454,0.167718
2023/4/3,0.132464,0.107876,0.241581,0.150028,0.204028,0.164023
2023/4/4,0.13258,0.109514,0.23934,0.149698,0.204177,0.164691
2023/4/6,0.14285,0.095248,0.238095,0.142862,0.214278,0.166666
2023/4/10,0.144158,0.094197,0.238832,0.141423,0.215581,0.165808
2023/4/11,0.143902,0.093191,0.237648,0.140653,0.21803,0.166575
2023/4/12,0.14366,0.094261,0.234338,0.140827,0.220022,0.166892
2023/4/13,0.144902,0.09143,0.238548,0.137446,0.220507,0.167167
2023/4/14,0.144129,0.095432,0.235817,0.140449,0.217881,0.166293
2023/4/17,0.14605,0.094781,0.235078,0.140356,0.219591,0.164145
2023/4/18,0.147727,0.09308,0.235889,0.139359,0.220198,0.163746
2023/4/19,0.147264,0.094475,0.235189,0.139648,0.219982,0.163442
2023/4/20,0.145822,0.097643,0.2324,0.142094,0.219746,0.162295
2023/4/21,0.146558,0.093851,0.235715,0.138776,0.220697,0.164403
2023/4/24,0.146305,0.092449,0.23674,0.137236,0.222253,0.165017
2023/4/25,0.149004,0.091285,0.233297,0.135282,0.224347,0.166785
2023/4/26,0.148022,0.088428,0.236721,0.134711,0.224855,0.167262
2023/4/27,0.146771,0.087858,0.241592,0.133619,0.223823,0.166338
2023/4/28,0.146701,0.089555,0.240823,0.134601,0.224873,0.163447
2023/5/4,0.150114,0.086478,0.235234,0.131674,0.2298,0.1667
2023/5/5,0.142862,0.095232,0.238096,0.142849,0.214294,0.166667
2023/5/8,0.146348,0.09444,0.236295,0.142372,0.217377,0.163168
2023/5/9,0.146375,0.092592,0.237496,0.140921,0.217428,0.165189
2023/5/10,0.143235,0.092065,0.24225,0.140931,0.21447,0.167049
2023/5/11,0.142864,0.092622,0.242478,0.14098,0.213876,0.16718
2023/5/12,0.142531,0.092439,0.244348,0.140266,0.213125,0.167291
2023/5/15,0.143225,0.092361,0.24477,0.141147,0.211423,0.167075
2023/5/16,0.143301,0.092895,0.245375,0.141479,0.209913,0.167037
2023/5/17,0.14198,0.093324,0.248251,0.14164,0.208831,0.165975
2023/5/18,0.14188,0.093611,0.250583,0.140951,0.20884,0.164136
2023/5/19,0.140411,0.095151,0.25185,0.142,0.206715,0.163874
2023/5/22,0.140963,0.094149,0.252184,0.14119,0.206781,0.164733
2023/5/23,0.140387,0.093367,0.252937,0.140886,0.206485,0.165938
2023/5/24,0.138309,0.093757,0.253943,0.141101,0.204981,0.16791
2023/5/25,0.136874,0.09461,0.258461,0.141385,0.202457,0.166214
2023/5/26,0.136005,0.095782,0.261632,0.14147,0.202174,0.162938
2023/5/30,0.135002,0.097673,0.26153,0.141437,0.202827,0.161532
2023/5/31,0.134121,0.099128,0.259599,0.142548,0.201217,0.163388
2023/6/1,0.133379,0.097175,0.262656,0.142189,0.201638,0.162963
2023/6/2,0.134503,0.09595,0.263375,0.141763,0.201259,0.16315
2023/6/5,0.142853,0.095239,0.23811,0.142856,0.214279,0.166663
2023/6/6,0.143613,0.093122,0.240117,0.140152,0.214271,0.168726
2023/6/7,0.14491,0.092991,0.236672,0.139875,0.21644,0.169112
2023/6/8,0.146984,0.090711,0.239058,0.138005,0.217267,0.167975
2023/6/9,0.145467,0.091706,0.237949,0.140488,0.216193,0.168197
2023/6/12,0.143812,0.091279,0.242276,0.139561,0.214661,0.168411
2023/6/13,0.142989,0.093537,0.242997,0.140109,0.212718,0.16765
2023/6/14,0.141412,0.094046,0.245537,0.139967,0.212024,0.167015
2023/6/15,0.142112,0.092516,0.247829,0.139767,0.212229,0.165549
2023/6/16,0.141519,0.093169,0.245201,0.142082,0.211454,0.166575
2023/6/20,0.140052,0.093835,0.247366,0.143179,0.207764,0.167803
2023/6/21,0.141951,0.09058,0.248156,0.140619,0.209024,0.169669
2023/6/26,0.141537,0.089959,0.24878,0.140832,0.207701,0.171191
2023/6/27,0.141591,0.088402,0.250812,0.139801,0.209709,0.169685
2023/6/28,0.141795,0.088685,0.250992,0.139318,0.210519,0.168691
2023/6/29,0.141448,0.088197,0.251623,0.138819,0.210628,0.169285
2023/6/30,0.141337,0.08809,0.253837,0.138277,0.20993,0.168528
2023/7/3,0.142645,0.088302,0.252251,0.137764,0.211232,0.167806
2023/7/5,0.142856,0.095234,0.238104,0.142854,0.214283,0.166668
2023/7/6,0.142238,0.095606,0.237665,0.142822,0.214563,0.167107
2023/7/7,0.142665,0.09474,0.237427,0.14194,0.215784,0.167443
2023/7/10,0.142611,0.09454,0.23652,0.142116,0.21635,0.167863
2023/7/11,0.142824,0.096112,0.236202,0.142444,0.215754,0.166664
2023/7/12,0.143641,0.093698,0.239258,0.140545,0.215492,0.167365
2023/7/13,0.143675,0.094104,0.239622,0.14024,0.215786,0.166574
2023/7/14,0.14414,0.094093,0.239258,0.139907,0.216598,0.166004
2023/7/17,0.143711,0.093098,0.241759,0.139177,0.215464,0.166791
2023/7/18,0.142968,0.092489,0.243871,0.138399,0.214893,0.16738
2023/7/19,0.143257,0.091182,0.243088,0.137428,0.215962,0.169084
2023/7/20,0.144995,0.090521,0.24016,0.137001,0.216948,0.170377
2023/7/21,0.145667,0.089874,0.24018,0.136727,0.217564,0.169987
2023/7/24,0.145243,0.089604,0.240812,0.136173,0.21794,0.170227
2023/7/25,0.147364,0.089647,0.239844,0.136525,0.219314,0.167307
2023/7/26,0.147504,0.089815,0.238826,0.136331,0.219195,0.168329
2023/7/27,0.148838,0.08848,0.23866,0.135269,0.21987,0.168883
2023/7/28,0.151154,0.087735,0.240199,0.134944,0.220308,0.165659
2023/7/31,0.151675,0.087995,0.239055,0.135252,0.221167,0.164856
2023/8/1,0.150915,0.087975,0.238571,0.135391,0.221785,0.165363
2023/8/2,0.149727,0.089202,0.236027,0.13664,0.221261,0.167143
2023/8/3,0.151255,0.089201,0.235722,0.136628,0.221123,0.16607
2023/8/4,0.151677,0.089372,0.234457,0.137292,0.221436,0.165764
2023/8/7,0.142862,0.095234,0.238094,0.142853,0.21429,0.166666
2023/8/8,0.142685,0.095215,0.237284,0.142853,0.214822,0.167141
2023/8/9,0.143866,0.094712,0.235805,0.142594,0.214808,0.168215
2023/8/10,0.143651,0.094789,0.236192,0.142739,0.215032,0.167597
2023/8/11,0.14275,0.093843,0.237226,0.141609,0.214411,0.170161
2023/8/14,0.140978,0.092935,0.240747,0.14046,0.214469,0.17041
2023/8/15,0.142901,0.091492,0.239318,0.139071,0.216243,0.170973
2023/8/16,0.143602,0.09033,0.238961,0.137776,0.216936,0.172394
2023/8/17,0.1427,0.0913,0.237175,0.13918,0.217046,0.172598
2023/8/18,0.143647,0.091197,0.237033,0.138636,0.216715,0.172772
2023/8/21,0.141698,0.090205,0.241695,0.137031,0.215711,0.173661
2023/8/22,0.142266,0.091043,0.23983,0.137429,0.216902,0.172529
2023/8/23,0.142138,0.089005,0.244163,0.1346,0.217056,0.173037
2023/8/24,0.142273,0.0904,0.239878,0.136088,0.216947,0.174414
2023/8/25,0.143619,0.088323,0.242073,0.134226,0.217323,0.174435
2023/8/28,0.144492,0.08819,0.241632,0.134455,0.218223,0.173008
2023/8/29,0.140941,0.090785,0.243564,0.137959,0.215394,0.171357
2023/8/30,0.13875,0.093389,0.243547,0.140511,0.212695,0.171109
2023/8/31,0.138177,0.094612,0.243772,0.140728,0.211001,0.17171
2023/9/1,0.139328,0.093917,0.243272,0.139589,0.212395,0.171499
2023/9/5,0.142855,0.095237,0.238098,0.142854,0.214285,0.16667
2023/9/6,0.143145,0.097747,0.236156,0.143282,0.213716,0.165954
2023/9/7,0.14445,0.094518,0.237307,0.140027,0.215647,0.168052
2023/9/8,0.143829,0.095364,0.237861,0.139968,0.214054,0.168924
2023/9/11,0.14325,0.094729,0.239403,0.140046,0.214487,0.168086
2023/9/12,0.143797,0.094088,0.237393,0.140034,0.21525,0.169438
2023/9/13,0.143966,0.093388,0.238387,0.138389,0.21599,0.16988
2023/9/14,0.144712,0.091675,0.239359,0.136668,0.216778,0.170808
2023/9/15,0.144777,0.093295,0.235992,0.138186,0.217797,0.169953
2023/9/18,0.145383,0.091648,0.23701,0.137496,0.218277,0.170185
2023/9/19,0.146068,0.090964,0.236301,0.136468,0.219425,0.170774
2023/9/20,0.147158,0.090337,0.233742,0.135957,0.220992,0.171815
2023/9/21,0.147476,0.090481,0.231296,0.136251,0.221064,0.173432
2023/9/22,0.147645,0.092199,0.229451,0.138423,0.220732,0.171551
2023/9/25,0.147683,0.091125,0.230547,0.137326,0.220353,0.172967
2023/9/26,0.147938,0.09094,0.228337,0.138258,0.221155,0.173372
2023/9/27,0.147801,0.091039,0.229731,0.139617,0.221601,0.17021
2023/9/28,0.148173,0.092838,0.232038,0.140687,0.221603,0.16466
2023/10/9,0.14286,0.095236,0.238095,0.142856,0.21429,0.166663
2023/10/10,0.142088,0.095492,0.238636,0.141702,0.211684,0.170398
2023/10/11,0.141268,0.096596,0.239323,0.142861,0.21017,0.169782
2023/10/12,0.142281,0.096979,0.237309,0.142836,0.211479,0.169117
2023/10/13,0.142898,0.096863,0.23515,0.142284,0.212008,0.170797
2023/10/16,0.142661,0.094294,0.237753,0.139466,0.212829,0.172997
2023/10/17,0.142578,0.095153,0.235969,0.140035,0.213048,0.173217
2023/10/18,0.143115,0.094641,0.234192,0.139096,0.213368,0.175587
2023/10/19,0.140953,0.096533,0.233742,0.14005,0.210929,0.177793
2023/10/20,0.141521,0.095262,0.23151,0.139782,0.210892,0.181033
2023/10/23,0.141959,0.093551,0.23466,0.137943,0.210009,0.181879
2023/10/24,0.140215,0.094646,0.235449,0.138426,0.210259,0.181004
2023/10/25,0.141174,0.095251,0.230609,0.138763,0.213233,0.180971
2023/10/26,0.142463,0.095501,0.226347,0.13908,0.214359,0.182251
2023/10/27,0.141446,0.096405,0.226435,0.140264,0.213668,0.181782
2023/10/30,0.138843,0.098995,0.228538,0.142246,0.209652,0.181726
2023/10/31,0.139015,0.098972,0.229349,0.141458,0.209691,0.181516
2023/11/1,0.138584,0.098535,0.232928,0.140386,0.20912,0.180446
2023/11/2,0.139005,0.096787,0.236191,0.138544,0.209161,0.180311
2023/11/3,0.137783,0.098816,0.237214,0.140024,0.206802,0.179361
2023/11/6,0.142853,0.095242,0.238095,0.142856,0.214279,0.166675
2023/11/7,0.1425,0.095728,0.239852,0.142686,0.21396,0.165274
2023/11/8,0.141668,0.096711,0.239966,0.143541,0.213662,0.164452
2023/11/9,0.142844,0.095595,0.239021,0.143163,0.215067,0.16431
2023/11/10,0.141373,0.095442,0.243997,0.141931,0.212918,0.164338
2023/11/13,0.140622,0.096124,0.242935,0.142713,0.213648,0.163958
2023/11/14,0.139753,0.096936,0.245796,0.14258,0.211777,0.163157
2023/11/15,0.140115,0.096164,0.245449,0.14209,0.212966,0.163217
2023/11/16,0.140515,0.094954,0.24671,0.140391,0.213807,0.163623
2023/11/17,0.139721,0.095592,0.246603,0.140934,0.21328,0.16387
2023/11/20,0.140105,0.095542,0.248524,0.140981,0.213131,0.161718
2023/11/21,0.140897,0.094547,0.247268,0.140359,0.214572,0.162356
2023/11/22,0.141062,0.093362,0.248874,0.138778,0.215187,0.162736
2023/11/24,0.141332,0.092842,0.24849,0.138251,0.216298,0.162787
2023/11/27,0.140113,0.094431,0.247847,0.138555,0.214944,0.164109
2023/11/28,0.139391,0.094568,0.248209,0.138934,0.21449,0.164407
2023/11/29,0.138513,0.094818,0.248494,0.138333,0.213644,0.166198
2023/11/30,0.138925,0.094927,0.247506,0.138588,0.214134,0.165921
2023/12/1,0.138386,0.094986,0.247693,0.138637,0.214666,0.165633
2023/12/4,0.138242,0.094704,0.245286,0.138198,0.215458,0.168113
2023/12/5,0.142854,0.095237,0.238102,0.142854,0.214286,0.166667
2023/12/6,0.142586,0.095381,0.237074,0.143739,0.214392,0.166829
2023/12/7,0.142383,0.09414,0.239923,0.142979,0.214043,0.166532
2023/12/8,0.141409,0.095696,0.23951,0.145497,0.212293,0.165596
2023/12/11,0.141117,0.096774,0.239805,0.146121,0.213284,0.1629
2023/12/12,0.142232,0.096009,0.241246,0.144634,0.213944,0.161936
2023/12/13,0.141175,0.095176,0.244698,0.143802,0.213154,0.161995
2023/12/14,0.140641,0.09476,0.243807,0.143053,0.212829,0.16491
2023/12/15,0.140604,0.093845,0.245635,0.142384,0.212306,0.165226
2023/12/18,0.141058,0.092663,0.247397,0.141285,0.21233,0.165267
2023/12/19,0.14059,0.093154,0.247913,0.141748,0.211673,0.164923
2023/12/20,0.141077,0.092536,0.245999,0.141001,0.212573,0.166816
2023/12/21,0.140954,0.093036,0.247355,0.142051,0.210984,0.16562
2023/12/22,0.141165,0.091738,0.247478,0.141521,0.21125,0.166849
2023/12/26,0.141716,0.088501,0.249956,0.139232,0.212271,0.168324
2023/12/27,0.141518,0.089473,0.249098,0.13924,0.212619,0.168053
2023/12/28,0.141948,0.090319,0.24772,0.141864,0.21084,0.167309
2023/12/29,0.142877,0.090749,0.246091,0.142138,0.21187,0.166275
2023/12/31,0.142874,0.090746,0.246109,0.142127,0.211857,0.166287
2024/1/2,0.142364,0.089753,0.243008,0.140995,0.21526,0.16862
2024/1/3,0.143278,0.088658,0.24197,0.139605,0.21823,0.168259
2024/1/4,0.143792,0.088155,0.240934,0.138781,0.220232,0.168106
2024/1/5,0.142859,0.095233,0.238098,0.142853,0.21429,0.166668
2024/1/8,0.142659,0.092456,0.244488,0.139714,0.213522,0.167161
2024/1/9,0.14293,0.091875,0.244728,0.139158,0.214481,0.166826
2024/1/10,0.142565,0.091187,0.247339,0.138483,0.213471,0.166955
2024/1/11,0.142005,0.092143,0.24739,0.140227,0.211673,0.166562
2024/1/12,0.143192,0.090245,0.24799,0.138505,0.21286,0.167208
2024/1/16,0.144648,0.090154,0.246676,0.137411,0.21386,0.16725
2024/1/17,0.145557,0.088866,0.248541,0.135609,0.213896,0.167532
2024/1/18,0.145035,0.089905,0.250885,0.136708,0.211342,0.166126
2024/1/19,0.144485,0.089391,0.25462,0.135577,0.20933,0.166598
2024/1/22,0.146166,0.087619,0.257914,0.133292,0.206522,0.168488
2024/1/23,0.145302,0.08822,0.257565,0.133975,0.207298,0.167641
2024/1/24,0.146274,0.08681,0.256954,0.133253,0.210431,0.166279
2024/1/25,0.146648,0.087648,0.253989,0.134409,0.213744,0.163561
2024/1/26,0.149004,0.084676,0.253071,0.131461,0.216834,0.164955
2024/1/29,0.150412,0.082858,0.255852,0.128169,0.217549,0.165161
2024/1/30,0.151114,0.080099,0.25756,0.125305,0.21811,0.167813
2024/1/31,0.152692,0.079,0.254656,0.124268,0.220009,0.169375
2024/2/1,0.151486,0.079915,0.257332,0.124846,0.217321,0.1691
2024/2/2,0.151529,0.077125,0.26208,0.121858,0.217232,0.170176
2024/2/5,0.142823,0.093508,0.243548,0.140767,0.21339,0.165964
2024/2/6,0.141707,0.098145,0.238118,0.146763,0.212613,0.162653
2024/2/7,0.139166,0.099674,0.237899,0.149155,0.212897,0.161208
2024/2/8,0.137976,0.101979,0.23732,0.150323,0.211643,0.160758
2024/2/20,0.140275,0.102409,0.231979,0.149655,0.216581,0.1591
2024/2/21,0.143324,0.101776,0.230312,0.149318,0.216728,0.158542
2024/2/22,0.141548,0.102189,0.234532,0.148698,0.216693,0.15634
2024/2/23,0.142202,0.102853,0.233649,0.149037,0.216475,0.155784
2024/2/26,0.139616,0.104417,0.234898,0.150586,0.213006,0.157476
2024/2/27,0.137991,0.108298,0.232435,0.153967,0.211532,0.155777
2024/2/28,0.139618,0.104136,0.234519,0.151364,0.212753,0.15761
2024/2/29,0.137711,0.108314,0.23276,0.155264,0.21088,0.155071
2024/3/1,0.136607,0.108756,0.234846,0.155601,0.209432,0.154758
2024/3/4,0.135292,0.10889,0.233487,0.155826,0.210181,0.156323
2024/3/5,0.141096,0.101174,0.235154,0.145914,0.212271,0.164391
2024/3/6,0.140124,0.099744,0.236966,0.145146,0.212403,0.165617
2024/3/7,0.140405,0.097402,0.240407,0.141913,0.212829,0.167043
2024/3/8,0.140149,0.099135,0.23622,0.14332,0.213966,0.16721
2024/3/11,0.139601,0.100361,0.234578,0.145702,0.2123,0.167458
2024/3/12,0.138844,0.100874,0.239129,0.145867,0.208023,0.167264
2024/3/13,0.138423,0.101041,0.238138,0.14613,0.208421,0.167848
2024/3/14,0.138664,0.099812,0.23841,0.144855,0.209716,0.168544
2024/3/15,0.139527,0.100089,0.235512,0.145511,0.210254,0.169107
2024/3/18,0.138313,0.102331,0.236317,0.147465,0.208794,0.16678
2024/3/19,0.13785,0.10122,0.238237,0.145951,0.208921,0.167821
2024/3/20,0.138028,0.100603,0.239684,0.145573,0.208905,0.167206
2024/3/21,0.13836,0.099938,0.239686,0.14357,0.208857,0.169589
2024/3/22,0.138574,0.099423,0.241483,0.142134,0.209135,0.169251
2024/3/25,0.139751,0.097554,0.24167,0.140576,0.210434,0.170015
2024/3/26,0.141964,0.095622,0.241144,0.139319,0.211114,0.170837
2024/3/27,0.143165,0.09294,0.24289,0.136611,0.2117,0.172693
2024/3/28,0.141184,0.09393,0.242272,0.138262,0.21095,0.173401
2024/3/31,0.140457,0.09344,0.240861,0.137412,0.212618,0.175212
2024/4/1,0.140638,0.093836,0.239613,0.138549,0.211519,0.175846
2024/4/2,0.141281,0.092987,0.23816,0.137837,0.213347,0.176388
2024/4/3,0.140583,0.091933,0.238804,0.135847,0.215136,0.177697
2024/4/8,0.142003,0.094272,0.236865,0.141325,0.213336,0.172199
2024/4/9,0.141067,0.095133,0.23716,0.142668,0.211711,0.172261
2024/4/10,0.141988,0.093203,0.236617,0.140952,0.213355,0.173886
2024/4/11,0.14103,0.092662,0.239503,0.140695,0.214137,0.171972
2024/4/12,0.140412,0.093202,0.235762,0.140651,0.214064,0.17591
2024/4/15,0.142338,0.094195,0.231067,0.142287,0.217213,0.172901
2024/4/16,0.143044,0.092012,0.232478,0.139737,0.218036,0.174693
2024/4/17,0.143982,0.094042,0.227273,0.141651,0.219394,0.173658
2024/4/18,0.145699,0.093232,0.226302,0.141036,0.220163,0.173567
2024/4/19,0.146811,0.091227,0.223502,0.139737,0.222724,0.176
2024/4/22,0.146477,0.092093,0.226959,0.140614,0.219773,0.174084
2024/4/23,0.147006,0.092293,0.231547,0.14048,0.217732,0.170941
2024/4/24,0.145851,0.093836,0.230964,0.141722,0.216207,0.17142
2024/4/25,0.147652,0.093759,0.229445,0.140586,0.217433,0.171124
2024/4/26,0.144546,0.095806,0.231834,0.142942,0.213568,0.171304
2024/4/29,0.144718,0.098644,0.230758,0.145965,0.211166,0.168749
2024/4/30,0.146331,0.097939,0.227935,0.145394,0.213467,0.168934
2024/5/6,0.142858,0.09524,0.238092,0.142859,0.214284,0.166666
2024/5/7,0.143062,0.094469,0.238537,0.141794,0.214888,0.16725
2024/5/8,0.143442,0.093419,0.239037,0.140657,0.216103,0.167341
2024/5/9,0.142678,0.095288,0.237602,0.142637,0.215896,0.165898
2024/5/10,0.143883,0.092642,0.237629,0.140204,0.216407,0.169235
2024/5/13,0.144805,0.091228,0.238171,0.139607,0.217817,0.168372
2024/5/14,0.144152,0.091223,0.240215,0.139227,0.2173,0.167883
2024/5/15,0.143777,0.090025,0.243431,0.137074,0.216593,0.169099
2024/5/16,0.145697,0.090086,0.242046,0.136132,0.216139,0.169901
2024/5/17,0.146346,0.091217,0.240436,0.136649,0.216263,0.16909
2024/5/20,0.144683,0.090953,0.240433,0.135589,0.216757,0.171585
2024/5/21,0.145861,0.090064,0.241406,0.134783,0.217513,0.170373
2024/5/22,0.146251,0.090389,0.240892,0.135704,0.216745,0.170019
2024/5/23,0.146969,0.089991,0.242805,0.134933,0.217018,0.168283
2024/5/24,0.146564,0.088217,0.246597,0.133044,0.217992,0.167586
2024/5/28,0.146378,0.090108,0.245413,0.133067,0.218637,0.166398
2024/5/29,0.145578,0.08986,0.244389,0.133279,0.219261,0.167635
2024/5/30,0.144972,0.091885,0.242434,0.135233,0.218518,0.166958
2024/5/31,0.145102,0.091932,0.242086,0.135231,0.218283,0.167366
2024/6/3,0.143844,0.09364,0.243162,0.136496,0.216685,0.166173
2024/6/4,0.143893,0.093119,0.243105,0.136613,0.216437,0.166834
2024/6/5,0.142857,0.095237,0.238101,0.142854,0.214285,0.166666
2024/6/6,0.142579,0.094453,0.237777,0.141265,0.214712,0.169214
2024/6/7,0.143369,0.094166,0.23709,0.140217,0.216178,0.16898
2024/6/11,0.141061,0.098487,0.23995,0.143569,0.212623,0.16431
2024/6/12,0.139847,0.097722,0.241861,0.142692,0.213806,0.164072
2024/6/13,0.138844,0.098888,0.243319,0.143292,0.211573,0.164084
2024/6/14,0.139928,0.098031,0.244387,0.142184,0.211549,0.163921
2024/6/17,0.138558,0.099295,0.246795,0.142394,0.209009,0.163949
2024/6/18,0.138813,0.099044,0.246619,0.142191,0.209514,0.16382
2024/6/20,0.139317,0.100485,0.244178,0.14154,0.209102,0.165378
2024/6/21,0.13901,0.100905,0.24329,0.142011,0.208891,0.165893
2024/6/24,0.141166,0.099221,0.243654,0.140362,0.209438,0.166159
2024/6/25,0.142265,0.095481,0.24746,0.137099,0.211001,0.166694
2024/6/26,0.14181,0.096968,0.246928,0.13853,0.210964,0.1648
2024/6/27,0.143667,0.095318,0.248249,0.136414,0.211653,0.1647
2024/6/28,0.144077,0.095027,0.246287,0.13549,0.213066,0.166052
2024/6/30,0.144073,0.095032,0.24629,0.135474,0.213077,0.166052
2024/7/1,0.144834,0.094121,0.246433,0.134163,0.21558,0.164868
2024/7/2,0.146705,0.092607,0.248335,0.13207,0.215644,0.164639
2024/7/3,0.145095,0.093724,0.25007,0.132234,0.213298,0.165579
2024/7/5,0.142475,0.094846,0.24099,0.141878,0.213569,0.166242
2024/7/8,0.143266,0.094693,0.241828,0.140728,0.212688,0.166798
2024/7/9,0.14338,0.097078,0.239834,0.142635,0.212911,0.164163
2024/7/10,0.14376,0.096963,0.242192,0.142525,0.209197,0.165363
2024/7/11,0.143516,0.09804,0.237421,0.144514,0.210262,0.166247
2024/7/12,0.145682,0.097647,0.237515,0.143866,0.209294,0.165996
2024/7/15,0.146275,0.098145,0.237086,0.142809,0.21027,0.165414
2024/7/16,0.144903,0.100675,0.235283,0.144814,0.208118,0.166207
2024/7/17,0.146756,0.100625,0.229918,0.14519,0.208287,0.169224
2024/7/18,0.146397,0.100984,0.228605,0.146201,0.208828,0.168985
2024/7/19,0.1466,0.103812,0.227286,0.149412,0.207852,0.165038
2024/7/22,0.144407,0.104073,0.230635,0.14974,0.205916,0.165228
2024/7/23,0.14744,0.100235,0.23272,0.14579,0.20747,0.166344
2024/7/24,0.148717,0.100223,0.226383,0.145523,0.209562,0.169593
2024/7/25,0.148935,0.100508,0.225935,0.147091,0.210369,0.167163
2024/7/26,0.14666,0.101124,0.227633,0.148133,0.208767,0.167683
2024/7/29,0.148547,0.099232,0.228101,0.145699,0.209716,0.168705
2024/7/30,0.148502,0.10088,0.225703,0.146741,0.208922,0.169251
2024/7/31,0.145049,0.10339,0.227991,0.15005,0.206434,0.167086
2024/8/1,0.145887,0.10427,0.223359,0.1498,0.207347,0.169336
2024/8/2,0.146817,0.102568,0.220653,0.148837,0.209301,0.171824
2024/8/5,0.142855,0.095654,0.23782,0.142846,0.214174,0.166651
2024/8/6,0.141246,0.096628,0.240077,0.14446,0.213033,0.164556
2024/8/7,0.141984,0.095915,0.238249,0.143815,0.21471,0.165327
2024/8/8,0.140909,0.095757,0.243773,0.142789,0.212867,0.163904
2024/8/9,0.1411,0.095316,0.244356,0.141796,0.212347,0.165085
2024/8/12,0.140612,0.094832,0.244536,0.141812,0.212564,0.165645
2024/8/13,0.139758,0.094552,0.248398,0.141004,0.211168,0.16512
2024/8/14,0.140249,0.093455,0.249459,0.139761,0.211713,0.165364
2024/8/15,0.140344,0.093189,0.252646,0.139427,0.211268,0.163126
2024/8/16,0.1416,0.092629,0.252583,0.138708,0.21154,0.162941
2024/8/19,0.142724,0.091657,0.253289,0.136995,0.212279,0.163057
2024/8/20,0.143919,0.090659,0.253872,0.135946,0.211528,0.164076
2024/8/21,0.143074,0.090762,0.255339,0.13574,0.210308,0.164777
2024/8/22,0.145034,0.090124,0.252201,0.135331,0.212068,0.165241
2024/8/23,0.145375,0.089134,0.254917,0.135042,0.211156,0.164375
2024/8/26,0.146013,0.089023,0.252284,0.134875,0.211943,0.165863
2024/8/27,0.146324,0.088347,0.25352,0.133275,0.212964,0.16557
2024/8/28,0.146187,0.088587,0.252094,0.133596,0.213081,0.166456
2024/8/29,0.142568,0.09015,0.253302,0.135933,0.210165,0.167882
2024/8/30,0.139031,0.092526,0.255094,0.138208,0.208269,0.166871
2024/9/3,0.139807,0.091283,0.251577,0.137057,0.21086,0.169416
2024/9/4,0.139831,0.091067,0.25223,0.137059,0.210931,0.168883
2024/9/5,0.142349,0.094755,0.240668,0.142206,0.213576,0.166446
2024/9/6,0.144086,0.094625,0.236423,0.141882,0.214472,0.168511
2024/9/9,0.142461,0.094562,0.240987,0.141159,0.212171,0.16866
2024/9/10,0.142477,0.094986,0.242094,0.141218,0.211013,0.168212
2024/9/11,0.139517,0.094952,0.247895,0.142055,0.206351,0.16923
2024/9/12,0.14015,0.093762,0.249908,0.140663,0.20687,0.168647
2024/9/13,0.139741,0.093103,0.250332,0.13976,0.206251,0.170813
2024/9/18,0.141317,0.092031,0.247894,0.138435,0.209344,0.170979
2024/9/19,0.140098,0.091711,0.252523,0.138095,0.207834,0.16974
2024/9/20,0.141148,0.091195,0.251004,0.137583,0.207763,0.171306
2024/9/23,0.142669,0.089931,0.250345,0.136015,0.209256,0.171784
2024/9/24,0.144856,0.091372,0.245657,0.137591,0.212807,0.167717
2024/9/25,0.146589,0.090959,0.243528,0.136862,0.214484,0.167578
2024/9/26,0.148196,0.092517,0.240434,0.138809,0.215748,0.164296
2024/9/27,0.145207,0.097403,0.235349,0.146035,0.213643,0.162362
2024/9/30,0.143023,0.108001,0.222648,0.160996,0.21262,0.152711
2024/10/8,0.138274,0.114429,0.220259,0.171196,0.204528,0.151314
2024/10/9,0.133644,0.118632,0.227152,0.171542,0.195176,0.153854
2024/10/10,0.138501,0.11375,0.226935,0.164166,0.202533,0.154115
2024/10/11,0.139785,0.10901,0.231502,0.158305,0.202604,0.158795
2024/10/14,0.141048,0.110565,0.2284,0.159414,0.20422,0.156353
2024/10/15,0.140622,0.109177,0.229435,0.157714,0.203449,0.159603
2024/10/16,0.143458,0.106172,0.229998,0.153451,0.206089,0.160832
2024/10/17,0.141718,0.10739,0.230756,0.154354,0.203928,0.161855
2024/10/18,0.13748,0.117698,0.224465,0.164881,0.198088,0.15739
2024/10/21,0.135297,0.119477,0.223134,0.167627,0.196002,0.158463
2024/10/22,0.135635,0.117354,0.22475,0.165723,0.197411,0.159126
2024/10/23,0.136768,0.116309,0.222518,0.165524,0.19809,0.160791
2024/10/24,0.136553,0.116833,0.224535,0.165286,0.197263,0.15953
2024/10/25,0.135565,0.117274,0.224819,0.167119,0.196309,0.158913
2024/10/28,0.134552,0.116775,0.225448,0.166473,0.197035,0.159718
2024/10/29,0.134868,0.115986,0.228007,0.165059,0.194811,0.161269
2024/10/30,0.134246,0.115149,0.228203,0.163489,0.194741,0.164172
2024/10/31,0.133893,0.118015,0.223222,0.165751,0.195055,0.164064
2024/11/1,0.136183,0.113899,0.225912,0.16217,0.198279,0.163556
2024/11/4,0.136399,0.115557,0.224017,0.163593,0.198893,0.161541
2024/11/5,0.13626,0.114799,0.225755,0.161596,0.201968,0.159622
2024/11/6,0.134387,0.115149,0.230205,0.161059,0.200238,0.158961
2024/11/7,0.134879,0.117265,0.231855,0.162957,0.200181,0.152864
2024/11/8,0.133783,0.117609,0.232624,0.163162,0.198459,0.154363
2024/11/11,0.13045,0.123466,0.23072,0.167983,0.194753,0.152628
2024/11/12,0.130784,0.122047,0.233512,0.166376,0.195424,0.151856
2024/11/13,0.131033,0.122516,0.232313,0.16727,0.195656,0.151212
2024/11/14,0.133233,0.120282,0.234205,0.164637,0.197229,0.150414
2024/11/15,0.135135,0.116833,0.233058,0.161473,0.200286,0.153216
2024/11/18,0.137152,0.114493,0.233415,0.15799,0.202603,0.154348
2024/11/19,0.135177,0.116944,0.232098,0.160535,0.200633,0.154613
2024/11/20,0.134481,0.117041,0.231727,0.161139,0.200873,0.154739
2024/11/21,0.133722,0.11764,0.231308,0.161813,0.199484,0.156034
2024/11/22,0.133148,0.114823,0.235339,0.158089,0.198077,0.160523
2024/11/25,0.13391,0.114049,0.236404,0.157015,0.199227,0.159395
2024/11/26,0.135222,0.113607,0.238009,0.156151,0.199936,0.157075
2024/11/27,0.134793,0.116343,0.23321,0.159325,0.199643,0.156685
2024/11/29,0.133556,0.118286,0.233137,0.161295,0.19794,0.155786
2024/12/2,0.132652,0.118319,0.234746,0.161991,0.197493,0.154799
2024/12/3,0.134193,0.116394,0.2351,0.159918,0.199171,0.155224
2024/12/4,0.134118,0.115807,0.237308,0.158723,0.19929,0.154753
2024/12/5,0.136759,0.112207,0.233827,0.153852,0.204417,0.158939
2024/12/6,0.137127,0.112532,0.233768,0.154339,0.205114,0.157121
2024/12/9,0.137964,0.111074,0.232843,0.153263,0.206422,0.158434
2024/12/10,0.13886,0.111712,0.231475,0.153717,0.205807,0.158429
2024/12/11,0.136884,0.111208,0.234711,0.152803,0.205191,0.159203
2024/12/12,0.138026,0.111771,0.232393,0.152813,0.205337,0.159661
2024/12/13,0.136907,0.111017,0.236949,0.151468,0.203855,0.159804
2024/12/16,0.137987,0.108728,0.240115,0.149107,0.205547,0.158516
2024/12/17,0.138264,0.10787,0.240157,0.148665,0.205908,0.159137
2024/12/18,0.139856,0.110755,0.232267,0.150868,0.207462,0.158792
2024/12/19,0.138755,0.112847,0.231514,0.152713,0.2058,0.158372
2024/12/20,0.137681,0.116286,0.231669,0.154514,0.203153,0.156696
2024/12/23,0.139425,0.113835,0.233507,0.152249,0.203128,0.157856
2024/12/24,0.1397,0.114639,0.234154,0.152861,0.202906,0.15574
2024/12/26,0.140023,0.116401,0.232562,0.153589,0.202158,0.155266
2024/12/27,0.140683,0.115414,0.230726,0.153341,0.203645,0.156191
2024/12/30,0.142338,0.115129,0.227959,0.153783,0.205128,0.155663
2024/12/31,0.142928,0.112243,0.22929,0.151399,0.206642,0.157499
2025/1/2,0.142124,0.109735,0.232218,0.148571,0.205621,0.16173
2025/1/3,0.141452,0.108151,0.236313,0.14683,0.203937,0.163317
2025/1/6,0.141759,0.103762,0.236514,0.142533,0.210771,0.164661
2025/1/7,0.141826,0.107749,0.231007,0.14558,0.210003,0.163836
2025/1/8,0.142498,0.107637,0.230307,0.145105,0.210268,0.164185
2025/1/9,0.141935,0.107755,0.231119,0.145213,0.20864,0.165339
2025/1/10,0.142328,0.108041,0.229299,0.144793,0.208098,0.16744
2025/1/13,0.141292,0.108191,0.22927,0.145526,0.206913,0.168808
2025/1/14,0.141566,0.110511,0.226418,0.148229,0.207423,0.165853
2025/1/15,0.141789,0.109861,0.229715,0.146786,0.206473,0.165376
2025/1/16,0.143679,0.106705,0.229254,0.144391,0.209132,0.166839
2025/1/17,0.141936,0.108336,0.231181,0.144964,0.207567,0.166015
2025/1/21,0.141175,0.10967,0.231366,0.146037,0.205825,0.165927
2025/1/22,0.139052,0.109871,0.234442,0.146026,0.203305,0.167304
2025/1/23,0.141668,0.107929,0.234069,0.144132,0.205417,0.166784
2025/1/24,0.141645,0.108626,0.23227,0.14505,0.205622,0.166787
2025/1/27,0.144727,0.106313,0.227609,0.143548,0.210153,0.167649
2025/2/5,0.141449,0.103999,0.234748,0.1425,0.210659,0.166644
2025/2/6,0.140216,0.10687,0.233844,0.145133,0.208859,0.165078
2025/2/7,0.139987,0.107409,0.231301,0.146314,0.209335,0.165654
2025/2/10,0.138898,0.107944,0.231903,0.147399,0.207221,0.166635
2025/2/11,0.139985,0.106699,0.231109,0.145593,0.209067,0.167547
2025/2/12,0.140242,0.108395,0.230068,0.147089,0.208421,0.165785
2025/2/13,0.140614,0.105583,0.233608,0.144152,0.209082,0.166961
2025/2/14,0.140829,0.10485,0.233826,0.144436,0.208806,0.167253
2025/2/18,0.142095,0.104502,0.234601,0.143224,0.20898,0.166598
2025/2/19,0.140448,0.107427,0.232945,0.145393,0.207418,0.16637
2025/2/20,0.140501,0.107239,0.232299,0.14541,0.207395,0.167156
2025/2/21,0.138019,0.11355,0.226482,0.152647,0.204439,0.164862
2025/2/24,0.137307,0.114588,0.224276,0.153573,0.204656,0.1656
2025/2/25,0.136912,0.115728,0.222697,0.154457,0.203911,0.166295
2025/2/26,0.136646,0.117438,0.221708,0.156521,0.203898,0.163789
2025/2/27,0.138723,0.118009,0.216621,0.156873,0.206172,0.163603
2025/2/28,0.139577,0.113572,0.222586,0.152329,0.207717,0.16422
2025/3/3,0.140771,0.112339,0.219871,0.151497,0.209747,0.165775
2025/3/4,0.139712,0.11434,0.217783,0.15301,0.208464,0.166693
2025/3/5,0.140263,0.11106,0.227385,0.147717,0.209297,0.164278
2025/3/6,0.139518,0.114524,0.221282,0.152575,0.208291,0.16381
2025/3/7,0.13998,0.113161,0.223318,0.151044,0.208419,0.164078
2025/3/10,0.140162,0.114384,0.217368,0.152271,0.209518,0.166298
2025/3/11,0.141195,0.11407,0.216984,0.151749,0.21088,0.165123
2025/3/12,0.140718,0.11338,0.219231,0.150576,0.210452,0.165643
2025/3/13,0.142491,0.111005,0.216875,0.148658,0.213039,0.167932
2025/3/14,0.141996,0.111155,0.218811,0.148839,0.211536,0.167663
2025/3/17,0.142172,0.110574,0.219395,0.148006,0.211845,0.168008
2025/3/18,0.142185,0.11131,0.216197,0.14894,0.211904,0.169465
2025/3/19,0.143445,0.109247,0.21796,0.146582,0.212334,0.170432
2025/3/20,0.143293,0.108779,0.218434,0.145633,0.212323,0.171538
2025/3/21,0.142789,0.106796,0.220994,0.143835,0.213337,0.172248
2025/3/24,0.142776,0.106857,0.223768,0.143071,0.212887,0.17064
2025/3/25,0.143533,0.104771,0.225283,0.141358,0.214491,0.170564
2025/3/26,0.142475,0.105649,0.222486,0.141874,0.215178,0.172338
2025/3/27,0.142653,0.106777,0.220585,0.142877,0.214949,0.172159
2025/3/28,0.143215,0.105693,0.216595,0.142425,0.215883,0.17619
2025/3/31,0.143266,0.105977,0.216056,0.141199,0.215456,0.178046
2025/4/1,0.142147,0.105433,0.217195,0.141049,0.215359,0.178816
2025/4/2,0.142913,0.104796,0.21812,0.140425,0.216192,0.177554
2025/4/3,0.144705,0.105156,0.209286,0.141216,0.218839,0.180798
2025/4/7,0.142618,0.098201,0.226048,0.139254,0.214079,0.1798
2025/4/8,0.143943,0.098233,0.220863,0.140611,0.217046,0.179305
2025/4/9,0.137718,0.099331,0.237241,0.14119,0.208961,0.175558
2025/4/10,0.138817,0.100728,0.228197,0.14291,0.210449,0.178897
2025/4/11,0.137146,0.103694,0.229065,0.14361,0.206502,0.179983
2025/4/14,0.137201,0.103325,0.229107,0.143189,0.206888,0.180291
2025/4/15,0.138801,0.102158,0.228867,0.141748,0.20848,0.179946
2025/4/16,0.139748,0.10273,0.221695,0.142443,0.209606,0.183777
2025/4/17,0.139517,0.103287,0.220967,0.142431,0.209315,0.184484
2025/4/21,0.139392,0.103342,0.216238,0.143111,0.20905,0.188867
2025/4/22,0.138704,0.101731,0.219135,0.141107,0.207804,0.191518
2025/4/23,0.138788,0.102347,0.225069,0.141392,0.20796,0.184445
2025/4/24,0.139204,0.100518,0.228951,0.139069,0.208226,0.184033
2025/4/25,0.138687,0.100187,0.23136,0.139221,0.207991,0.182554
2025/4/28,0.139887,0.10041,0.231128,0.138963,0.208842,0.180771
2025/4/29,0.13924,0.100747,0.232081,0.138923,0.208002,0.181006
2025/4/30,0.137012,0.102157,0.23318,0.140546,0.205494,0.181611
2025/5/6,0.138919,0.099653,0.234154,0.140858,0.208545,0.177871
2025/5/7,0.139974,0.099003,0.233476,0.140464,0.208943,0.178139
2025/5/8,0.141245,0.098214,0.235488,0.139847,0.209697,0.175509
2025/5/9,0.14346,0.095912,0.235956,0.137586,0.211664,0.175421
2025/5/12,0.143028,0.095861,0.243523,0.137621,0.210823,0.169144
2025/5/13,0.143982,0.094786,0.245087,0.136346,0.211198,0.1686
2025/5/14,0.144592,0.094878,0.245522,0.136421,0.211633,0.166954
2025/5/15,0.145719,0.094197,0.247971,0.135976,0.212712,0.163424
2025/5/16,0.144476,0.093853,0.248986,0.135273,0.211528,0.165883
2025/5/19,0.143717,0.093921,0.248653,0.135044,0.211461,0.167204
2025/5/20,0.143914,0.094073,0.247673,0.135298,0.212071,0.166971
2025/5/21,0.14449,0.09326,0.243987,0.134646,0.212726,0.170892
2025/5/22,0.145431,0.092721,0.243607,0.13366,0.213073,0.171508
2025/5/23,0.145314,0.092061,0.243463,0.133454,0.21331,0.172399
2025/5/27,0.14474,0.09155,0.248397,0.132221,0.212546,0.170547
2025/5/28,0.144673,0.091242,0.247593,0.132027,0.213675,0.170789
2025/5/29,0.144049,0.09267,0.247647,0.133735,0.212976,0.168923
2025/5/30,0.144888,0.091539,0.247148,0.132622,0.213616,0.170186
2025/6/3,0.145816,0.091465,0.247688,0.131603,0.213066,0.170363
2025/6/4,0.145537,0.09131,0.247795,0.13184,0.213437,0.170082
2025/6/5,0.14276,0.095031,0.239443,0.142227,0.213901,0.166638
2025/6/6,0.142871,0.094673,0.241268,0.141314,0.213871,0.166003
2025/6/9,0.143186,0.094891,0.241588,0.142161,0.213895,0.164279
2025/6/10,0.144183,0.092837,0.243552,0.14,0.214694,0.164736
2025/6/11,0.144609,0.092649,0.242698,0.139746,0.215071,0.165227
2025/6/12,0.145011,0.091601,0.242807,0.139046,0.215366,0.166169
2025/6/13,0.144343,0.091884,0.240707,0.138999,0.214835,0.169233
2025/6/16,0.145362,0.091355,0.242737,0.138053,0.214829,0.167664
2025/6/17,0.145982,0.091204,0.241791,0.137829,0.215687,0.167506
2025/6/18,0.146659,0.091751,0.240943,0.138021,0.216021,0.166606
2025/6/20,0.148403,0.091564,0.240268,0.136869,0.216927,0.165969
2025/6/23,0.149149,0.09143,0.241136,0.136574,0.216686,0.165025
2025/6/24,0.148731,0.092607,0.242742,0.138024,0.215737,0.162159
2025/6/25,0.148969,0.093609,0.241426,0.139182,0.215537,0.161277
2025/6/26,0.149978,0.09245,0.242644,0.137989,0.215736,0.161203
2025/6/27,0.14725,0.093262,0.24558,0.138938,0.214479,0.16049
2025/6/30,0.146159,0.094605,0.245823,0.140308,0.213192,0.159912
2025/7/1,0.148022,0.093642,0.243117,0.138988,0.214824,0.161407
2025/7/2,0.149132,0.091987,0.244932,0.13748,0.215337,0.161132
2025/7/3,0.148544,0.091688,0.246219,0.137279,0.214624,0.161647
2025/7/7,0.147741,0.094216,0.238087,0.141208,0.213887,0.164862
2025/7/8,0.146937,0.095106,0.237469,0.142609,0.212763,0.165115
2025/7/9,0.147544,0.093998,0.239327,0.141558,0.21401,0.163562
2025/7/10,0.148699,0.093385,0.238254,0.140789,0.214446,0.164428
2025/7/11,0.146431,0.095218,0.237976,0.142874,0.212904,0.164597
2025/7/14,0.146774,0.09418,0.23789,0.142089,0.213466,0.165601
2025/7/15,0.145815,0.094568,0.238804,0.14288,0.212208,0.165724
2025/7/16,0.145353,0.095023,0.239365,0.143269,0.211805,0.165185
2025/7/17,0.144685,0.095346,0.240278,0.144081,0.211034,0.164577
2025/7/18,0.145209,0.094955,0.239674,0.144004,0.211481,0.164679
2025/7/21,0.143986,0.094918,0.240599,0.143939,0.211242,0.165315
2025/7/22,0.142661,0.095337,0.239204,0.145124,0.211643,0.166031
2025/7/23,0.142483,0.095883,0.238782,0.145029,0.210889,0.166935
2025/7/24,0.140995,0.097228,0.239993,0.147116,0.209991,0.164676
2025/7/25,0.140174,0.099471,0.23953,0.149379,0.207766,0.163681
2025/7/28,0.140295,0.099289,0.240549,0.149501,0.207158,0.163208
2025/7/29,0.138667,0.101311,0.2402,0.15152,0.205972,0.162329
2025/7/30,0.13955,0.100221,0.240518,0.150003,0.206898,0.162809
2025/7/31,0.139759,0.100311,0.241218,0.149498,0.205872,0.163341
2025/8/1,0.141049,0.099553,0.238582,0.149098,0.207245,0.164473
2025/8/4,0.140463,0.100295,0.239659,0.14908,0.206058,0.164445
2025/8/5,0.14213,0.097502,0.236954,0.145466,0.212303,0.165644
2025/8/6,0.141308,0.097786,0.238978,0.145557,0.211577,0.164793
2025/8/7,0.141465,0.098087,0.238973,0.144914,0.211646,0.164916
2025/8/8,0.141228,0.096399,0.241696,0.143198,0.212151,0.165327
2025/8/11,0.140352,0.097427,0.241867,0.144511,0.211532,0.16431
2025/8/12,0.139428,0.0997,0.242536,0.14576,0.210286,0.16229
2025/8/13,0.138046,0.100921,0.242343,0.146812,0.209293,0.162584
2025/8/14,0.137732,0.101924,0.241729,0.147512,0.208805,0.162298
2025/8/15,0.13585,0.103762,0.240674,0.149536,0.208229,0.161949
2025/8/18,0.13546,0.105006,0.239095,0.151711,0.207549,0.161178
2025/8/19,0.136372,0.104474,0.237498,0.150974,0.208858,0.161824
2025/8/20,0.135623,0.108108,0.234062,0.154101,0.208389,0.159717
2025/8/21,0.136355,0.107314,0.232729,0.154208,0.209346,0.160048
2025/8/22,0.132665,0.114544,0.230264,0.162743,0.203655,0.156129
2025/8/25,0.132137,0.116735,0.226774,0.166021,0.203101,0.155232
2025/8/26,0.131807,0.115421,0.228677,0.164571,0.203452,0.156071
2025/8/27,0.130122,0.116741,0.229758,0.165496,0.20092,0.156963
2025/8/28,0.127699,0.123199,0.225688,0.17286,0.196758,0.153795
2025/8/29,0.128053,0.121114,0.225351,0.171827,0.197927,0.155728
2025/9/2,0.128931,0.119054,0.223718,0.169992,0.19906,0.159245
2025/9/3,0.128119,0.118032,0.226548,0.16752,0.197953,0.161828
2025/9/4,0.131385,0.109836,0.232451,0.159516,0.201977,0.164835
2025/9/5,0.132848,0.110685,0.230532,0.160527,0.202635,0.162773
2025/9/8,0.131801,0.109795,0.230887,0.160939,0.202332,0.164248
2025/9/9,0.132982,0.107333,0.231741,0.158065,0.20337,0.166509
2025/9/10,0.132632,0.109174,0.231258,0.159121,0.202314,0.165501
2025/9/11,0.13105,0.114535,0.228329,0.164465,0.199504,0.162118
2025/9/12,0.128926,0.116265,0.228768,0.165734,0.197769,0.162538
2025/9/15,0.127854,0.116835,0.230714,0.166001,0.196427,0.162169
2025/9/16,0.126148,0.118248,0.229612,0.167432,0.195019,0.16354
2025/9/17,0.125486,0.119801,0.228755,0.168642,0.19528,0.162037
2025/9/18,0.123524,0.121746,0.231544,0.170127,0.192063,0.160996
2025/9/19,0.123668,0.12006,0.233397,0.168167,0.193256,0.161452
2025/9/22,0.121073,0.124111,0.231747,0.171462,0.189661,0.161945
2025/9/23,0.122331,0.124295,0.229124,0.170555,0.19027,0.163426
2025/9/24,0.120725,0.127815,0.22614,0.174316,0.188137,0.162867
2025/9/25,0.120086,0.128736,0.22562,0.176537,0.186893,0.162129
2025/9/26,0.120651,0.127346,0.227198,0.174399,0.187542,0.162863
2025/9/29,0.119319,0.129002,0.226373,0.175482,0.186245,0.163578
2025/9/30,0.117825,0.130927,0.225664,0.177321,0.183857,0.164405
2025/10/9,0.11991,0.12933,0.224446,0.175188,0.185621,0.165504
2025/10/10,0.123538,0.124383,0.222948,0.170132,0.191702,0.167297
2025/10/13,0.122421,0.125228,0.223425,0.169545,0.189708,0.169673
2025/10/14,0.126016,0.119641,0.223314,0.163705,0.194036,0.173288
2025/10/15,0.125512,0.120013,0.222374,0.164276,0.193077,0.174748
2025/10/16,0.127062,0.118785,0.221325,0.162645,0.193962,0.176221
2025/10/17,0.12735,0.114632,0.223735,0.157679,0.19443,0.182176
2025/10/20,0.127258,0.115148,0.226392,0.15826,0.194562,0.178381
2025/10/21,0.126277,0.117465,0.223619,0.160783,0.193067,0.17879
2025/10/22,0.128247,0.118333,0.223112,0.161729,0.195448,0.173131
2025/10/23,0.128963,0.117369,0.224596,0.161177,0.196263,0.171633
2025/10/24,0.126832,0.121999,0.22397,0.16567,0.192861,0.168668
2025/10/27,0.125927,0.123228,0.225857,0.166819,0.191608,0.166562
2025/10/28,0.126662,0.122835,0.229054,0.166761,0.192827,0.161862
2025/10/29,0.123949,0.123095,0.229521,0.168301,0.190943,0.16419
2025/10/30,0.125115,0.121894,0.228539,0.166839,0.19291,0.164703
2025/10/31,0.125814,0.117683,0.230997,0.16303,0.194098,0.168378
2025/11/3,0.127177,0.115947,0.23149,0.161243,0.196256,0.167888
2025/11/4,0.129953,0.115446,0.228032,0.160122,0.19876,0.167687
2025/11/5,0.133281,0.112713,0.229926,0.157295,0.202256,0.164529
2025/11/6,0.131893,0.116697,0.224482,0.161197,0.200887,0.164844
2025/11/7,0.132312,0.11563,0.224894,0.159682,0.20184,0.165641
2025/11/10,0.132058,0.113658,0.227427,0.157578,0.202019,0.167259
2025/11/11,0.132715,0.111747,0.227202,0.155727,0.202882,0.169728
2025/11/12,0.13329,0.111284,0.226968,0.154848,0.204255,0.169355
2025/11/13,0.132948,0.112713,0.222722,0.15661,0.203547,0.17146
2025/11/14,0.134544,0.110334,0.224914,0.154073,0.204842,0.171293
2025/11/17,0.13397,0.111133,0.225452,0.154649,0.205124,0.169673
2025/11/18,0.134252,0.112836,0.224435,0.155789,0.204741,0.167948
2025/11/19,0.134857,0.111422,0.224757,0.153854,0.204527,0.170584
2025/11/20,0.136769,0.110968,0.22188,0.153004,0.206626,0.170754
2025/11/21,0.137209,0.107721,0.225926,0.150263,0.206965,0.171916
2025/11/24,0.135612,0.107731,0.229695,0.150779,0.204808,0.171375
2025/11/25,0.13615,0.107775,0.228833,0.150164,0.204302,0.172776
2025/11/26,0.134742,0.109653,0.229708,0.151101,0.202575,0.172222
2025/11/28,0.133656,0.110639,0.229964,0.151627,0.201582,0.172531
2025/12/1,0.133909,0.110766,0.228028,0.151923,0.201861,0.173511
2025/12/2,0.134232,0.109389,0.230298,0.150528,0.202218,0.173335
2025/12/3,0.133736,0.109266,0.231533,0.14995,0.202222,0.173293
2025/12/4,0.132873,0.111405,0.230716,0.151477,0.200839,0.17269
2025/12/5,0.135612,0.108912,0.232076,0.148632,0.204263,0.170506
2025/12/8,0.13505,0.111347,0.230654,0.15064,0.202919,0.16939
2025/12/9,0.135335,0.111209,0.231648,0.150672,0.202477,0.168659
2025/12/10,0.133528,0.111386,0.232715,0.150903,0.201888,0.169581
2025/12/11,0.134542,0.110082,0.232861,0.149404,0.202477,0.170633
2025/12/12,0.133987,0.112054,0.228417,0.151751,0.201409,0.172382
2025/12/15,0.134754,0.10907,0.228497,0.149266,0.202998,0.175413
2025/12/16,0.135141,0.108021,0.230765,0.147698,0.203653,0.174722
2025/12/17,0.134755,0.110421,0.225817,0.150635,0.202992,0.17538
2025/12/18,0.136604,0.108456,0.227907,0.14791,0.204016,0.175107
2025/12/19,0.135796,0.107928,0.230108,0.147951,0.203422,0.174796
2025/12/22,0.134008,0.110001,0.229209,0.149764,0.200677,0.176341
2025/12/23,0.133659,0.110335,0.228931,0.149425,0.199805,0.177845
2025/12/24,0.132843,0.111582,0.22856,0.15029,0.199278,0.177446
2025/12/26,0.132635,0.111204,0.228712,0.150038,0.199679,0.177731
2025/12/29,0.13386,0.111609,0.227622,0.149998,0.199747,0.177163
2025/12/30,0.13392,0.11333,0.227608,0.151715,0.199865,0.173562
2025/12/31,0.134896,0.112359,0.227172,0.150988,0.201173,0.173411
2026/1/5,0.134834,0.113589,0.227071,0.151824,0.201866,0.170817
2026/1/6,0.134345,0.114633,0.226521,0.153197,0.200345,0.170959
2026/1/7,0.133148,0.117161,0.226432,0.154272,0.198914,0.170073
2026/1/8,0.132283,0.118219,0.22572,0.155806,0.198148,0.169825
2026/1/9,0.131007,0.118489,0.226373,0.157033,0.197079,0.170019
2026/1/12,0.130204,0.118721,0.224508,0.159166,0.195585,0.171817
2026/1/13,0.131933,0.115199,0.225841,0.156104,0.197539,0.173384
2026/1/14,0.129564,0.11781,0.223023,0.158993,0.195355,0.175255
2026/1/15,0.128783,0.119622,0.223635,0.158327,0.194934,0.174699
2026/1/16,0.127188,0.12269,0.22314,0.159937,0.192997,0.174047
2026/1/20,0.127836,0.121145,0.218744,0.157362,0.196413,0.1785
2026/1/21,0.124164,0.124175,0.218104,0.160321,0.192124,0.181112
2026/1/22,0.123536,0.123939,0.219349,0.160754,0.192134,0.180288
2026/1/23,0.121991,0.123378,0.218938,0.161245,0.190692,0.183757
2026/1/26,0.122008,0.120975,0.218828,0.158644,0.190928,0.188618
2026/1/27,0.121067,0.123466,0.219405,0.15985,0.188813,0.187399
2026/1/28,0.119541,0.123529,0.218022,0.158642,0.187892,0.192374
2026/1/29,0.120891,0.118385,0.216066,0.153661,0.189842,0.201154
2026/1/30,0.122119,0.121691,0.216346,0.155932,0.192281,0.191632
2026/2/2,0.126623,0.119866,0.225234,0.155499,0.196917,0.17586
2026/2/3,0.124502,0.120402,0.219171,0.156091,0.194628,0.185207
2026/2/4,0.125731,0.117512,0.214483,0.153854,0.196675,0.191747
2026/2/5,0.13117,0.114683,0.217961,0.15017,0.201862,0.184155
2026/2/6,0.130901,0.113567,0.222614,0.149309,0.201377,0.182231
2026/2/9,0.129484,0.115786,0.221203,0.150689,0.199443,0.183395
2026/2/10,0.12949,0.116795,0.219495,0.15163,0.199488,0.183102
2026/2/11,0.129896,0.115224,0.220128,0.150244,0.20018,0.184329
2026/2/12,0.128589,0.11819,0.216074,0.153229,0.19909,0.184828
2026/2/13,0.128562,0.118714,0.217417,0.15315,0.198452,0.183704
2026/2/24,0.127112,0.117231,0.218281,0.151335,0.19773,0.188311
2026/2/25,0.126105,0.117808,0.220343,0.151623,0.196768,0.187353
2026/2/26,0.125967,0.119499,0.21756,0.153002,0.196625,0.187347
2026/2/27,0.126016,0.119142,0.216993,0.153327,0.197304,0.187219
2026/3/2,0.125713,0.116623,0.215668,0.149914,0.197525,0.194557
2026/3/3,0.128905,0.111901,0.216854,0.144747,0.202461,0.195131
2026/3/4,0.128441,0.112169,0.221223,0.145064,0.201495,0.191608
2026/3/5,0.131837,0.111732,0.222654,0.144194,0.202784,0.186799
2026/3/6,0.132348,0.112238,0.220168,0.145389,0.204208,0.185648
2026/3/9,0.131775,0.110346,0.223727,0.143323,0.204706,0.186122
2026/3/10,0.131306,0.112487,0.221985,0.145403,0.202995,0.185824
2026/3/11,0.132373,0.110725,0.22185,0.143433,0.204932,0.186687
2026/3/12,0.133865,0.109913,0.219645,0.142532,0.207042,0.187003
2026/3/13,0.135091,0.108887,0.219684,0.142273,0.20847,0.185595
2026/3/16,0.135104,0.110713,0.221275,0.142882,0.207814,0.182212
2026/3/17,0.136667,0.10798,0.222819,0.140384,0.209098,0.183053
2026/3/18,0.136253,0.110295,0.219948,0.14232,0.20863,0.182554
2026/3/19,0.138112,0.109333,0.222975,0.141172,0.211246,0.177163
2026/3/20,0.139392,0.109534,0.221411,0.140769,0.213155,0.175739
2026/3/23,0.140422,0.108518,0.233198,0.140337,0.214616,0.162908
2026/3/24,0.140477,0.109037,0.226861,0.140653,0.214372,0.1686
2026/3/25,0.139278,0.110062,0.224792,0.141109,0.212569,0.172189
2026/3/26,0.141586,0.109388,0.222964,0.140237,0.215251,0.170574
2026/3/27,0.141322,0.110529,0.2199,0.141863,0.215102,0.171284
2026/3/30,0.141699,0.109852,0.218046,0.140489,0.216449,0.173465
2026/3/31,0.14211,0.10599,0.224269,0.136584,0.216351,0.174696
2026/4/1,0.140144,0.108073,0.222932,0.138778,0.213219,0.176854
2026/4/2,0.142068,0.105883,0.224661,0.136311,0.215931,0.175146
2026/4/7,0.140032,0.106443,0.230491,0.1392,0.211632,0.172202
2026/4/8,0.13717,0.109923,0.229676,0.143268,0.207456,0.172508
2026/4/9,0.136775,0.110802,0.232493,0.143149,0.207114,0.169667
2026/4/10,0.135803,0.11216,0.231497,0.144391,0.205742,0.170406
2026/4/13,0.135452,0.112752,0.233097,0.145068,0.204523,0.169108
2026/4/14,0.134918,0.113899,0.234015,0.146271,0.202867,0.16803
2026/4/15,0.135373,0.113026,0.235421,0.145447,0.202674,0.168059
2026/4/16,0.134399,0.113784,0.235692,0.14649,0.201742,0.167893
2026/4/17,0.133571,0.114536,0.238034,0.146271,0.200919,0.166669
2026/4/20,0.134081,0.115584,0.235981,0.148039,0.200458,0.165857
2026/4/21,0.135068,0.114665,0.235758,0.146334,0.202248,0.165927
2026/4/22,0.13326,0.116577,0.23796,0.147669,0.200047,0.164487
2026/4/23,0.134335,0.115452,0.237973,0.146576,0.202155,0.163509
2026/4/24,0.132899,0.117326,0.240459,0.147447,0.200352,0.161517
2026/4/27,0.131311,0.121394,0.238004,0.151412,0.197154,0.160726
2026/4/28,0.132725,0.120606,0.23749,0.150577,0.199247,0.159355
2026/4/29,0.132217,0.120817,0.238692,0.150998,0.199747,0.157529
2026/4/30,0.129358,0.126175,0.237361,0.156027,0.195418,0.15566
2026/5/6,0.128145,0.128053,0.23677,0.158018,0.193745,0.155268
2026/5/7,0.127169,0.129877,0.235177,0.159283,0.192144,0.15635
2026/5/8,0.127466,0.126783,0.240965,0.156264,0.192646,0.155876
2026/5/11,0.125735,0.131824,0.238456,0.161013,0.190115,0.152857
2026/5/12,0.125418,0.133384,0.236405,0.161578,0.189936,0.153279
2026/5/13,0.123972,0.13553,0.23647,0.163968,0.188184,0.151876
2026/5/14,0.124923,0.133474,0.239404,0.16085,0.188856,0.152492
2026/5/15,0.126064,0.133139,0.238987,0.160364,0.190265,0.151181
2026/5/18,0.125171,0.134263,0.238566,0.161946,0.189582,0.150471
2026/5/19,0.124301,0.137917,0.234358,0.16602,0.18872,0.148684
2026/5/20,0.121883,0.142406,0.235508,0.169129,0.186,0.145074
2026/5/21,0.123681,0.137288,0.238461,0.165183,0.187464,0.147923
2026/5/22,0.122778,0.139101,0.238325,0.166685,0.185928,0.147184
2026/5/26,0.120979,0.142818,0.237901,0.170541,0.18306,0.144702
2026/5/27,0.121961,0.140633,0.240497,0.167886,0.18409,0.144932
2026/5/28,0.120892,0.143517,0.241405,0.169942,0.182766,0.141479
2026/5/29,0.123739,0.136927,0.243463,0.162861,0.187274,0.145736
2026/6/1,0.126507,0.13038,0.247456,0.156903,0.191916,0.146838
2026/6/2,0.126214,0.132299,0.24676,0.158093,0.190153,0.146481
2026/6/3,0.124787,0.136418,0.245487,0.160991,0.188236,0.14408
2026/6/4,0.123639,0.138611,0.244649,0.162256,0.186364,0.14448
2026/6/5,0.129913,0.132977,0.235628,0.156998,0.194155,0.15033
2026/6/8,0.132231,0.129139,0.242066,0.152588,0.196986,0.14699
2026/6/9,0.131381,0.134188,0.236644,0.15691,0.194959,0.145919
2026/6/10,0.134296,0.135002,0.233791,0.157041,0.197525,0.142346
2026/6/11,0.133202,0.136368,0.239862,0.157198,0.194859,0.138511
2026/6/12,0.134419,0.13406,0.240018,0.156246,0.195603,0.139654
2026/6/15,0.12951,0.138587,0.241372,0.160125,0.189471,0.140936
2026/6/16,0.128696,0.140736,0.238521,0.161811,0.187959,0.142277
2026/6/17,0.126239,0.146836,0.233891,0.167246,0.185155,0.140633
2026/6/18,0.121907,0.151331,0.237065,0.171665,0.179273,0.138759
2026/6/22,0.122228,0.154223,0.235773,0.174108,0.178757,0.134911
2026/6/23,0.124903,0.154345,0.231447,0.173339,0.181718,0.134248
2026/6/24,0.121344,0.160253,0.229335,0.178666,0.177614,0.132788
2026/6/25,0.11931,0.164937,0.229077,0.183571,0.174316,0.128788
2026/6/26,0.119278,0.164295,0.228326,0.182105,0.174942,0.131054
2026/6/29,0.117154,0.168041,0.227927,0.186033,0.172171,0.128674
2026/6/30,0.113377,0.173027,0.228935,0.191143,0.167368,0.12615
2026/7/1,0.115465,0.170555,0.228042,0.188801,0.170885,0.126252
2026/7/2,0.11989,0.161149,0.230642,0.179294,0.176705,0.13232
2026/7/6,0.121986,0.157162,0.228383,0.175114,0.180823,0.136532
2026/7/7,0.122636,0.15847,0.225631,0.176279,0.180712,0.136272
2026/7/8,0.122918,0.159296,0.224919,0.176343,0.181327,0.135198
2026/7/9,0.118609,0.167969,0.221939,0.185563,0.174807,0.131113
2026/7/10,0.121661,0.160006,0.22694,0.179042,0.178804,0.133548
2026/7/13,0.125256,0.156134,0.225923,0.17535,0.183814,0.133524
2026/7/14,0.12474,0.156754,0.226892,0.17563,0.184237,0.131746
2026/7/15,0.127749,0.15069,0.228881,0.170755,0.188678,0.133246
2026/7/16,0.129225,0.146342,0.230113,0.167601,0.190939,0.135779
2026/7/17,0.133597,0.13807,0.233153,0.160302,0.196424,0.138454
2026/7/20,0.135739,0.134802,0.231885,0.159686,0.200127,0.137761
2026/7/21,0.128566,0.146788,0.228118,0.170073,0.191182,0.135274
2026/7/22,0.130313,0.144294,0.227928,0.166961,0.192939,0.137565
2026/7/23,0.133033,0.140358,0.227231,0.16348,0.196647,0.139251
2026/7/24,0.134029,0.141931,0.225971,0.16405,0.196087,0.137932
2026/7/27,0.13333,0.142991,0.223857,0.16527,0.19572,0.138831
2026/7/28,0.138054,0.135608,0.226325,0.15862,0.201346,0.140047
2026/7/29,0.139092,0.134724,0.223125,0.158309,0.204105,0.140646
2026/7/30,0.142966,0.126222,0.231066,0.150776,0.207981,0.140988
2026/7/31,0.14008,0.1293,0.230561,0.153857,0.205626,0.140576
2026/8/3,0.142319,0.122535,0.236927,0.148154,0.20823,0.141835
2026/8/4,0.137113,0.127269,0.24139,0.152119,0.201712,0.140396
2026/8/5,0.134601,0.131064,0.234369,0.154715,0.198967,0.146283
2026/8/6,0.134281,0.131864,0.232278,0.154532,0.19812,0.148925
2026/8/7,0.132259,0.13465,0.232608,0.15683,0.195326,0.148327
2026/8/10,0.132521,0.134145,0.231351,0.155984,0.19572,0.150279
2026/8/11,0.133081,0.132593,0.231804,0.154323,0.196758,0.151442
2026/8/12,0.131735,0.134362,0.23177,0.155668,0.194673,0.151792
2026/8/13,0.132503,0.133063,0.234443,0.154227,0.19473,0.151034
2026/8/14,0.132112,0.133957,0.23476,0.154624,0.194583,0.149964
2026/8/17,0.129999,0.138444,0.231138,0.158481,0.19222,0.149718
2026/8/18,0.13091,0.138842,0.227937,0.158811,0.19321,0.15029
2026/8/19,0.135608,0.131255,0.231398,0.151228,0.199034,0.151477
2026/8/20,0.135887,0.130327,0.229432,0.1497,0.199801,0.154852
2026/8/21,0.13526,0.130244,0.229671,0.149481,0.198377,0.156967
2026/8/24,0.137432,0.126664,0.228434,0.145576,0.201075,0.160819
2026/8/25,0.136677,0.126271,0.229964,0.145853,0.200913,0.16032
2026/8/26,0.136846,0.127534,0.22862,0.147295,0.200317,0.159389
2026/8/27,0.134143,0.131701,0.229379,0.151042,0.197224,0.156511
2026/8/28,0.134481,0.129638,0.229444,0.149491,0.198954,0.157991
2026/8/31,0.136185,0.131598,0.22895,0.150996,0.19986,0.152411
2026/9/1,0.139399,0.128668,0.227433,0.148674,0.203262,0.152564
2026/9/2,0.140655,0.127621,0.229898,0.14738,0.203896,0.15055
2026/9/3,0.1395,0.126596,0.231449,0.146334,0.202958,0.153162
2026/9/4,0.141021,0.123468,0.23249,0.143743,0.20433,0.154947
2026/9/8,0.139405,0.12357,0.232191,0.142859,0.205876,0.156101
2026/9/9,0.139873,0.123031,0.23183,0.142174,0.206807,0.156285
2026/9/10,0.14203,0.122412,0.229737,0.14141,0.207717,0.156694
