date,strategy_value,principal,benchmark_value
2023-01-03,0.0,0.0,0.0
2023-01-04,0.0,0.0,0.0
2023-01-05,4196.82,4200.0,4195.8
2023-01-06,4217.76,4200.0,4191.43
2023-01-09,4221.85,4200.0,4189.4
2023-01-10,4214.41,4200.0,4162.04
2023-01-11,4229.06,4200.0,4177.18
2023-01-12,4228.63,4200.0,4171.36
2023-01-13,4243.56,4200.0,4208.31
2023-01-16,4273.35,4200.0,
2023-01-17,4290.25,4200.0,4212.97
2023-01-18,4287.39,4200.0,4227.81
2023-01-19,4304.31,4200.0,4240.62
2023-01-20,4348.78,4200.0,4275.25
2023-01-30,4370.64,4200.0,4272.04
2023-01-31,4354.75,4200.0,4279.61
2023-02-01,4396.78,4200.0,4299.69
2023-02-02,4444.09,4200.0,4302.31
2023-02-03,4409.08,4200.0,4270.59
2023-02-06,8577.64,8400.0,8457.66
2023-02-07,8624.49,8400.0,8490.58
2023-02-08,8547.63,8400.0,8441.49
2023-02-09,8621.16,8400.0,8509.06
2023-02-10,8588.47,8400.0,8532.74
2023-02-13,8632.88,8400.0,8561.03
2023-02-14,8654.38,8400.0,8604.93
2023-02-15,8663.18,8400.0,8581.82
2023-02-16,8578.86,8400.0,8541.98
2023-02-17,8510.98,8400.0,8515.99
2023-02-20,8609.22,8400.0,
2023-02-21,8564.06,8400.0,8782.8
2023-02-22,8566.88,8400.0,8784.53
2023-02-23,8591.68,8400.0,8785.69
2023-02-24,8544.78,8400.0,8766.05
2023-02-27,8542.78,8400.0,8728.51
2023-02-28,8557.75,8400.0,8774.14
2023-03-01,8582.89,8400.0,8834.77
2023-03-02,8581.45,8400.0,8884.44
2023-03-03,8692.31,8400.0,8959.52
2023-03-06,12903.81,12600.0,13142.03
2023-03-07,12809.87,12600.0,13098.77
2023-03-08,12828.46,12600.0,13097.07
2023-03-09,12788.66,12600.0,13067.38
2023-03-10,12681.06,12600.0,12852.74
2023-03-13,12756.25,12600.0,13018.17
2023-03-14,12868.92,12600.0,12944.37
2023-03-15,12923.23,12600.0,13155.61
2023-03-16,12985.16,12600.0,13038.53
2023-03-17,13088.99,12600.0,13191.24
2023-03-20,13201.3,12600.0,13153.06
2023-03-21,13202.88,12600.0,13104.71
2023-03-22,13178.26,12600.0,13182.76
2023-03-23,13335.64,12600.0,13192.09
2023-03-24,13287.19,12600.0,13102.16
2023-03-27,13206.52,12600.0,13002.05
2023-03-28,13128.93,12600.0,13035.14
2023-03-29,13265.2,12600.0,12980.0
2023-03-30,13339.18,12600.0,13039.38
2023-03-31,13443.03,12600.0,13068.23
2023-04-03,13588.7,12600.0,13176.82
2023-04-04,13652.27,12600.0,13248.08
2023-04-06,17938.67,16800.0,17341.23
2023-04-07,17997.72,16800.0,
2023-04-10,17853.23,16800.0,17363.61
2023-04-11,17840.45,16800.0,17548.27
2023-04-12,17934.87,16800.0,17802.32
2023-04-13,17923.52,16800.0,17830.3
2023-04-14,18083.8,16800.0,17775.46
2023-04-17,18154.23,16800.0,17984.74
2023-04-18,18127.83,16800.0,18008.24
2023-04-19,18159.18,16800.0,18021.67
2023-04-20,18306.23,16800.0,18148.14
2023-04-21,18010.43,16800.0,17932.14
2023-04-24,17905.53,16800.0,17953.4
2023-04-25,17861.14,16800.0,18077.63
2023-04-26,17833.99,16800.0,18091.06
2023-04-27,17965.0,16800.0,18140.3
2023-04-28,18144.79,16800.0,18407.78
2023-05-04,18168.11,16800.0,18835.29
2023-05-05,22446.38,21000.0,23055.71
2023-05-08,22683.52,21000.0,23634.43
2023-05-09,22451.09,21000.0,23397.75
2023-05-10,22272.26,21000.0,22895.64
2023-05-11,22270.09,21000.0,22829.97
2023-05-12,22134.21,21000.0,22611.07
2023-05-15,22240.94,21000.0,22538.56
2023-05-16,22188.74,21000.0,22325.13
2023-05-17,22239.5,21000.0,22260.83
2023-05-18,22451.77,21000.0,22474.26
2023-05-19,22399.5,21000.0,22193.79
2023-05-22,22364.71,21000.0,22166.43
2023-05-23,22088.53,21000.0,21861.34
2023-05-24,21965.14,21000.0,21580.87
2023-05-25,22124.78,21000.0,21470.05
2023-05-26,22450.85,21000.0,21755.99
2023-05-29,22478.93,21000.0,
2023-05-30,22572.77,21000.0,21944.79
2023-05-31,22601.6,21000.0,21798.4
2023-06-01,22650.57,21000.0,21891.44
2023-06-02,22715.95,21000.0,21913.33
2023-06-05,26946.41,25200.0,26332.13
2023-06-06,26767.62,25200.0,26156.37
2023-06-07,26728.46,25200.0,26382.58
2023-06-08,26807.46,25200.0,26561.6
2023-06-09,26958.75,25200.0,26579.5
2023-06-12,26956.62,25200.0,26389.09
2023-06-13,27179.43,25200.0,26366.31
2023-06-14,27108.5,25200.0,26211.7
2023-06-15,27120.99,25200.0,26249.13
2023-06-16,27161.26,25200.0,26192.17
2023-06-19,27069.04,25200.0,
2023-06-20,27023.67,25200.0,25604.66
2023-06-21,26652.41,25200.0,25406.11
2023-06-26,26373.83,25200.0,24981.35
2023-06-27,26607.89,25200.0,25446.8
2023-06-28,26620.81,25200.0,25557.47
2023-06-29,26544.34,25200.0,25497.25
2023-06-30,26741.4,25200.0,25601.41
2023-07-03,26917.82,25200.0,25930.15
2023-07-04,26940.52,25200.0,
2023-07-05,31036.39,29400.0,29984.36
2023-07-06,30935.32,29400.0,29925.7
2023-07-07,30828.41,29400.0,29991.93
2023-07-10,30848.53,29400.0,30090.33
2023-07-11,30997.99,29400.0,30152.77
2023-07-12,30934.38,29400.0,30054.38
2023-07-13,31324.07,29400.0,30474.45
2023-07-14,31276.37,29400.0,30542.57
2023-07-17,31234.48,29400.0,30342.0
2023-07-18,31266.69,29400.0,30292.8
2023-07-19,31339.27,29400.0,30514.19
2023-07-20,31030.58,29400.0,30351.46
2023-07-21,30923.36,29400.0,30332.53
2023-07-24,30891.2,29400.0,30353.35
2023-07-25,31231.63,29400.0,30881.28
2023-07-26,31191.08,29400.0,30824.52
2023-07-27,31150.66,29400.0,30879.39
2023-07-28,31540.28,29400.0,31327.85
2023-07-31,31672.12,29400.0,31581.41
2023-08-01,31651.93,29400.0,31649.53
2023-08-02,31330.43,29400.0,31254.05
2023-08-03,31393.59,29400.0,31297.57
2023-08-04,31402.28,29400.0,31350.56
2023-08-07,35548.49,33600.0,35357.13
2023-08-08,35443.23,33600.0,35339.96
2023-08-09,35227.92,33600.0,35123.11
2023-08-10,35247.23,33600.0,35178.93
2023-08-11,34835.89,33600.0,34667.94
2023-08-14,34841.54,33600.0,34682.97
2023-08-15,34728.87,33600.0,34856.88
2023-08-16,34504.94,33600.0,34743.09
2023-08-17,34457.64,33600.0,34713.03
2023-08-18,34375.86,33600.0,34577.77
2023-08-21,34330.02,33600.0,34371.65
2023-08-22,34544.47,33600.0,34777.44
2023-08-23,34483.74,33600.0,34740.94
2023-08-24,34313.43,33600.0,34552.0
2023-08-25,34258.37,33600.0,34556.3
2023-08-28,34545.25,33600.0,34989.99
2023-08-29,34971.02,33600.0,34962.08
2023-08-30,35140.81,33600.0,34691.56
2023-08-31,35179.53,33600.0,34453.24
2023-09-01,35194.82,33600.0,34695.85
2023-09-04,35496.93,33600.0,
2023-09-05,39495.06,37800.0,39179.35
2023-09-06,39529.73,37800.0,39109.62
2023-09-07,39055.45,37800.0,38989.39
2023-09-08,39120.4,37800.0,38765.77
2023-09-11,39351.41,37800.0,39073.55
2023-09-12,39139.48,37800.0,39001.42
2023-09-13,39103.97,37800.0,39100.0
2023-09-14,39249.32,37800.0,39388.55
2023-09-15,39063.4,37800.0,39386.14
2023-09-18,38941.67,37800.0,39350.07
2023-09-19,38970.0,37800.0,39585.72
2023-09-20,38806.41,37800.0,39701.13
2023-09-21,38507.11,37800.0,39407.78
2023-09-22,38833.34,37800.0,39681.9
2023-09-25,38819.99,37800.0,39600.14
2023-09-26,38601.77,37800.0,39520.8
2023-09-27,38425.58,37800.0,39419.8
2023-09-28,38406.45,37800.0,39400.57
2023-10-09,42619.85,42000.0,43456.91
2023-10-10,42726.97,42000.0,43036.39
2023-10-11,42933.55,42000.0,42935.25
2023-10-12,43173.17,42000.0,43443.6
2023-10-13,42994.04,42000.0,43371.74
2023-10-16,43027.99,42000.0,43574.01
2023-10-17,43180.77,42000.0,43773.62
2023-10-18,42910.2,42000.0,43564.86
2023-10-19,42642.17,42000.0,42797.68
2023-10-20,42395.6,42000.0,42542.84
2023-10-23,41993.32,42000.0,41962.69
2023-10-24,42252.2,42000.0,42271.74
2023-10-25,42063.83,42000.0,42678.39
2023-10-26,42028.91,42000.0,42868.16
2023-10-27,42274.13,42000.0,42979.3
2023-10-30,42396.29,42000.0,42293.43
2023-10-31,42440.16,42000.0,42344.93
2023-11-01,42564.2,42000.0,42353.08
2023-11-02,42670.1,42000.0,42466.94
2023-11-03,42947.54,42000.0,42260.91
2023-11-06,47309.62,46200.0,46399.78
2023-11-07,47392.42,46200.0,46411.69
2023-11-08,47476.69,46200.0,46429.57
2023-11-09,47287.0,46200.0,46548.1
2023-11-10,47446.09,46200.0,46238.11
2023-11-13,47495.41,46200.0,46444.78
2023-11-14,47908.61,46200.0,46438.7
2023-11-15,47981.15,46200.0,46769.96
2023-11-16,47792.45,46200.0,46769.96
2023-11-17,47801.5,46200.0,46663.6
2023-11-20,47919.06,46200.0,46745.64
2023-11-21,47736.43,46200.0,46882.38
2023-11-22,47528.95,46200.0,46812.51
2023-11-23,47647.75,46200.0,
2023-11-24,47438.4,46200.0,46964.46
2023-11-27,47523.96,46200.0,46754.74
2023-11-28,47590.53,46200.0,46721.33
2023-11-29,47362.73,46200.0,46314.1
2023-11-30,47424.78,46200.0,46481.24
2023-12-01,47530.01,46200.0,46700.06
2023-12-04,47429.28,46200.0,46772.97
2023-12-05,51130.28,50400.0,50275.9
2023-12-06,51037.65,50400.0,50209.6
2023-12-07,51212.02,50400.0,50299.11
2023-12-08,51467.36,50400.0,50136.65
2023-12-11,51808.46,50400.0,50704.5
2023-12-12,51936.13,50400.0,50986.75
2023-12-13,51733.38,50400.0,50600.33
2023-12-14,51743.59,50400.0,50533.13
2023-12-15,51560.71,50400.0,50230.73
2023-12-18,51516.95,50400.0,50193.76
2023-12-19,51649.29,50400.0,50166.88
2023-12-20,51334.16,50400.0,50072.8
2023-12-21,51599.17,50400.0,49955.18
2023-12-22,51551.54,50400.0,49971.98
2023-12-25,51433.27,50400.0,
2023-12-26,51282.83,50400.0,49951.83
2023-12-27,51539.85,50400.0,50284.49
2023-12-28,51787.29,50400.0,50103.03
2023-12-29,51822.27,50400.0,50381.93
2023-12-31,51818.56,50400.0,50375.19
2024-01-02,51509.69,50400.0,50879.23
2024-01-03,51412.55,50400.0,51484.05
2024-01-04,51334.25,50400.0,51877.18
2024-01-05,55450.41,54600.0,56241.0
2024-01-08,55168.42,54600.0,55754.43
2024-01-09,55232.87,54600.0,56070.34
2024-01-10,55127.67,54600.0,55699.99
2024-01-11,55267.66,54600.0,55371.08
2024-01-12,55162.63,54600.0,55575.76
2024-01-15,55336.73,54600.0,
2024-01-16,55540.15,54600.0,56218.99
2024-01-17,54855.76,54600.0,55535.53
2024-01-18,55164.37,54600.0,55181.02
2024-01-19,55384.57,54600.0,54874.01
2024-01-22,54642.24,54600.0,53412.08
2024-01-23,54921.77,54600.0,53887.2
2024-01-24,55318.74,54600.0,55096.98
2024-01-25,55982.23,54600.0,56635.67
2024-01-26,55889.53,54600.0,57359.32
2024-01-29,55819.58,54600.0,57476.28
2024-01-30,55045.77,54600.0,56825.73
2024-01-31,54524.96,54600.0,56778.19
2024-02-01,54620.23,54600.0,56182.46
2024-02-02,54653.22,54600.0,56193.43
2024-02-05,58819.72,58800.0,60327.1
2024-02-06,59963.14,58800.0,61275.99
2024-02-07,60656.04,58800.0,62066.75
2024-02-08,60891.12,58800.0,61940.21
2024-02-19,61607.06,58800.0,
2024-02-20,61382.88,58800.0,63897.36
2024-02-21,61591.7,58800.0,64158.31
2024-02-22,62421.67,58800.0,65012.33
2024-02-23,62450.24,58800.0,64976.73
2024-02-26,62115.6,58800.0,63592.91
2024-02-27,62879.18,58800.0,63928.99
2024-02-28,62003.94,58800.0,63403.11
2024-02-29,63124.33,58800.0,63980.38
2024-03-01,63564.49,58800.0,63984.34
2024-03-04,63654.94,58800.0,64304.59
2024-03-05,67897.27,63000.0,68943.21
2024-03-06,67834.21,63000.0,68922.16
2024-03-07,67956.43,63000.0,69184.83
2024-03-08,67988.65,63000.0,69587.21
2024-03-11,68088.26,63000.0,69146.69
2024-03-12,67909.03,63000.0,67575.16
2024-03-13,67592.35,63000.0,67388.82
2024-03-14,67381.91,63000.0,67596.37
2024-03-15,67386.23,63000.0,67774.26
2024-03-18,67832.16,63000.0,67748.84
2024-03-19,67511.0,63000.0,67469.28
2024-03-20,67901.95,63000.0,67854.77
2024-03-21,68193.1,63000.0,68130.06
2024-03-22,67861.23,63000.0,67888.64
2024-03-25,67560.24,63000.0,68007.24
2024-03-26,67397.05,63000.0,68062.32
2024-03-27,67101.58,63000.0,67952.16
2024-03-28,67176.55,63000.0,67786.98
2024-03-29,67570.76,63000.0,
2024-03-31,67570.11,63000.0,68723.1
2024-04-01,68084.37,63000.0,68888.29
2024-04-02,67882.67,63000.0,69278.0
2024-04-03,67853.37,63000.0,69828.68
2024-04-08,72091.64,67200.0,74308.26
2024-04-09,72241.29,67200.0,73895.27
2024-04-10,71851.31,67200.0,74066.87
2024-04-11,72186.76,67200.0,74685.69
2024-04-12,72137.34,67200.0,74608.91
2024-04-15,72387.1,67200.0,75968.48
2024-04-16,72053.69,67200.0,75905.25
2024-04-17,72724.07,67200.0,77088.66
2024-04-18,72610.15,67200.0,77237.71
2024-04-19,71884.56,67200.0,77355.12
2024-04-22,71543.84,67200.0,75968.48
2024-04-23,71239.66,67200.0,74943.15
2024-04-24,71603.87,67200.0,74798.62
2024-04-25,71690.24,67200.0,75313.55
2024-04-26,72208.65,67200.0,74509.53
2024-04-29,72817.49,67200.0,74292.74
2024-04-30,72325.95,67200.0,74595.35
2024-05-06,77368.19,71400.0,79265.44
2024-05-07,77220.48,71400.0,79336.97
2024-05-08,77072.4,71400.0,79632.64
2024-05-09,77636.0,71400.0,80138.21
2024-05-10,77834.01,71400.0,80532.8
2024-05-13,77815.61,71400.0,81038.07
2024-05-14,77713.34,71400.0,80739.71
2024-05-15,77860.3,71400.0,80629.03
2024-05-16,78103.15,71400.0,80710.86
2024-05-17,78602.75,71400.0,81273.87
2024-05-20,79152.66,71400.0,82029.38
2024-05-21,79067.22,71400.0,82226.69
2024-05-22,79175.65,71400.0,82048.64
2024-05-23,78343.02,71400.0,81288.31
2024-05-24,77928.43,71400.0,81220.94
2024-05-27,78708.44,71400.0,
2024-05-28,78665.22,71400.0,82231.51
2024-05-29,78487.51,71400.0,82279.62
2024-05-30,78233.78,71400.0,81735.83
2024-05-31,78299.71,71400.0,81716.61
2024-06-03,78254.46,71400.0,81071.78
2024-06-04,78521.0,71400.0,81254.65
2024-06-05,82686.16,75600.0,84396.53
2024-06-06,82754.52,75600.0,84634.58
2024-06-07,82945.95,75600.0,85409.34
2024-06-11,82879.6,75600.0,83937.78
2024-06-12,83294.16,75600.0,84826.83
2024-06-13,83336.6,75600.0,83983.76
2024-06-14,83401.78,75600.0,84039.97
2024-06-17,83563.49,75600.0,83191.79
2024-06-18,83669.27,75600.0,83498.37
2024-06-19,83788.99,75600.0,
2024-06-20,83849.36,75600.0,83513.67
2024-06-21,83898.04,75600.0,83477.91
2024-06-24,82777.76,75600.0,82578.69
2024-06-25,82464.56,75600.0,82880.1
2024-06-26,82895.9,75600.0,83299.1
2024-06-27,82595.7,75600.0,83268.42
2024-06-28,82787.89,75600.0,84019.52
2024-06-30,82783.47,75600.0,84019.52
2024-07-01,83290.2,75600.0,85526.79
2024-07-02,83454.56,75600.0,85720.99
2024-07-03,83643.21,75600.0,84980.12
2024-07-04,83345.11,75600.0,
2024-07-05,87601.56,79800.0,88353.26
2024-07-08,87526.64,79800.0,87913.42
2024-07-09,88389.9,79800.0,88873.59
2024-07-10,88473.16,79800.0,87405.69
2024-07-11,88161.03,79800.0,87540.6
2024-07-12,88557.82,79800.0,87529.81
2024-07-15,88923.75,79800.0,88301.52
2024-07-16,89574.3,79800.0,88037.06
2024-07-17,88996.96,79800.0,87540.6
2024-07-18,89127.41,79800.0,87896.78
2024-07-19,88875.31,79800.0,87238.36
2024-07-22,88928.19,79800.0,86477.44
2024-07-23,87837.93,79800.0,86061.86
2024-07-24,87070.43,79800.0,86169.83
2024-07-25,86231.19,79800.0,85667.9
2024-07-26,86345.52,79800.0,85128.24
2024-07-29,86336.22,79800.0,85506.0
2024-07-30,86035.22,79800.0,84885.41
2024-07-31,87858.17,79800.0,85651.75
2024-08-01,87509.76,79800.0,85689.48
2024-08-02,86610.96,79800.0,85608.55
2024-08-05,88911.46,84000.0,88881.52
2024-08-06,89034.53,84000.0,88530.34
2024-08-07,88712.12,84000.0,88904.16
2024-08-08,89565.81,84000.0,88989.1
2024-08-09,89819.38,84000.0,89023.12
2024-08-12,89996.24,84000.0,89289.31
2024-08-13,90903.13,84000.0,89597.1
2024-08-14,90542.41,84000.0,89471.69
2024-08-15,91582.86,84000.0,90309.65
2024-08-16,91771.17,84000.0,90611.75
2024-08-19,92677.08,84000.0,91825.9
2024-08-20,92157.22,84000.0,90987.99
2024-08-21,92053.0,84000.0,90360.93
2024-08-22,91530.96,84000.0,90600.33
2024-08-23,91775.89,84000.0,90452.12
2024-08-26,91464.19,84000.0,90480.66
2024-08-27,91501.5,84000.0,90953.76
2024-08-28,90918.15,84000.0,90423.64
2024-08-29,90378.15,84000.0,88656.57
2024-08-30,90696.62,84000.0,88166.35
2024-09-02,90059.01,84000.0,
2024-09-03,89008.82,84000.0,87602.0
2024-09-04,88701.18,84000.0,87328.39
2024-09-05,92819.59,88200.0,91318.96
2024-09-06,91863.23,88200.0,90757.34
2024-09-09,91364.19,88200.0,89295.87
2024-09-10,91989.24,88200.0,89416.15
2024-09-11,91903.66,88200.0,87359.24
2024-09-12,92095.99,88200.0,87762.18
2024-09-13,92106.7,88200.0,87509.59
2024-09-18,91930.42,88200.0,88652.31
2024-09-19,92730.54,88200.0,88778.61
2024-09-20,92673.97,88200.0,88694.41
2024-09-23,93036.42,88200.0,89680.77
2024-09-24,95269.32,88200.0,93391.66
2024-09-25,95900.08,88200.0,94750.95
2024-09-26,98049.4,88200.0,97445.41
2024-09-27,99217.08,88200.0,97643.87
2024-09-30,105123.09,88200.0,102960.63
2024-10-08,114740.55,92400.0,108329.22
2024-10-09,111890.96,92400.0,100808.6
2024-10-10,112076.21,92400.0,104781.63
2024-10-11,109929.53,92400.0,102810.76
2024-10-14,112298.22,92400.0,105864.04
2024-10-15,110432.37,92400.0,103711.73
2024-10-16,110777.35,92400.0,105386.1
2024-10-17,110580.83,92400.0,104095.72
2024-10-18,114474.22,92400.0,104674.82
2024-10-21,114948.29,92400.0,104001.26
2024-10-22,114645.76,92400.0,104473.39
2024-10-23,114087.4,92400.0,104322.29
2024-10-24,114019.4,92400.0,103825.02
2024-10-25,114205.51,92400.0,103491.42
2024-10-28,114172.62,92400.0,103843.9
2024-10-29,113928.76,92400.0,102452.8
2024-10-30,113171.54,92400.0,101735.16
2024-10-31,112800.74,92400.0,101565.23
2024-11-01,112018.56,92400.0,102528.33
2024-11-04,112674.13,92400.0,103447.34
2024-11-05,118896.31,96600.0,108813.98
2024-11-06,119591.41,96600.0,108512.79
2024-11-07,121470.06,96600.0,110185.86
2024-11-08,120875.64,96600.0,108703.76
2024-11-11,122325.02,96600.0,107952.87
2024-11-12,120893.54,96600.0,107057.07
2024-11-13,121396.59,96600.0,107630.12
2024-11-14,119632.32,96600.0,106918.73
2024-11-15,117559.62,96600.0,106694.75
2024-11-18,118023.12,96600.0,108354.69
2024-11-19,119442.75,96600.0,108591.8
2024-11-20,119517.0,96600.0,108789.4
2024-11-21,120058.15,96600.0,108525.92
2024-11-22,118085.55,96600.0,105989.99
2024-11-25,117593.26,96600.0,106161.27
2024-11-26,117474.86,96600.0,106431.32
2024-11-27,118993.75,96600.0,107649.87
2024-11-28,118801.49,96600.0,
2024-11-29,119907.66,96600.0,107551.1
2024-12-02,120311.62,96600.0,107669.63
2024-12-03,120684.68,96600.0,108921.18
2024-12-04,120897.13,96600.0,109178.04
2024-12-05,125037.63,100800.0,113307.95
2024-12-06,126058.75,100800.0,114622.36
2024-12-09,125643.53,100800.0,114973.32
2024-12-10,126146.77,100800.0,115090.31
2024-12-11,126555.75,100800.0,115117.83
2024-12-12,126987.79,100800.0,115592.66
2024-12-13,125626.02,100800.0,113528.12
2024-12-16,125762.79,100800.0,114594.78
2024-12-17,125248.43,100800.0,114326.41
2024-12-18,125170.6,100800.0,115117.83
2024-12-19,125057.7,100800.0,114092.43
2024-12-20,125884.62,100800.0,113369.86
2024-12-23,126259.02,100800.0,113693.32
2024-12-24,127575.81,100800.0,114753.1
2024-12-25,128040.63,100800.0,
2024-12-26,128316.34,100800.0,114993.96
2024-12-27,127646.52,100800.0,115234.82
2024-12-30,127638.97,100800.0,116067.5
2024-12-31,125810.31,100800.0,115248.57
2025-01-02,123920.73,100800.0,112956.99
2025-01-03,123672.69,100800.0,111807.72
2025-01-06,128142.86,105000.0,116265.01
2025-01-07,128872.42,105000.0,116500.62
2025-01-08,129277.93,105000.0,117014.64
2025-01-09,128781.57,105000.0,115663.11
2025-01-10,127866.33,105000.0,114542.8
2025-01-13,127438.59,105000.0,113509.25
2025-01-14,128792.55,105000.0,114998.17
2025-01-15,129563.97,105000.0,115157.16
2025-01-16,128960.44,105000.0,116096.76
2025-01-17,129754.64,105000.0,115937.71
2025-01-20,129675.54,105000.0,
2025-01-21,129996.04,105000.0,115178.82
2025-01-22,129840.14,105000.0,113632.12
2025-01-23,130369.19,105000.0,115280.04
2025-01-24,130663.32,105000.0,115655.85
2025-01-27,129531.95,105000.0,117180.89
2025-02-05,135284.81,109200.0,119410.8
2025-02-06,136502.39,109200.0,119455.69
2025-02-07,136319.95,109200.0,119568.05
2025-02-10,137555.68,109200.0,119433.25
2025-02-11,137649.6,109200.0,120579.37
2025-02-12,138427.69,109200.0,120886.48
2025-02-13,138144.44,109200.0,121021.74
2025-02-14,138464.59,109200.0,121141.95
2025-02-17,138546.08,109200.0,
2025-02-18,138203.1,109200.0,121014.21
2025-02-19,139235.37,109200.0,121006.75
2025-02-20,139017.29,109200.0,120803.83
2025-02-21,139825.54,109200.0,119774.42
2025-02-24,139572.33,109200.0,119684.24
2025-02-25,138947.61,109200.0,118714.9
2025-02-26,139879.72,109200.0,119503.89
2025-02-27,139441.55,109200.0,120458.18
2025-02-28,137774.75,109200.0,119909.68
2025-03-03,136578.11,109200.0,120029.89
2025-03-04,137401.41,109200.0,120014.84
2025-03-05,142787.75,113400.0,125172.45
2025-03-06,142808.64,113400.0,124589.35
2025-03-07,142507.52,113400.0,124402.75
2025-03-10,141102.6,113400.0,123825.69
2025-03-11,141056.33,113400.0,124589.95
2025-03-12,141148.48,113400.0,124418.39
2025-03-13,140107.82,113400.0,125018.94
2025-03-14,142220.62,113400.0,126009.41
2025-03-17,142426.83,113400.0,126375.98
2025-03-18,142255.4,113400.0,126258.98
2025-03-19,142826.42,113400.0,127023.32
2025-03-20,142228.72,113400.0,126485.19
2025-03-21,141133.74,113400.0,126110.77
2025-03-24,142297.81,113400.0,126882.89
2025-03-25,142119.42,113400.0,127678.44
2025-03-26,141258.66,113400.0,127311.88
2025-03-27,141686.74,113400.0,127561.44
2025-03-28,140677.14,113400.0,127202.67
2025-03-31,141033.65,113400.0,127272.88
2025-04-01,141408.03,113400.0,127553.66
2025-04-02,141827.75,113400.0,128427.14
2025-04-03,140409.95,113400.0,128700.06
2025-04-07,136719.73,117600.0,126555.24
2025-04-08,137558.55,117600.0,129096.2
2025-04-09,142550.04,117600.0,128797.74
2025-04-10,142273.53,117600.0,129463.25
2025-04-11,144356.44,117600.0,128895.08
2025-04-14,145122.16,117600.0,129820.45
2025-04-15,145490.14,117600.0,131151.68
2025-04-16,145864.0,117600.0,132198.82
2025-04-17,146201.58,117600.0,132320.59
2025-04-18,146221.61,117600.0,
2025-04-21,145883.95,117600.0,131865.99
2025-04-22,147517.86,117600.0,132547.89
2025-04-23,146730.07,117600.0,131939.1
2025-04-24,147886.13,117600.0,133148.55
2025-04-25,147890.75,117600.0,133002.41
2025-04-28,147944.01,117600.0,133595.03
2025-04-29,148153.19,117600.0,133245.96
2025-04-30,147631.79,117600.0,131176.04
2025-05-06,153037.21,121800.0,135526.04
2025-05-07,153972.98,121800.0,136615.01
2025-05-08,154143.24,121800.0,137260.02
2025-05-09,153801.07,121800.0,138240.1
2025-05-12,154471.24,121800.0,138290.68
2025-05-13,155663.48,121800.0,139605.4
2025-05-14,156177.92,121800.0,140355.44
2025-05-15,154806.81,121800.0,139832.94
2025-05-16,154772.99,121800.0,139023.88
2025-05-19,155094.1,121800.0,139268.25
2025-05-20,155153.67,121800.0,139723.4
2025-05-21,155552.79,121800.0,140515.56
2025-05-22,155969.98,121800.0,141122.38
2025-05-23,154689.64,121800.0,140119.52
2025-05-26,154460.67,121800.0,
2025-05-27,154974.71,121800.0,139875.07
2025-05-28,154842.92,121800.0,140498.72
2025-05-29,155192.8,121800.0,140355.44
2025-05-30,155202.0,121800.0,140785.3
2025-06-03,157065.18,121800.0,142108.4
2025-06-04,157443.12,121800.0,142698.39
2025-06-05,161621.75,126000.0,145913.68
2025-06-06,161972.23,126000.0,146209.55
2025-06-09,162021.48,126000.0,146270.48
2025-06-10,161639.83,126000.0,146470.67
2025-06-11,161624.5,126000.0,146714.32
2025-06-12,161919.8,126000.0,147184.27
2025-06-13,161332.11,126000.0,146287.88
2025-06-16,162123.73,126000.0,147001.55
2025-06-17,161153.26,126000.0,146705.61
2025-06-18,161744.31,126000.0,147471.51
2025-06-19,161389.73,126000.0,
2025-06-20,161420.25,126000.0,147793.49
2025-06-23,162466.17,126000.0,148585.42
2025-06-24,163515.0,126000.0,148890.07
2025-06-25,164805.22,126000.0,149925.72
2025-06-26,165332.09,126000.0,150543.65
2025-06-27,163954.77,126000.0,148420.12
2025-06-30,164674.12,126000.0,148176.4
2025-07-01,164910.9,126000.0,149525.4
2025-07-02,164833.86,126000.0,149812.57
2025-07-03,165410.49,126000.0,149838.75
2025-07-04,166010.23,126000.0,
2025-07-07,169842.05,130200.0,156068.24
2025-07-08,170385.5,130200.0,155745.4
2025-07-09,170222.31,130200.0,156507.74
2025-07-10,170674.34,130200.0,157243.25
2025-07-11,170498.84,130200.0,155951.65
2025-07-14,171095.97,130200.0,156911.39
2025-07-15,170684.09,130200.0,155610.85
2025-07-16,170456.29,130200.0,155108.5
2025-07-17,170792.87,130200.0,154848.43
2025-07-18,171182.12,130200.0,155530.12
2025-07-21,171365.39,130200.0,155521.1
2025-07-22,171317.03,130200.0,155772.31
2025-07-23,172147.62,130200.0,155969.62
2025-07-24,171620.89,130200.0,154830.46
2025-07-25,172343.51,130200.0,153834.87
2025-07-28,172284.7,130200.0,153332.61
2025-07-29,172333.96,130200.0,152498.4
2025-07-30,172259.32,130200.0,153117.33
2025-07-31,171160.56,130200.0,151386.23
2025-08-01,169976.44,130200.0,151341.36
2025-08-04,171907.77,130200.0,152184.51
2025-08-05,176832.35,134400.0,158156.28
2025-08-06,177604.65,134400.0,158303.68
2025-08-07,178075.79,134400.0,158775.02
2025-08-08,177899.86,134400.0,158996.79
2025-08-11,177300.48,134400.0,157998.75
2025-08-12,178976.57,134400.0,158553.25
2025-08-13,178945.24,134400.0,157776.98
2025-08-14,179321.73,134400.0,157740.0
2025-08-15,179312.11,134400.0,157296.46
2025-08-18,180375.35,134400.0,157712.28
2025-08-19,179328.63,134400.0,157786.25
2025-08-20,181037.51,134400.0,158932.08
2025-08-21,181090.1,134400.0,159708.35
2025-08-22,185579.3,134400.0,159218.56
2025-08-25,187597.75,134400.0,160512.26
2025-08-26,186886.26,134400.0,160179.6
2025-08-27,186064.12,134400.0,157490.51
2025-08-28,190312.53,134400.0,157749.26
2025-08-29,188389.93,134400.0,157083.96
2025-09-01,189235.02,134400.0,
2025-09-02,188585.11,134400.0,158146.62
2025-09-03,187656.47,134400.0,156492.55
2025-09-04,184320.45,134400.0,156835.4
2025-09-05,190182.16,138600.0,160326.89
2025-09-08,190647.72,138600.0,160479.13
2025-09-09,190450.82,138600.0,161135.85
2025-09-10,191150.14,138600.0,160888.37
2025-09-11,194439.52,138600.0,161383.25
2025-09-12,194779.74,138600.0,160260.2
2025-09-15,194724.53,138600.0,159127.72
2025-09-16,195438.95,138600.0,158566.15
2025-09-17,195763.11,138600.0,159042.0
2025-09-18,195313.98,138600.0,156063.14
2025-09-19,195185.9,138600.0,156929.2
2025-09-22,197509.68,138600.0,155844.21
2025-09-23,198308.72,138600.0,156976.77
2025-09-24,200374.53,138600.0,156834.04
2025-09-25,200178.94,138600.0,155644.39
2025-09-26,199558.63,138600.0,155701.48
2025-09-29,200875.26,138600.0,155644.39
2025-09-30,201953.44,138600.0,154473.77
2025-10-09,210095.71,142800.0,158907.53
2025-10-10,204833.24,142800.0,160002.31
2025-10-13,208162.16,142800.0,160911.4
2025-10-14,206980.55,142800.0,163648.52
2025-10-15,209003.11,142800.0,164430.55
2025-10-16,209215.45,142800.0,165352.13
2025-10-17,208130.56,142800.0,164891.3
2025-10-20,208063.12,142800.0,164950.1
2025-10-21,210285.14,142800.0,165430.56
2025-10-22,208941.68,142800.0,166401.16
2025-10-23,209067.74,142800.0,167195.35
2025-10-24,211682.33,142800.0,166352.13
2025-10-27,213217.65,142800.0,166469.82
2025-10-28,211620.18,142800.0,166273.7
2025-10-29,212031.37,142800.0,164969.73
2025-10-30,210107.28,142800.0,165156.0
2025-10-31,208721.23,142800.0,165077.57
2025-11-03,209001.56,142800.0,167136.55
2025-11-04,208474.54,142800.0,168842.45
2025-11-05,212689.81,147000.0,173038.25
2025-11-06,214077.86,147000.0,172987.92
2025-11-07,213115.91,147000.0,173028.15
2025-11-10,214775.62,147000.0,174529.75
2025-11-11,214417.55,147000.0,174983.17
2025-11-12,214447.98,147000.0,176192.44
2025-11-13,214910.09,147000.0,175960.72
2025-11-14,212842.35,147000.0,175376.25
2025-11-17,210999.23,147000.0,174096.36
2025-11-18,209986.81,147000.0,172937.5
2025-11-19,210696.42,147000.0,173340.59
2025-11-20,209404.64,147000.0,174046.02
2025-11-21,206761.89,147000.0,172131.32
2025-11-24,207679.37,147000.0,171093.33
2025-11-25,209407.18,147000.0,172091.0
2025-11-26,210055.14,147000.0,171163.87
2025-11-27,210289.36,147000.0,
2025-11-28,211163.98,147000.0,171224.3
2025-12-01,212224.96,147000.0,172322.81
2025-12-02,211689.12,147000.0,172191.75
2025-12-03,210706.96,147000.0,171395.67
2025-12-04,211231.94,147000.0,170647.74
2025-12-05,215460.91,151200.0,173964.21
2025-12-08,216371.29,151200.0,173549.95
2025-12-09,215756.44,151200.0,172679.94
2025-12-10,215425.51,151200.0,171913.52
2025-12-11,214449.28,151200.0,171633.9
2025-12-12,214806.46,151200.0,171012.46
2025-12-15,213847.13,151200.0,171592.5
2025-12-16,212156.12,151200.0,170784.68
2025-12-17,213001.71,151200.0,170908.96
2025-12-18,213923.04,151200.0,172514.26
2025-12-19,214278.03,151200.0,172296.73
2025-12-22,216020.69,151200.0,171354.27
2025-12-23,217330.61,151200.0,171644.25
2025-12-24,218036.08,151200.0,171747.83
2025-12-25,217895.04,151200.0,
2025-12-26,217545.79,151200.0,171706.43
2025-12-29,217603.13,151200.0,171810.02
2025-12-30,217199.77,151200.0,171592.5
2025-12-31,215852.02,151200.0,171644.25
2026-01-05,223158.73,155400.0,175715.76
2026-01-06,225056.57,155400.0,175874.99
2026-01-07,225554.6,155400.0,175004.9
2026-01-08,225063.38,155400.0,173951.38
2026-01-09,226367.32,155400.0,174015.27
2026-01-12,228472.74,155400.0,174302.61
2026-01-13,226792.77,155400.0,174749.63
2026-01-14,227121.84,155400.0,173068.13
2026-01-15,227052.49,155400.0,172642.41
2026-01-16,227563.5,155400.0,171312.06
2026-01-19,227574.14,155400.0,
2026-01-20,226829.05,155400.0,173781.11
2026-01-21,230074.64,155400.0,172418.86
2026-01-22,230332.64,155400.0,172621.12
2026-01-23,231359.41,155400.0,172089.01
2026-01-26,232159.2,155400.0,172897.77
2026-01-27,233704.73,155400.0,172120.91
2026-01-28,235329.12,155400.0,172472.14
2026-01-29,236059.43,155400.0,174802.82
2026-01-30,232838.61,155400.0,174632.55
2026-02-02,224876.94,155400.0,172727.5
2026-02-03,226988.81,155400.0,172323.08
2026-02-04,227720.38,155400.0,174696.44
2026-02-05,230145.22,159600.0,180813.72
2026-02-06,229973.79,159600.0,180245.45
2026-02-09,233274.66,159600.0,181075.96
2026-02-10,233827.13,159600.0,181545.9
2026-02-11,233538.16,159600.0,181950.25
2026-02-12,232827.45,159600.0,180409.37
2026-02-13,231326.67,159600.0,178671.73
2026-02-24,233392.68,159600.0,179611.6
2026-02-25,234162.19,159600.0,179327.38
2026-02-26,233933.01,159600.0,179021.45
2026-02-27,233796.98,159600.0,179535.08
2026-03-02,235624.91,159600.0,181141.54
2026-03-03,231974.17,159600.0,182791.8
2026-03-04,230411.05,159600.0,180693.5
2026-03-05,235645.59,163800.0,185229.06
2026-03-06,235036.59,163800.0,186047.81
2026-03-09,234577.37,163800.0,186137.5
2026-03-10,235899.54,163800.0,185621.59
2026-03-11,235956.61,163800.0,187438.56
2026-03-12,234697.69,163800.0,188358.2
2026-03-13,233423.49,163800.0,188627.44
2026-03-16,234272.14,163800.0,188717.13
2026-03-17,233401.13,163800.0,189176.95
2026-03-18,233174.91,163800.0,188571.35
2026-03-19,229602.73,163800.0,188010.56
2026-03-20,226908.21,163800.0,187483.36
2026-03-23,218285.47,163800.0,181595.13
2026-03-24,222543.04,163800.0,184926.22
2026-03-25,225818.8,163800.0,186070.21
2026-03-26,222898.3,163800.0,185980.53
2026-03-27,222285.87,163800.0,185341.15
2026-03-30,222693.57,163800.0,186844.07
2026-03-31,223409.19,163800.0,187360.07
2026-04-01,226785.95,163800.0,187438.56
2026-04-02,224822.65,163800.0,188178.82
2026-04-03,224106.25,163800.0,
2026-04-07,228678.74,168000.0,189211.71
2026-04-08,235219.73,168000.0,190783.17
2026-04-09,233960.06,168000.0,189448.63
2026-04-10,235333.89,168000.0,189299.07
2026-04-13,235974.31,168000.0,188689.31
2026-04-14,238843.48,168000.0,189437.18
2026-04-15,240435.25,168000.0,190518.61
2026-04-16,241327.85,168000.0,190345.96
2026-04-17,241862.21,168000.0,189989.39
2026-04-20,243298.82,168000.0,190679.62
2026-04-21,242382.73,168000.0,191657.5
2026-04-22,244078.29,168000.0,190898.27
2026-04-23,242930.18,168000.0,192002.7
2026-04-24,244895.73,168000.0,191830.15
2026-04-27,247003.42,168000.0,190392.06
2026-04-28,245293.84,168000.0,191082.28
2026-04-29,245402.52,168000.0,191646.04
2026-04-30,249076.88,168000.0,190299.96
2026-05-06,259391.83,172200.0,193655.98
2026-05-07,260600.02,172200.0,192950.37
2026-05-08,259841.9,172200.0,192891.55
2026-05-11,263284.83,172200.0,192879.74
2026-05-12,263340.76,172200.0,192738.19
2026-05-13,266003.2,172200.0,192891.55
2026-05-14,264570.7,172200.0,192537.63
2026-05-15,261066.41,172200.0,191405.25
2026-05-18,260521.7,172200.0,190320.09
2026-05-19,263285.48,172200.0,191464.27
2026-05-20,266279.43,172200.0,190850.87
2026-05-21,262958.94,172200.0,189954.47
2026-05-22,264374.13,172200.0,189411.89
2026-05-25,269421.18,172200.0,
2026-05-26,268883.91,172200.0,189671.37
2026-05-27,265882.83,172200.0,188609.72
2026-05-28,266620.45,172200.0,187772.25
2026-05-29,264926.05,172200.0,191181.18
2026-06-01,261979.69,172200.0,193740.83
2026-06-02,264117.54,172200.0,193528.46
2026-06-03,264791.15,172200.0,192065.87
2026-06-04,264436.34,172200.0,189900.58
2026-06-05,262845.63,176400.0,194569.69
2026-06-08,259776.01,176400.0,195101.78
2026-06-09,262672.19,176400.0,195246.84
2026-06-10,260866.25,176400.0,196456.09
2026-06-11,262269.82,176400.0,194847.75
2026-06-12,263525.78,176400.0,196528.67
2026-06-15,269611.26,176400.0,194763.1
2026-06-16,268067.81,176400.0,192102.74
2026-06-17,270842.24,176400.0,191195.88
2026-06-18,273572.18,176400.0,186987.59
2026-06-22,274769.67,176400.0,187265.75
2026-06-23,271584.46,176400.0,188160.64
2026-06-24,273020.93,176400.0,184883.54
2026-06-25,275364.69,176400.0,183009.2
2026-06-26,273182.72,176400.0,182211.02
2026-06-29,279367.35,176400.0,183384.07
2026-06-30,282228.96,176400.0,180094.81
2026-07-01,278963.37,176400.0,181751.5
2026-07-02,271695.8,176400.0,183045.4
2026-07-03,272173.16,176400.0,
2026-07-06,279333.6,180600.0,191086.68
2026-07-07,278220.75,180600.0,190208.8
2026-07-08,279998.39,180600.0,192075.78
2026-07-09,287741.63,180600.0,190289.68
2026-07-10,282225.49,180600.0,190909.85
