date,策略净值,基准净值,策略收益率
2022-06-29,10000000.0,10000000.0,0.0
2022-06-30,10000000.0,10037169.5024851,0.0
2022-07-01,9944247.2835,10017388.148801155,-0.0055752716499999355
2022-07-04,9928414.2835,10033896.894984053,-0.0015921768182767249
2022-07-05,10110860.2835,10111745.665277507,0.018376146964697693
2022-07-06,9872095.2835,9881102.600276403,-0.023614706692134058
2022-07-07,9879546.2835,9869284.039831774,0.0007547536552299228
2022-07-08,9866139.2835,9876224.500421723,-0.0013570461249208243
2022-07-11,9784264.2835,9869687.77768726,-0.008298585459555308
2022-07-12,10008736.2835,9968904.517620252,0.022942143987110475
2022-07-13,9982872.2835,9934469.150559979,-0.0025841424199215535
2022-07-14,9888200.2835,9792505.95528318,-0.00948344297226733
2022-07-15,9792742.2835,9651188.45472528,-0.009653728409939943
2022-07-18,10114180.2835,9872019.48092855,0.03282410490283172
2022-07-19,10104900.2835,9856906.133419124,-0.0009175236885127225
2022-07-20,10205468.2835,9896892.29561913,0.009952399051796235
2022-07-21,10055261.2835,9714116.218317024,-0.014718285905885531
2022-07-22,9999132.2835,9697170.686303953,-0.005582052859442244
2022-07-25,9978122.2835,9710318.012977416,-0.002101182323057116
2022-07-26,10012086.2835,9785670.50522916,0.0034038468396166977
2022-07-27,10002299.2835,9738001.771864265,-0.0009775185433757994
2022-07-28,10072530.2835,9763825.83625334,0.007021485561410357
2022-07-29,10010773.2835,9713990.439917354,-0.0061312300148816945
2022-08-01,10079047.2835,9777713.154165518,0.006820052564024293
2022-08-02,9898843.2835,9669792.29445097,-0.01787907080215856
2022-08-03,9794385.2835,9546779.126844645,-0.010552546091331383
2022-08-04,9769604.2835,9606331.652611302,-0.0025301230534342523
2022-08-05,9874046.2835,9647824.50146691,0.010690504647807852
2022-08-08,9960896.2835,9716130.316652311,0.008795786196093669
2022-08-09,10171595.2835,9767757.351606233,0.021152614584394103
2022-08-10,10115468.2835,9719715.4509422,-0.0055180134910644
2022-08-11,10239648.2835,9848776.824709602,0.012276248268462187
2022-08-12,10437218.2835,9980157.972997798,0.01929460803046923
2022-08-15,10446871.2835,9963199.013972465,0.0009248632861555972
2022-08-16,10471243.2835,9940886.632722266,0.002332947285231146
2022-08-17,10486128.2835,9962866.77287445,0.001421512192678609
2022-08-18,10391737.2835,9836120.022242932,-0.009001511086653924
2022-08-19,10406446.2835,9906684.025755959,0.0014154514879196611
2022-08-22,10484631.2835,9984689.965367055,0.00751313155999922
2022-08-23,10294712.2835,10042866.417942958,-0.01811403709531323
2022-08-24,10231014.2835,9959173.244720092,-0.0061874482982970935
2022-08-25,10632133.2835,10202880.365517842,0.03920618121381203
2022-08-26,10670866.2835,10144607.529756514,0.003643013021677355
2022-08-29,10730260.2835,10169957.833454255,0.005565996088980896
2022-08-30,10535633.2835,10093924.616437161,-0.018138143424095587
2022-08-31,10375335.2835,10053497.480994852,-0.015214842400697925
2022-09-01,10534671.2835,10104522.501261069,0.015357190456620096
2022-09-02,10529433.2835,10073218.73907258,-0.0004972153244310329
2022-09-05,10618812.2835,10209922.824266355,0.008488491032091927
2022-09-06,10807154.2835,10275000.043795792,0.0177366352254531
2022-09-07,11114675.2835,10330577.710642189,0.028455316907015193
2022-09-08,11117506.2835,10337834.61162788,0.00025470829581530907
2022-09-09,11385162.2835,10510580.96480651,0.02407518315480872
2022-09-13,11382183.2835,10515587.598927869,-0.0002616563493624824
2022-09-14,11302685.2835,10457862.495073467,-0.0069844245185581855
2022-09-15,11138420.2835,10425978.028105456,-0.01453327203932675
2022-09-16,10870295.2835,10159565.107911514,-0.024072085015250266
2022-09-19,10925684.2835,10202586.689784145,0.00509544575887233
2022-09-20,10939050.2835,10171170.23056571,0.0012233558698182545
2022-09-21,10981743.2835,10198504.04018147,0.003902806815359039
2022-09-22,10974542.2835,10214782.012547957,-0.0006557246708561726
2022-09-23,10877253.2835,10209632.562589902,-0.008864971083693551
2022-09-26,10646981.2835,9979784.122148866,-0.02117005037929065
2022-09-27,10677352.2835,9998139.380149648,0.0028525456362984425
2022-09-28,10443132.2835,9878714.13355793,-0.021936149878837186
2022-09-29,10507168.2835,9881898.874143,0.006131876745560039
2022-09-30,10596303.2835,9936452.875207009,0.008483256153798635
2022-10-10,10550413.503300004,9947405.61325374,-0.004330734877271203
2022-10-11,10316210.503300002,9931742.680981416,-0.022198466432310604
2022-10-12,10395907.503300004,9966677.901829878,0.007725414286041232
2022-10-13,10066377.503300004,9832297.598896137,-0.03169805040064044
2022-10-14,10231802.503300002,9932694.736970112,0.01643341906716378
2022-10-17,10121587.503300004,9924526.718923265,-0.010771806821373908
2022-10-18,10090171.503300004,9905679.299892506,-0.003103860929894342
2022-10-19,10008094.503300004,9807511.02121259,-0.008134351331209433
2022-10-20,9836713.503300004,9701078.138528787,-0.017124238779269163
2022-10-21,9865753.503300004,9699710.181662226,0.00295220552985076
2022-10-24,9632695.503300004,9509958.038688637,-0.023622929553433925
2022-10-25,9607565.503300004,9496450.319682332,-0.0026088232511233267
2022-10-26,9533305.503300004,9484249.155195756,-0.007729325392004216
2022-10-27,9761886.503300004,9536354.543242965,0.023977097966793925
2022-10-28,9744460.503300004,9331871.182519358,-0.0017851057778749402
2022-10-31,9188963.503300004,9116155.408554504,-0.05700643969072261
2022-11-01,9248623.503300004,9267079.49362811,0.00649257122183311
2022-11-02,9454690.503300004,9359171.460828107,0.022280829133813684
2022-11-03,9364347.503300004,9285810.748196753,-0.009555363019917662
2022-11-04,9763103.503300004,9512317.601765264,0.042582358232592155
2022-11-07,9980226.503300004,9561609.319555808,0.02223913737333727
2022-11-08,9880978.503300004,9530282.283435069,-0.009944463681979876
2022-11-09,9782743.503300004,9497870.939268416,-0.009941829138398806
2022-11-10,9761567.503300004,9493341.170256056,-0.0021646279484744957
2022-11-11,10082638.503300004,9716549.329970282,0.032891336344440525
2022-11-14,9887452.503300004,9700811.244736364,-0.019358623234991157
2022-11-15,10015656.503300004,9795677.381324142,0.012966332830141036
2022-11-16,10016400.503300004,9786422.05585038,7.428369770412502e-05
2022-11-17,9677498.503300004,9673351.191364888,-0.033834709373726124
2022-11-18,9684141.503300004,9647970.736395765,0.0006864377191828641
2022-11-21,9546335.503300004,9589070.17006349,-0.014230068814364283
2022-11-22,9688498.503300004,9735218.461106576,0.014891892281688301
2022-11-23,9740179.503300004,9771427.459142812,0.005334263093749403
2022-11-24,9779537.503300004,9783760.187846467,0.004040787953308866
2022-11-25,10015039.503300004,9975790.284651037,0.024081097896555104
2022-11-28,9866584.503300004,9867517.264143623,-0.014823206633491903
2022-11-29,10096685.503300004,10070251.649836686,0.0233212415018631
2022-11-30,10152669.503300004,10113331.919412905,0.005544789919593063
2022-12-01,10113125.503300004,10129210.419950686,-0.00389493620245851
2022-12-02,9948290.503300004,10061743.34768284,-0.016299115436292477
2022-12-05,10242185.503300004,10366427.34503447,0.029542261547600646
2022-12-06,10219206.503300004,10318723.128612833,-0.002243564129218001
2022-12-07,10036419.503300004,10230305.29760586,-0.017886613793446138
2022-12-08,10036472.503300004,10229680.759686997,5.280767706228318e-06
2022-12-09,10255329.503300004,10331609.865246167,0.02180616744857722
2022-12-12,9911597.503300004,10206235.590570726,-0.03351740184353824
2022-12-13,9956750.503300004,10222344.042410767,0.00455557239738269
2022-12-14,10030995.503300004,10257960.292591143,0.0074567500687490185
2022-12-15,9839890.503300004,10144771.84049745,-0.01905144907473344
2022-12-16,9913798.503300004,10207505.410935262,0.0075110591906701885
2022-12-19,9737540.503300004,10017984.851514097,-0.017779058142177173
2022-12-20,9633361.503300004,9913652.480390493,-0.010698697475475916
2022-12-21,9565726.503300004,9928436.919508694,-0.007020913725373168
2022-12-22,9498483.503300004,9891166.713211598,-0.007029575848400249
2022-12-23,9509048.503300004,9906794.3989829,0.001112282818233945
2022-12-26,9548191.503300004,9927389.08093057,0.004116395030103748
2022-12-27,9700924.503300004,10047322.152227333,0.01599601348037627
2022-12-28,9604048.503300004,10050647.318144642,-0.009986264707765202
2022-12-29,9411739.503300004,9948398.120882634,-0.02002374310520416
2022-12-30,9450954.503300004,10012418.27227992,0.0041666049072277556
2023-01-03,9530487.938500006,10089099.240805892,0.00841538652759688
2023-01-04,9461009.938500006,10129596.68021044,-0.007290077952812002
2023-01-05,9480771.938500006,10149527.573907245,0.0020887833464355854
2023-01-06,9524821.938500006,10162938.957524074,0.004646246137523846
2023-01-09,9629256.938500006,10196448.853996903,0.010964509433805336
2023-01-10,9612267.938500006,10166658.590810733,-0.0017643105909942447
2023-01-11,9848451.938500006,10262053.95400158,0.024571100338767415
2023-01-12,9869898.938500006,10282810.198288998,0.0021777026616902617
2023-01-13,9982357.938500006,10381559.488606092,0.011394138957322664
2023-01-16,10052741.938500006,10426349.478168774,0.0070508391337624765
2023-01-17,10018493.938500006,10407738.524869796,-0.00340683170915157
2023-01-18,10126249.938500006,10427929.215458343,0.010755708458923596
2023-01-19,10114983.938500006,10427854.9885478,-0.0011125540124352629
2023-01-20,10259508.938500006,10589408.170837458,0.014288208550673476
2023-01-30,10182013.938500006,10543826.505285047,-0.007553480431133575
2023-01-31,10151015.938500006,10535835.917208433,-0.003044387896857126
2023-02-01,10256794.938500006,10560592.416015418,0.010420533337831772
2023-02-02,10343432.938500006,10574231.71588084,0.00844688818675654
2023-02-03,10257971.938500006,10491176.105405888,-0.008262343895700242
2023-02-06,10130302.938500006,10413990.549633488,-0.012445832447721461
2023-02-07,10181604.938500006,10415723.73929547,0.005064211831714127
2023-02-08,10091809.938500006,10347671.841335062,-0.008819336493842478
2023-02-09,10110895.938500006,10393004.555889191,0.0018912365686938326
2023-02-10,10002539.938500006,10347418.29908132,-0.010716755533741074
2023-02-13,10041926.938500006,10357470.29294716,0.003937699848455267
2023-02-14,10121324.938500006,10423458.719460081,0.007906649837850832
2023-02-15,10045121.938500006,10349645.806811895,-0.007528954999768356
2023-02-16,9893125.938500006,10330303.731314918,-0.015131324530511026
2023-02-17,9932039.938500006,10316136.301435752,0.003933438252166743
2023-02-20,10348574.938500006,10644754.734853657,0.04193851440179652
2023-02-21,10544909.938500006,10731395.706608605,0.018972177441511473
2023-02-22,10561071.938500006,10648523.286389636,0.0015326826017727502
2023-02-23,10668671.938500006,10651631.019699441,0.010188359725848306
2023-02-24,10467744.938500006,10553630.907719487,-0.018833365685837156
2023-02-27,10446712.938500006,10526150.034776565,-0.0020092197625722896
2023-02-28,10448848.938500006,10599314.8336308,0.00020446622900194278
2023-03-01,10599521.938500006,10795500.415385662,0.01442005726054929
2023-03-02,10662780.938500006,10846568.85759048,0.0059680993508044455
2023-03-03,10895642.938500006,11016746.201612972,0.021838768079648574
2023-03-06,10779446.938500006,10967590.54345894,-0.010664446389796689
2023-03-07,10959377.938500006,10949652.90408461,0.016692043759439557
2023-03-08,10873412.938500006,10931976.981591998,-0.007843967101271998
2023-03-09,10888085.938500006,10956995.563313609,0.001349438311870399
2023-03-10,10596044.938500006,10768404.943640266,-0.026822069705323526
2023-03-13,10944151.938500006,11032217.65027057,0.03285254092639578
2023-03-14,10766437.938500006,10954761.675851699,-0.016238261401948062
2023-03-15,10817243.938500006,10993621.947076881,0.0047189237787106375
2023-03-16,10465249.938500006,10830774.061378106,-0.03254008155877919
2023-03-17,10667347.938500006,10958267.642244937,0.019311340024141588
2023-03-20,10569313.938500006,10774918.629244719,-0.009190100535314993
2023-03-21,10620057.938500006,10789625.62322454,0.004801068479493242
2023-03-22,10613183.938500006,10846744.648784466,-0.0006472657719766017
2023-03-23,10785357.938500006,10940272.55506757,0.016222652975553142
2023-03-24,10708581.938500006,10863678.86981416,-0.007118539823878778
2023-03-27,10457231.938500006,10713704.239441784,-0.02347182861778685
2023-03-28,10397481.938500006,10760679.144668592,-0.005713749140441315
2023-03-29,10344519.938500006,10697091.55531236,-0.0050937333013190145
2023-03-30,10681153.938500006,10894713.100842688,0.03254225444982928
2023-03-31,10566966.938500006,10921800.23690262,-0.010690511592424068
2023-04-03,10632223.870700007,10954668.539247658,0.006175559418307941
2023-04-04,10717666.870700007,11096186.445912506,0.008036230335166428
2023-04-06,10584026.870700007,11038362.916001063,-0.01246913172542663
2023-04-07,10543112.870700007,11028580.681825766,-0.003865636444410736
2023-04-10,10719692.870700007,11123731.990425112,0.016748374238762853
2023-04-11,10756164.870700007,11124823.074564038,0.00340233628331732
2023-04-12,10813811.870700007,11257077.975830715,0.00535943811692885
2023-04-13,10916850.870700007,11253834.31463055,0.009528462417511152
2023-04-14,10985073.870700007,11335040.116494594,0.006249329665490411
2023-04-17,11380374.870700007,11645039.276170047,0.035985283727073325
2023-04-18,11368510.870700005,11671005.291717604,-0.001042496414643379
2023-04-19,11279632.870700007,11581313.432784261,-0.00781791045554281
2023-04-20,11397100.870700007,11614472.751390086,0.010414168736389895
2023-04-21,11301458.870700007,11496841.371001063,-0.008391783233741457
2023-04-24,11390880.870700007,11439215.131143834,0.007912429804247223
2023-04-25,11414440.870700005,11506485.297404991,0.0020683211656264966
2023-04-26,11314897.870700007,11453022.05568754,-0.00872079509873469
2023-04-27,11077642.870700007,11420888.464068186,-0.020968373087517977
2023-04-28,11198588.870700007,11535755.231845908,0.010918026642644074
2023-05-04,10822714.870700007,11604585.86139728,-0.033564407474895086
2023-05-05,10711379.870700007,11578701.235905124,-0.01028716004534258
2023-05-08,10965987.870700007,11981261.335315444,0.02376986000622172
2023-05-09,10884568.870700007,11802098.913340269,-0.007424684484426902
2023-05-10,10811794.870700007,11629576.655356573,-0.006685979101652695
2023-05-11,10776040.870700007,11534699.111222921,-0.0033069439836389547
2023-05-12,10778155.870700007,11467199.96223871,0.0001962687433518795
2023-05-15,10768973.870700007,11512086.251053322,-0.0008519082587180593
2023-05-16,10722029.870700007,11466026.908236595,-0.004359189702161315
2023-05-17,10611759.870700007,11354498.196191734,-0.010284433202460419
2023-05-18,10637560.870700007,11433306.146645648,0.002431359200959493
2023-05-19,10652359.870700007,11355976.848795041,0.0013912023799329543
2023-05-22,10739184.870700007,11415419.390194748,0.008150776077216149
2023-05-23,10648852.870700007,11259761.817141825,-0.008411439144367039
2023-05-24,10496707.870700007,11044530.89076893,-0.014287454418552614
2023-05-25,10410642.870700007,10998972.9401898,-0.008199237423786698
2023-05-26,10422207.870700007,11046234.003340667,0.001110882405979785
2023-05-29,10529269.870700007,11170696.923366688,0.010272487492883675
2023-05-30,10525603.870700007,11161607.787479741,-0.0003481722897236139
2023-05-31,10414176.870700007,11020524.879916005,-0.0105862809743561
2023-06-01,10139501.870700007,11010797.434035055,-0.0263751041882907
2023-06-02,10363402.870700007,11151795.554393174,0.022082051254115775
2023-06-05,10320598.870700007,11208604.981217092,-0.004130303582138839
2023-06-06,10323376.870700007,11191008.159743527,0.0002691704265231909
2023-06-07,10329265.870700007,11231680.400453385,0.0005704528734888914
2023-06-08,10551503.870700007,11398879.68490245,0.02151537222315092
2023-06-09,10585299.870700007,11448969.464190006,0.0032029557505870443
2023-06-12,10604870.870700007,11368924.144585926,0.0018488847967521593
2023-06-13,10548217.870700007,11307662.252303394,-0.005342167829362809
2023-06-14,10665299.870700007,11303686.183946572,0.011099694890188028
2023-06-15,10763056.870700007,11339144.00335278,0.009165893241179335
2023-06-16,10788499.870700007,11333430.973793792,0.002363919498489686
2023-06-19,10572112.870700007,11232812.184089141,-0.020057190767335142
2023-06-20,10512157.870700007,11148051.23047393,-0.0056710518259941445
2023-06-21,10457650.870700007,11116975.530183231,-0.005185139023827334
2023-06-26,10367331.870700007,11038247.206630087,-0.008636643268810307
2023-06-27,10542307.870700007,11211548.319324523,0.0168776308294436
2023-06-28,10662280.870700007,11273709.478134131,0.01138014573957169
2023-06-29,10552331.870700007,11167119.206627645,-0.010311958701269996
2023-06-30,10515543.870700007,11192564.13703967,-0.003486243652187193
2023-07-03,10729804.52610001,11403111.547250632,0.020375613285871674
2023-07-04,10728579.52610001,11378659.36316855,-0.00011416796988428235
2023-07-05,10792950.52610001,11380169.658319231,0.0059999555247178815
2023-07-06,10719687.52610001,11294897.111285485,-0.006788041863328487
2023-07-07,10801609.52610001,11320813.63211513,0.00764220037202934
2023-07-10,10840817.52610001,11317147.226385817,0.003629829416186725
2023-07-11,10809079.52610001,11320666.458926627,-0.002927638983276748
2023-07-12,10813120.52610001,11310732.664745115,0.0003738523701526386
2023-07-13,11069323.52610001,11516927.671054034,0.023693715369360158
2023-07-14,11036742.52610001,11542093.760889221,-0.0029433596301687848
2023-07-17,10806800.52610001,11451416.448179739,-0.020834227078889156
2023-07-18,10762429.52610001,11415742.838543838,-0.004105840567042662
2023-07-19,10822496.52610001,11480442.481624415,0.0055811747574590065
2023-07-20,10888398.52610001,11425635.682228405,0.00608935284396428
2023-07-21,10804545.52610001,11416805.342815885,-0.007701132521830467
2023-07-24,10765439.52610001,11390679.832451925,-0.0036194025843598876
2023-07-25,11101328.52610001,11592330.340617387,0.031200676868386346
2023-07-26,11128845.52610001,11555764.781177826,0.0024787123392759902
2023-07-27,11079131.52610001,11544630.009496592,-0.004467130025608501
2023-07-28,11215890.52610001,11734224.78551189,0.012343837572270422
2023-07-31,11280350.52610001,11750130.574218942,0.00574720302859566
2023-08-01,11285359.52610001,11778384.898935832,0.0004440464849395642
2023-08-02,11132112.52610001,11604921.119604254,-0.013579274957574938
2023-08-03,11091882.52610001,11609943.760997536,-0.0036138693267497857
2023-08-04,11026538.52610001,11636125.185628098,-0.005891155071850118
2023-08-07,11053435.52610001,11624512.738205206,0.002439296787140721
2023-08-08,11044890.52610001,11636397.633574327,-0.0007730628165173448
2023-08-09,11027949.52610001,11612262.102829898,-0.0015338314091902783
2023-08-10,11134599.52610001,11670647.799225532,0.009670882129773073
2023-08-11,10928622.52610001,11496277.284781149,-0.018498824274477133
2023-08-14,10955898.52610001,11510686.07874661,0.002495831467768106
2023-08-15,10973205.52610001,11560797.690699663,0.0015796969968979724
2023-08-16,10940701.52610001,11454785.757947765,-0.0029621244150297432
2023-08-17,10938169.52610001,11465732.496571291,-0.00023142940093556774
2023-08-18,10892321.52610001,11400902.395449858,-0.004191560561444985
2023-08-21,10791528.52610001,11311584.315718433,-0.00925358288024103
2023-08-22,10928169.52610001,11469645.751044812,0.012661876366218738
2023-08-23,10954775.52610001,11424963.023893861,0.0024346254820128976
2023-08-24,11102360.52610001,11433414.226068702,0.013472206678117216
2023-08-25,11054382.52610001,11493001.28574702,-0.004321423348414122
2023-08-28,11108803.52610001,11588258.934172483,0.004923024861090974
2023-08-29,11174168.52610001,11542977.407977475,0.005884072019675779
2023-08-30,11144766.52610001,11501122.523079965,-0.00263124723162389
2023-08-31,11152306.52610001,11523431.411473075,0.0006765507363786227
2023-09-01,11649578.52610001,11689986.249056568,0.04458916178785288
2023-09-04,11884498.52610001,11896290.53680385,0.020165536416075325
2023-09-05,11859433.52610001,11843954.838057568,-0.0021090498639848576
2023-09-06,11875179.52610001,11848975.971117942,0.001327719402899552
2023-09-07,11786716.52610001,11817559.942413408,-0.007449403169490609
2023-09-08,11605388.52610001,11760107.641374743,-0.015384097818800901
2023-09-11,11712434.52610001,11827910.433826916,0.009223818725177413
2023-09-12,11634289.52610001,11823891.153083941,-0.0066719689937955184
2023-09-13,11731404.52610001,11881696.278629798,0.008347308168851653
2023-09-14,11941092.52610001,12040032.813642,0.017874074628786873
2023-09-15,11923819.52610001,11973757.642191572,-0.0014465175579408962
2023-09-18,12043799.52610001,11968632.5463751,0.010062212006595406
2023-09-19,12137690.52610001,12043158.765150648,0.007795795653732895
2023-09-20,12140033.52610001,12049748.192013893,0.00019303507491486016
2023-09-21,12078532.52610001,11998563.571866075,-0.0050659662403549355
2023-09-22,11981074.52610001,12054408.020645073,-0.008068695413901206
2023-09-25,12041651.52610001,12028669.961886356,0.005056057356795263
2023-09-26,12042745.52610001,11983876.414272008,9.085132530439743e-05
2023-09-27,11990342.52610001,11941693.940958846,-0.004351416368171823
2023-09-28,11964643.52610001,11936993.707379535,-0.0021433082452865237
2023-10-09,12046845.904300012,11971565.634354973,0.006870441064180666
2023-10-10,11819703.904300012,11869560.246528612,-0.0188548937875036
2023-10-11,11740585.904300012,11808615.69350378,-0.00669373790076222
2023-10-12,11772351.904300012,11887185.267983114,0.00270565713320714
2023-10-13,11717165.904300012,11884073.220215553,-0.004687763366965192
2023-10-16,11690128.904300012,11910609.98408719,-0.0023074692481803716
2023-10-17,11779851.904300012,12015227.57888091,0.0076751078396575245
2023-10-18,11726673.904300012,11972745.597210268,-0.004514318213167723
2023-10-19,11494820.904300012,11747877.363984538,-0.01977142042936686
2023-10-20,11358619.904300012,11637670.593481017,-0.011848901443001103
2023-10-23,11255897.904300012,11523498.391816061,-0.009043528251272193
2023-10-24,11323670.904300012,11552826.557913886,0.0060211100505904724
2023-10-25,11414212.904300012,11476008.742569888,0.007995816971828162
2023-10-26,11329755.904300012,11590736.229085596,-0.007399283744583318
2023-10-27,11378693.904300012,11621528.303705225,0.004319422272939466
2023-10-30,11379499.904300012,11501974.243513921,7.083414026065604e-05
2023-10-31,11398758.904300012,11538026.98886333,0.0016924293828344261
2023-11-01,11377467.904300012,11549187.19223809,-0.0018678349264820149
2023-11-02,11371253.904300012,11595078.588979486,-0.0005461672185997912
2023-11-03,11283005.904300012,11570555.829528492,-0.007760621717067595
2023-11-06,11099844.904300012,11387787.1315468,-0.016233351427228815
2023-11-07,11127116.904300012,11389408.48869475,0.002456971267178254
2023-11-08,11077469.904300012,11351710.685273156,-0.004461802677818039
2023-11-09,11169101.904300012,11436069.762784058,0.008271924978503487
2023-11-10,11231442.904300012,11438797.906841023,0.005581558887559179
2023-11-13,11028456.904300012,11401252.721575309,-0.018073011787495763
2023-11-14,11046508.904300012,11378896.889617434,0.0016368563758870636
2023-11-15,11150272.904300012,11445728.335549109,0.009393374947591626
2023-11-16,11152912.904300012,11418210.498288857,0.00023676550544182717
2023-11-17,11135286.904300012,11365592.263541836,-0.0015803943015822997
2023-11-20,11231325.904300012,11401399.42864915,0.008624744097335713
2023-11-21,11238652.904300012,11417372.57185569,0.0006523717735940071
2023-11-22,11221323.904300012,11401778.81720794,-0.0015419107741435623
2023-11-23,11368861.904300012,11451404.872608338,0.013148002968122352
2023-11-24,11403044.904300012,11460744.06156075,0.0030067213664606296
2023-11-27,11348231.904300012,11403181.697989494,-0.004806873993746241
2023-11-28,11396439.904300012,11423826.936893214,0.004248062641523331
2023-11-29,11423846.904300012,11392410.776008692,0.002404873822890785
2023-11-30,11364483.904300012,11471102.983659538,-0.0051964106747312
2023-12-01,11238167.904300012,11439022.960709196,-0.011114979005091952
2023-12-04,11247137.904300012,11421850.635740241,0.0007981728050678871
2023-12-05,11102253.904300012,11289995.170713257,-0.012881855031279366
2023-12-06,11082550.904300012,11230606.28845036,-0.0017746846874371336
2023-12-07,11103962.904300012,11229675.41008387,0.0019320461674299239
2023-12-08,11115641.904300012,11306658.618555402,0.0010517866549677457
2023-12-11,11266917.904300012,11337475.311599415,0.013609290520728345
2023-12-12,11365592.904300012,11424794.433316013,0.00875794079961656
2023-12-13,11185067.904300012,11278560.657069555,-0.015883465255182694
2023-12-14,11214906.904300012,11270804.500049137,0.002667753137960638
2023-12-15,11200734.904300012,11209226.396033827,-0.0012636752244966631
2023-12-18,11270722.904300012,11253979.172496123,0.0062485185657890074
2023-12-19,11266517.904300012,11274475.992011786,-0.0003730905316104982
2023-12-20,11220530.904300012,11257964.17278128,-0.004081740284853086
2023-12-21,11363492.904300012,11290528.205491621,0.012741108350337704
2023-12-22,11598057.904300012,11391987.065967826,0.020641980593065545
2023-12-25,11648198.904300012,11430250.7671177,0.004323223802961795
2023-12-26,11572436.904300012,11433727.264876215,-0.006504181515309848
2023-12-27,11687837.904300012,11566349.319857694,0.009972056962101128
2023-12-28,11768322.904300012,11585810.229917243,0.0068862180207331924
2023-12-29,11867450.904300012,11694627.252767617,0.008423290285804352
2024-01-02,11881126.321300011,11711204.805016775,0.001152346625259204
2024-01-03,11891007.321300011,11781230.707864745,0.0008316551590135113
2024-01-04,11962122.321300013,11840487.8890356,0.005980569860773333
2024-01-05,12102703.321300011,11864633.389324998,0.011752178770959132
2024-01-08,12038758.321300011,11818321.547616463,-0.0052835303239616715
2024-01-09,12147817.321300011,11841361.903633501,0.009058990727228267
2024-01-10,12254959.321300011,11810989.673218241,0.008819856042133312
2024-01-11,12273853.321300011,11723309.978891438,0.0015417431836890483
2024-01-12,12366823.321300011,11798957.29637788,0.0075746383443136
2024-01-15,12485073.321300011,11887051.474369982,0.009561873484222216
2024-01-16,12515794.321300011,11929787.880313916,0.002460618308711693
2024-01-17,12347834.321300011,11803346.041080663,-0.013419843414505195
2024-01-18,12303347.321300011,11798548.688681766,-0.0036028180199388915
2024-01-19,12177366.321300011,11758813.423504792,-0.010239571127273361
2024-01-22,11808374.321300011,11571319.836277558,-0.030301461766373827
2024-01-23,12015188.321300011,11648337.809070205,0.017514180561412962
2024-01-24,12242715.321300011,11887464.540215109,0.018936615383435162
2024-01-25,12475861.321300011,12199719.747295314,0.019043651173883847
2024-01-26,12586582.321300011,12341470.742729044,0.00887481811063151
2024-01-29,12793106.321300011,12433625.221048454,0.016408266734211363
2024-01-30,12671671.321300011,12332869.747521665,-0.009492221587951266
2024-01-31,12785121.321300011,12379860.235640127,0.00895304156203136
2024-02-01,12740912.321300011,12275082.896701664,-0.0034578475157953648
2024-02-02,12782749.321300011,12315392.726794107,0.003283673801762088
2024-02-05,13100551.321300011,12538560.544423623,0.024861787711853545
2024-02-06,13102228.321300011,12657838.91639521,0.00012800987980354783
2024-02-07,13596546.321300011,12857271.500081325,0.03772778094519991
2024-02-08,13434296.321300013,12776160.735701686,-0.011933177452999266
2024-02-19,13605039.321300013,13050407.966975532,0.012709485924416342
2024-02-20,13803694.321300011,13159245.186300274,0.014601574850944044
2024-02-21,13826182.321300011,13182544.898135316,0.0016291290922967328
2024-02-22,14118219.321300011,13369359.677309593,0.021122027267794774
2024-02-23,13943357.321300011,13265761.575756256,-0.012385556281604648
2024-02-26,13871026.321300011,13039337.056497674,-0.0051874880872131435
2024-02-27,13924688.321300013,13089433.55718834,0.0038686394760565346
2024-02-28,13885437.321300013,13031835.22113438,-0.0028188063599211555
2024-02-29,13971222.321300011,13098326.148606924,0.00617805532623783
2024-03-01,14085143.321300011,13091303.804223068,0.008153975176983685
2024-03-04,14212412.321300011,13241280.629403835,0.009035690805328178
2024-03-05,14300738.321300013,13379054.960960703,0.006214708524015178
2024-03-06,14254761.321300011,13314696.257323809,-0.0032150088315036074
2024-03-07,14485799.321300011,13428636.486030096,0.016207777513242094
2024-03-08,14596871.321300011,13560645.223376675,0.007667647296250912
2024-03-11,14296485.321300011,13394621.144490926,-0.020578793454298028
2024-03-12,13943346.321300013,13059155.369126897,-0.024701106045544208
2024-03-13,13960224.321300011,13048438.238310492,0.0012104698263295521
2024-03-14,14067170.321300013,13115132.656273946,0.007660765152378568
2024-03-15,14023202.321300011,13138897.56143666,-0.003125575293094096
2024-03-18,13909659.321300011,13124703.692912422,-0.008096795396550616
2024-03-19,13972707.321300013,13102080.669805072,0.004532677511623673
2024-03-20,13942000.321300011,13171430.165620908,-0.0021976413943196604
2024-03-21,13997459.321300011,13164729.605818337,0.003977836660588263
2024-03-22,14090242.321300013,13167363.639370114,0.006628560074385392
2024-03-25,14258561.321300011,13260255.144195365,0.011945784619016298
2024-03-26,14100697.321300013,13261862.653011436,-0.011071523728286237
2024-03-27,13972422.321300011,13251198.476539368,-0.00909706783126496
2024-03-28,14019961.321300011,13266659.048750453,0.003402344912487365
2024-03-29,14191096.321300011,13412562.222531572,0.012206524403173713
2024-04-01,14177467.480600016,13436881.986406863,-0.0009603796909996021
2024-04-02,14249346.480600014,13509688.340296231,0.005069946384878232
2024-04-03,14687479.480600016,13628661.57819973,0.030747585553941414
2024-04-08,14543460.480600014,13660317.90428388,-0.009805562635183951
2024-04-09,14510931.480600016,13540470.007821366,-0.0022366753802088857
2024-04-10,14701053.480600016,13633870.186417598,0.013101984545525358
2024-04-11,14956881.480600016,13682149.373311302,0.017402018184451862
2024-04-12,15009011.480600016,13658958.815245716,0.003485352215140347
2024-04-15,15342210.480600016,13979306.809102042,0.022199929717601874
2024-04-16,15115152.480600014,13946958.908362083,-0.014799562311253234
2024-04-17,15322533.480600016,14084647.687969774,0.013720073301686675
2024-04-18,15270252.480600016,14016365.741384042,-0.0034120336605035773
2024-04-19,15188378.480600016,14087798.075012563,-0.005361666423264189
2024-04-22,15043611.480600016,13934637.723135523,-0.00953143221871311
2024-04-23,14666263.480600016,13725988.05229861,-0.025083604458053244
2024-04-24,14548419.480600016,13746877.740734119,-0.008035039064713367
2024-04-25,14609431.480600016,13817915.8448972,0.0041937201550559244
2024-04-26,14638530.480600016,13870596.986405393,0.0019917955081716343
2024-04-29,14526839.480600016,13752361.148766018,-0.0076299325364673765
2024-04-30,14608578.480600016,13884236.762554334,0.005626757293570872
2024-05-06,14709610.480600016,13932014.818497488,0.006915936422847047
2024-05-07,14789696.480600016,13952055.718538648,0.0054444677583831425
2024-05-08,14892368.480600016,13965408.443307083,0.006942130295552573
2024-05-09,15113133.480600016,14022881.405581689,0.014824035564765081
2024-05-10,15040927.480600016,14115718.130543638,-0.00477769882021406
2024-05-13,14897074.480600016,14118146.687100887,-0.009564104353640634
2024-05-14,14843784.480600016,14029673.462268328,-0.0035772124298228958
2024-05-15,14730114.480600016,13949525.682942806,-0.007657750632836247
2024-05-16,14588392.480600016,13902686.582153559,-0.009621242264386431
2024-05-17,14741945.480600016,13993376.937556121,0.010525697070749906
2024-05-20,15314713.480600016,14175463.67035698,0.038852945206841794
2024-05-21,15328964.480600016,14203991.493446453,0.0009305430374555446
2024-05-22,15449971.480600016,14193861.655465793,0.007894010071792135
2024-05-23,15149372.480600016,14061032.524928354,-0.019456281869351777
2024-05-24,15099492.480600016,14059868.351079186,-0.00329254561955461
2024-05-27,15363055.480600016,14293320.627339875,0.017455089986542882
2024-05-28,15248330.480600016,14282829.437360328,-0.007467590034083482
2024-05-29,15354223.480600016,14317851.942536544,0.006944563546463334
2024-05-30,15124206.480600016,14189166.307478394,-0.014980698977752005
2024-05-31,15086630.480600016,14148323.331344519,-0.0024844939830859225
2024-06-03,14973877.480600014,14170190.120654186,-0.007473703299420764
2024-06-04,14948129.480600016,14190876.158481898,-0.0017195278933834768
2024-06-05,14837630.480600014,14083763.987010133,-0.007392162353384024
2024-06-06,15140926.480600016,14250260.310810473,0.020440999686341943
2024-06-07,15026140.480600016,14293103.605518308,-0.007581174120822487
2024-06-11,14875219.480600016,14097504.311109677,-0.01004389651453419
2024-06-12,15202282.480600016,14246516.20298922,0.021987104151743653
2024-06-13,15058357.480600016,14174815.828098323,-0.00946732835570352
2024-06-14,15097629.480600016,14193153.400416568,0.002607986963425013
2024-06-17,14870599.480600016,14030159.936075322,-0.01503746003912243
2024-06-18,14810586.480600016,14105068.860474154,-0.004035681283615533
2024-06-19,14661674.480600016,14146701.48739683,-0.010054429660503739
2024-06-20,14627103.480600014,14214647.759516371,-0.0023579162152144173
2024-06-21,14536671.480600014,14174292.32191274,-0.006182495401084731
2024-06-24,14356636.480600016,14186017.364795234,-0.012384884685621822
2024-06-25,14312440.480600016,14207301.768004643,-0.0030784369347041096
2024-06-26,14254286.480600016,14190006.417572811,-0.004063178469026707
2024-06-27,14017141.480600016,14180194.607643038,-0.01663674995747788
2024-06-28,14143356.480600014,14375136.45146572,0.00900433231516451
2024-07-01,14328989.976800015,14587570.32559546,0.013125137336008397
2024-07-02,14139279.976800015,14637058.531125227,-0.013239593321452414
2024-07-03,14051594.976800015,14562127.53711859,-0.006201518050698129
2024-07-04,14072534.976800015,14552971.120100008,0.001490222286834486
2024-07-05,14033365.976800015,14497419.563018048,-0.0027833649065057697
2024-07-08,14017223.976800017,14589450.957716972,-0.001150258607000243
2024-07-09,14044537.976800015,14710197.841358759,0.001948602665207133
2024-07-10,13888982.976800015,14499634.238474432,-0.011075836047932608
2024-07-11,14016082.976800015,14593394.569025017,0.00915113800717493
2024-07-12,13994320.976800015,14617818.142588887,-0.0015526449177006851
2024-07-15,14075109.976800015,14766682.374288103,0.005772984636691847
2024-07-16,14019310.976800015,14738423.687858349,-0.003964373997217274
2024-07-17,13976161.976800015,14543075.8692492,-0.0030778260123771606
2024-07-18,14103061.976800015,14690476.016770205,0.009079745942458972
2024-07-19,14141963.976800015,14619652.473624643,0.0027584080722324877
2024-07-22,13892255.976800017,14377258.49106507,-0.017657236322313197
2024-07-23,13562900.976800015,14225414.806170018,-0.023707812507199888
2024-07-24,13369171.976800015,14221555.903684452,-0.014283743598171417
2024-07-25,13307952.976800015,14059836.64626039,-0.004579116799921179
2024-07-26,13537243.976800015,14032200.43493125,0.017229622046285087
2024-07-29,13411751.976800015,14067571.792070065,-0.009270129150000361
2024-07-30,13146024.976800015,13858007.60005161,-0.019812996874655986
2024-07-31,13622218.976800015,14003114.917427998,0.03622342121214461
2024-08-01,13386025.976800015,14013498.775393285,-0.01733880510967123
2024-08-02,13412513.976800015,13955051.682258843,0.001978779963964561
2024-08-05,13287857.976800015,13763842.441880474,-0.009294007090365097
2024-08-06,13143892.976800015,13687794.72529884,-0.010834327116632014
2024-08-07,13208189.976800015,13803096.59843919,0.0048917775056058765
2024-08-08,13302230.976800015,13842462.761084797,0.007119900619629416
2024-08-09,13261185.976800015,13841816.111052902,-0.0030855726435351505
2024-08-12,13443724.976800015,13864447.830608414,0.01376490762736804
2024-08-13,13417938.976800015,13885700.068754815,-0.0019180695859591923
2024-08-14,13282439.976800015,13854999.943082409,-0.010098346715861628
2024-08-15,13494800.976800015,14023438.466630466,0.01598810161167097
2024-08-16,13591743.976800015,14124779.696351351,0.007183729509361525
2024-08-19,13616572.976800015,14230193.85267102,0.0018267707251093945
2024-08-20,13469866.976800015,14110869.111251157,-0.010774076579324166
2024-08-21,13411454.976800015,14080849.601898897,-0.004336494198540097
2024-08-22,13373089.976800015,14107720.993513888,-0.002860614308169085
2024-08-23,13480750.976800015,14189646.440607456,0.008050570226235898
2024-08-26,13167384.976800017,14154511.072533078,-0.02324544089118563
2024-08-27,13114772.976800017,14265815.861150322,-0.003995630118865612
2024-08-28,12846797.976800015,14157170.215406043,-0.020433064336992213
2024-08-29,12918809.976800015,13902409.04722531,0.00560544348327463
2024-08-30,13079351.976800015,13840152.765372764,0.012426996007241176
2024-09-02,12939073.976800015,13840588.844120067,-0.010725149093687714
2024-09-03,13045099.976800015,13721534.523684673,0.008194249464073433
2024-09-04,12987015.976800015,13565899.56069665,-0.004452553073820753
2024-09-05,12911032.976800015,13477184.58979279,-0.005850689653091656
2024-09-06,12640305.976800017,13372417.198482111,-0.02096865529555003
2024-09-09,12373090.976800017,13135809.77681301,-0.021139915480720584
2024-09-10,12381888.976800015,13179287.307252983,0.0007110591861398952
2024-09-11,12459808.976800015,12981000.766830364,0.006293062403159855
2024-09-12,12424966.976800015,13006868.248228066,-0.002796351056815971
2024-09-13,12511703.976800015,13078019.922333073,0.006980863624181488
2024-09-18,12789865.976800015,13273857.387845546,0.02223214364052928
2024-09-19,12853953.976800015,13320855.175137028,0.005010842186794706
2024-09-20,12913219.976800015,13426517.795172663,0.004610721347452218
2024-09-23,13035994.976800015,13534947.531850418,0.00950769832935383
2024-09-24,13560145.976800015,14065653.876460522,0.04020797805866172
2024-09-25,13767277.976800015,14193085.48642339,0.015275056799121556
2024-09-26,14568671.976800015,14626358.270378273,0.05821005440221905
2024-09-27,14960825.976800015,14705199.678356184,0.026917621635279332
2024-09-30,15739376.976800015,15587056.384704154,0.052039305931859126
2024-10-08,15920183.189600019,15707243.425572274,0.011487507610149494
2024-10-09,14771406.189600019,14740732.60239091,-0.07215852897662933
2024-10-10,15377026.189600019,15254827.25083207,0.04099948185206581
2024-10-11,15164044.189600017,15079297.741979731,-0.01385066249962219
2024-10-14,15588561.189600019,15382172.057942582,0.027994972494946202
2024-10-15,15040264.189600019,14953543.821081012,-0.035173034466182695
2024-10-16,14958828.189600019,15036559.930424038,-0.005414532548990159
2024-10-17,14738940.189600019,14810487.017378142,-0.014699547131163282
2024-10-18,14938858.189600019,15006361.45138906,0.013563933188430077
2024-10-21,14880465.189600019,14902513.718758991,-0.0039087994048067065
2024-10-22,15119415.189600019,15012828.683851434,0.016057965725897017
2024-10-23,15105714.189600019,15045031.191371696,-0.0009061858430492453
2024-10-24,14936029.189600019,14962457.79903711,-0.011233166328330602
2024-10-25,14829067.189600019,14872404.592694145,-0.007161341119665043
2024-10-28,14881581.189600019,14855524.819970917,0.003541288155793687
2024-10-29,14670518.189600019,14695135.069560612,-0.014182834290989321
2024-10-30,14514411.189600019,14583236.965671606,-0.010640864759001167
2024-10-31,14289499.189600019,14503807.144817835,-0.015495771551597981
2024-11-01,14457865.189600019,14692630.029401563,0.011782498306346367
2024-11-04,14610559.189600019,14759131.177192569,0.01056131026244711
2024-11-05,14709800.189600019,14850433.53324554,0.006792416273200708
2024-11-06,14480587.189600019,14754837.572322948,-0.01558233266567799
2024-11-07,14773933.189600019,15029134.226106863,0.020257880164602726
2024-11-08,14678570.18960002,14914608.572343009,-0.00645481462357822
2024-11-11,14375199.189600019,14713785.19590365,-0.020667612450083528
2024-11-12,14301512.189600019,14571170.402720628,-0.005125981144895042
2024-11-13,14408393.189600019,14731153.316539325,0.007473405510063813
2024-11-14,14269056.189600019,14661169.115891855,-0.009670543978531398
2024-11-15,14170828.189600019,14667806.001392636,-0.006883987188416429
2024-11-18,13931446.189600019,14688187.051425694,-0.016892590665638196
2024-11-19,13889437.189600019,14627171.292377092,-0.0030154084097429035
2024-11-20,13956920.189600019,14669193.449942734,0.004858584194507909
2024-11-21,13854777.189600019,14648677.625617068,-0.007318448383484499
2024-11-22,13482365.189600019,14338279.460244514,-0.026879681636421293
2024-11-25,13452625.189600019,14321490.03930221,-0.002205844418377012
2024-11-26,13499259.189600019,14368530.472332677,0.0034665352927585324
2024-11-27,13694278.189600019,14530817.60456693,0.01444664460922751
2024-11-28,13487267.189600019,14449457.675488712,-0.01511660542701787
2024-11-29,13574063.189600019,14501944.668404667,0.00643540301974066
2024-12-02,13614296.189600019,14518056.305478858,0.002963961448980479
2024-12-03,13705153.189600019,14650406.441232353,0.006673646491502483
2024-12-04,14054401.189600019,14869397.797665006,0.025482969447216508
2024-12-05,14091746.189600019,14787701.780819802,0.0026571747523214118
2024-12-06,14125592.189600019,14868678.749201698,0.002401831507934604
2024-12-09,14137725.189600019,14910480.259235894,0.0008589374404375238
2024-12-10,14280770.189600019,14972841.979003496,0.010117964388303813
2024-12-11,14630794.189600019,15089653.990381788,0.024510162641991462
2024-12-12,14691793.189600019,15214003.105023528,0.004169220017007591
2024-12-13,14321425.189600019,14992833.693902485,-0.025209175981470766
2024-12-16,14350333.189600019,15178019.574142724,0.0020185141923578787
2024-12-17,14395293.189600019,15147905.679316027,0.0031330283001780312
2024-12-18,14393890.189600019,15230500.062926058,-9.746241229835473e-05
2024-12-19,14268508.189600019,15126061.01493144,-0.008710779250670653
2024-12-20,13974052.189600019,14986546.742334887,-0.02063677548397258
2024-12-23,14105041.189600019,15155383.56751091,0.009373730555943371
2024-12-24,14215984.189600019,15311206.553252269,0.007865485715972342
2024-12-25,14223676.189600019,15431472.14960994,0.0005410810744730377
2024-12-26,14206766.189600019,15333236.397446647,-0.0011888628350780195
2024-12-27,14056887.189600019,15348625.516272282,-0.010549832241887547
2024-12-30,14347701.189600019,15512685.69272917,0.02068836407929342
2024-12-31,14301001.189600019,15466226.75841836,-0.0032548768184446075
2025-01-02,14247442.534100022,15221218.143173674,-0.0037450983179377895
2025-01-03,14389815.534100022,15215401.904157957,0.00999288115458219
2025-01-06,14295369.534100022,15231561.129773976,-0.006563391989020895
2025-01-07,14183580.534100022,15209561.02711383,-0.007819944754372421
2025-01-08,14211527.534100022,15334891.68628813,0.001970376939222751
2025-01-09,14157794.534100022,15151588.713811208,-0.0037809447204791846
2025-01-10,14080885.534100022,15012382.03407282,-0.005432272647746039
2025-01-13,14076524.534100022,14976796.127961412,-0.00030971063499085627
2025-01-14,14216888.534100022,15110006.82401128,0.00997149542559117
2025-01-15,14088629.534100022,15089376.035504112,-0.009021594260401167
2025-01-16,14438355.534100022,15244513.407595463,0.024823280302283868
2025-01-17,14330111.534100022,15141931.000268357,-0.007496975659336935
2025-01-20,14089628.534100022,15020751.344519127,-0.01678165584599567
2025-01-21,14033843.534100022,14911104.91039289,-0.003959295297600529
2025-01-22,13846059.534100022,14773187.97215641,-0.013380796183434351
2025-01-23,13839778.534100022,14895214.17830427,-0.00045363086765093374
2025-01-24,13915153.534100022,14962764.637012783,0.005446257670546073
2025-01-27,14084758.534100022,15159288.00369364,0.012188510862231716
2025-02-05,13612383.534100022,14833713.580990404,-0.03353802614765122
2025-02-06,13587208.534100022,14838978.869746994,-0.0018494189453988064
2025-02-07,13781858.534100022,14940834.379499136,0.014325974280256615
2025-02-10,13726896.534100022,14952378.376474556,-0.0039879962389695045
2025-02-11,13784496.534100022,15069982.97748641,0.004196141484487104
2025-02-12,13703637.534100022,15081183.767365223,-0.005865937852715275
2025-02-13,13721198.534100022,15057441.127033835,0.0012814845661452967
2025-02-14,13775758.534100022,15115725.17570593,0.003976329025806802
2025-02-17,13529108.534100022,15072757.72114098,-0.017904640197449084
2025-02-18,13336954.534100022,15023727.543066991,-0.014203005284175063
2025-02-19,13301347.534100022,14959304.792234391,-0.00266979990888927
2025-02-20,13295005.534100022,14905172.434391173,-0.0004767937973007008
2025-02-21,13268449.534100022,14912655.166864373,-0.001997441816168233
2025-02-24,13319711.534100022,14838149.25151137,0.0038634506517325473
2025-02-25,13183503.534100022,14683359.602561204,-0.01022604728723231
2025-02-26,13251684.534100022,14750209.667524353,0.005171690501212023
2025-02-27,13362625.534100022,14882831.802989813,0.0083718413092706
2025-02-28,13295540.534100022,14809041.10125733,-0.0050203457268787055
2025-03-03,13369854.534100022,14821431.400557622,0.005589392910307245
2025-03-04,13385516.534100022,14744159.20182335,0.0011714413167362991
2025-03-05,13495319.534100022,14888248.14081638,0.008203120120189089
2025-03-06,13570306.534100022,14880649.289253222,0.005556519044289665
2025-03-07,13792116.534100022,14946025.10089608,0.016345246103514732
2025-03-10,13929678.534100022,14888154.735913701,0.009973958649485581
2025-03-11,13897505.534100022,14944300.079616481,-0.0023096728270677325
2025-03-12,13785794.534100022,14856041.72728126,-0.008038205109967222
2025-03-13,13973458.534100022,14969449.68988201,0.013612853400346347
2025-03-14,14205375.534100022,15121756.82454913,0.01659696484116968
2025-03-17,14132537.534100022,15097737.274846189,-0.005127495561462081
2025-03-18,14022676.534100022,15085859.946949448,-0.007773621668077602
2025-03-19,13933718.534100022,15141401.21024927,-0.006343867362530564
2025-03-20,13862629.534100022,15067388.930049917,-0.005101940291532658
2025-03-21,13794429.534100022,15014199.004377268,-0.004919701549568112
2025-03-24,14090544.534100022,15152176.496299423,0.021466273706208794
2025-03-25,14146364.534100022,15227960.76774639,0.0039615218464348345
2025-03-26,13983791.534100022,15148393.710086327,-0.011492210568172179
2025-03-27,14017899.534100022,15216976.165245457,0.0024391095874696234
2025-03-28,13923348.534100022,15158279.96617223,-0.006745019092910032
2025-03-31,13922576.534100022,15266726.55798149,-5.544643216459644e-05
2025-04-01,13911628.089100024,15289792.708986554,-0.0007863806654739847
2025-04-02,13903378.089100026,15268254.930953154,-0.0005930290794980975
2025-04-03,14015623.089100024,15283935.954634449,0.008073217838188151
2025-04-07,13582996.089100026,14592042.935060697,-0.030867482469363328
2025-04-08,14025223.089100026,14968453.55957245,0.03255739728548357
2025-04-09,14204469.089100024,14943900.231804699,0.012780260168503421
2025-04-10,14127003.089100024,14978423.91498273,-0.005453635719440242
2025-04-11,14038222.089100024,14888988.790772393,-0.006284489317376907
2025-04-14,14095836.089100024,15006581.415242746,0.004104080960845691
2025-04-15,14263849.089100024,15113138.683765413,0.01191933553554314
2025-04-16,14386372.089100024,15244037.48848186,0.00858975717105892
2025-04-17,14346048.089100024,15213158.477679623,-0.002802930422643013
2025-04-18,14362041.089100024,15272686.60638975,0.001114801783785424
2025-04-21,14229755.089100026,15190078.134444816,-0.009210807793914144
2025-04-22,14265566.089100024,15190939.299916659,0.0025166279936490454
2025-04-23,14230576.089100024,15159683.098733328,-0.002452759307374097
2025-04-24,14334533.089100026,15256799.258189995,0.0073051856333228304
2025-04-25,14220154.089100024,15206261.519247092,-0.007979262337255766
2025-04-28,14261276.089100026,15322303.791849235,0.0028918111394813373
2025-04-29,14196772.089100026,15260866.467062125,-0.004523017407208063
2025-04-30,14193837.089100024,15116555.14576485,-0.0002067371358490666
2025-05-06,14146133.089100026,15119932.828607963,-0.003360895274515441
2025-05-07,14218477.089100026,15275939.598436315,0.005114047743248085
2025-05-08,14267611.089100024,15282870.090547219,0.0034556443486950528
2025-05-09,14350969.089100024,15376210.805502202,0.005842463708846335
2025-05-12,14367377.089100026,15414686.075080212,0.001143337421893209
2025-05-13,14391141.089100024,15509617.236980481,0.0016540249380680994
2025-05-14,14495802.089100026,15615978.179218799,0.007272599118583578
2025-05-15,14601052.089100026,15605842.258961763,0.007260722749460102
2025-05-16,14533432.089100024,15492044.324683158,-0.004631173122824572
2025-05-19,14606439.089100024,15536699.824100213,0.005023383296692607
2025-05-20,14775919.089100024,15643296.552390475,0.01160310182147506
2025-05-21,14919283.089100024,15767801.890001675,0.009702543654679152
2025-05-22,14966482.089100024,15792029.357868273,0.003163623863031484
2025-05-23,14864823.089100024,15654722.507600036,-0.006792444570126288
2025-05-26,14815617.089100026,15632744.649658294,-0.003310231121154694
2025-05-27,14746395.089100024,15599236.39475079,-0.0046722319822188885
2025-05-28,14919696.089100026,15703471.340773093,0.011752092559089267
2025-05-29,14781938.089100024,15685461.233281955,-0.009233297995972167
2025-05-30,14788589.089100026,15686150.055465069,0.00044994099961126466
2025-06-03,14630905.089100024,15643902.469814317,-0.010662545226591158
2025-06-04,14577549.089100024,15643070.251290292,-0.003646801047171744
2025-06-05,14469752.089100024,15632904.584729811,-0.0073947272851649926
2025-06-06,14440202.089100024,15648428.190918468,-0.0020421911735626352
2025-06-09,14466470.089100024,15705764.429621562,0.0018190881151052274
2025-06-10,14397813.089100024,15669186.094202,-0.004745940065346788
2025-06-11,14447375.089100026,15751820.485066285,0.0034423283378726133
2025-06-12,14352165.089100024,15711029.366211977,-0.006590124462943714
2025-06-13,14397214.089100024,15743152.442032864,0.0031388295577936542
2025-06-16,14357927.089100024,15753215.827968564,-0.002728791817421361
2025-06-17,14438603.089100024,15798367.218670933,0.005618916957814024
2025-06-18,14397632.089100024,15800860.454287035,-0.0028376013764745966
2025-06-19,14306212.089100024,15751291.858462859,-0.006349655237350538
2025-06-20,14366537.089100024,15802071.700030353,0.004216699684325365
2025-06-23,14489465.089100024,15844480.585073294,0.008556550492133885
2025-06-24,14511382.089100024,15878195.891529353,0.0015126162260115095
2025-06-25,14546953.089100024,15940405.547760746,0.0024512482533773916
2025-06-26,14571235.089100024,15963507.833942141,0.001669215529277679
2025-06-27,14472596.089100024,15829639.27788291,-0.0067694330231338196
2025-06-30,14422046.089100024,15782796.170982616,-0.0034928080414039497
2025-07-01,14448451.289200025,15933930.66940976,0.001830891396190859
2025-07-02,14611286.289200027,16033578.84694167,0.011270066025811154
2025-07-03,14556228.289200027,15951613.092259431,-0.0037681829587239424
2025-07-04,14552024.289200027,16020911.516527932,-0.0002888110791117171
2025-07-07,14390774.289200027,15927159.502518592,-0.011080932576485125
2025-07-08,14453921.289200025,15937963.342760745,0.004388019625003015
2025-07-09,14457156.289200027,15946084.943228483,0.0002238146960451548
2025-07-10,14523623.289200027,16070317.75024053,0.004597515491317816
2025-07-11,14580348.289200027,16001530.155265484,0.003905705819441163
2025-07-14,14600169.289200027,16054006.170320822,0.001359432546250039
2025-07-15,14567245.289200027,15971280.982027201,-0.0022550423455949264
2025-07-16,14533314.289200027,15946497.69021161,-0.002329266743737457
2025-07-17,14671830.289200027,15919697.886563655,0.009530929920295916
2025-07-18,14733987.289200027,15996790.14591852,0.0042364857536385525
2025-07-21,14792588.289200027,16126655.67507638,0.003977266903369303
2025-07-22,15167275.289200027,16351536.083754905,0.025329373918528963
2025-07-23,15198633.289200027,16334464.378116326,0.002067477473843171
2025-07-24,15219552.289200027,16304732.916096324,0.001376373756899918
2025-07-25,14998445.289200027,16168597.958028242,-0.01452782551014331
2025-07-28,14884560.289200027,16012874.321722746,-0.007593120340413262
2025-07-29,14854150.289200027,15996629.14051953,-0.002043056657982989
2025-07-30,14886309.289200027,16141537.26079546,0.002164984154184868
2025-07-31,14575327.289200027,15885925.550015762,-0.020890470160096486
2025-08-01,14599106.289200027,15808617.07407559,0.0016314556461192176
2025-08-04,14647518.289200027,15836242.703430654,0.0033160933992113506
2025-08-05,14730765.289200025,15931451.989402851,0.005683351838609907
2025-08-06,14982028.289200027,15981417.411669198,0.01705702284077648
2025-08-07,15091702.289200027,16032764.931683041,0.007320370638938201
2025-08-08,15082430.289200027,16085388.15782968,-0.0006143773460621782
2025-08-11,15017180.289200027,15987548.942243885,-0.004326225863395705
2025-08-12,15120791.289200027,16071148.745174294,0.006899497642344654
2025-08-13,15056249.289200027,16010280.490443112,-0.004268427410019093
2025-08-14,14989994.289200027,15936962.131432606,-0.004400498339750869
2025-08-15,15007053.289200027,15948979.31208053,0.0011380257837916297
2025-08-18,14942318.289200027,15957550.365605641,-0.0043136383107660325
2025-08-19,14949639.289200027,15966279.976134824,0.0004899507464843911
2025-08-20,15099160.289200027,16038945.678888617,0.010001646000115771
2025-08-21,15144350.289200027,16117851.102781354,0.0029928816658979507
2025-08-22,15220432.289200027,16136320.92577893,0.005023787653291256
2025-08-25,15367359.289200027,16306958.604146665,0.009653273784099747
2025-08-26,15246928.289200027,16275263.046972448,-0.007836805122701684
2025-08-27,15017958.289200027,16030325.485807166,-0.015017451099457735
2025-08-28,14792894.289200027,15998087.717191286,-0.014986324749739932
2025-08-29,14695263.289200027,15994517.670282885,-0.006599857883881288
2025-09-01,14639605.289200027,15960192.03972659,-0.0037874789246481466
2025-09-02,14578554.289200027,16152037.263126308,-0.004170262708178218
2025-09-03,14475365.289200027,16019444.17169948,-0.007078136689894099
2025-09-04,14519768.289200027,16023703.339289896,0.00306748735613116
2025-09-05,14621458.289200027,16042930.912952136,0.007003555289214702
2025-09-08,14688085.289200027,16067582.16144769,0.004556795819006254
2025-09-09,14711238.289200027,16056862.013879985,0.0015763116528895171
2025-09-10,14602191.289200025,16044619.895025121,-0.00741249634166119
2025-09-11,14755548.289200027,16174880.483632594,0.010502327833044278
2025-09-12,14619961.289200027,16122054.210537182,-0.009188882537102261
2025-09-15,14587756.289200027,16068748.350932516,-0.002202810210160444
2025-09-16,14501566.289200027,15965544.121700296,-0.005908379485597082
2025-09-17,14643735.289200027,16014917.849391807,0.009803699625597018
2025-09-18,14390948.289200027,15662175.196849111,-0.01726246719212643
2025-09-19,14533464.289200025,15740650.102225853,0.009903169487931018
2025-09-22,14394053.289200027,15634831.423210079,-0.009592413565401303
2025-09-23,14395574.289200027,15723966.238510547,0.0001056686375575655
2025-09-24,14776676.289200027,15822092.071352212,0.02647355307567789
2025-09-25,15067296.289200027,15832351.9416361,0.01966748098910509
2025-09-26,15561076.289200027,15986306.205361182,0.032771639352040305
2025-09-29,15889467.289200027,15995505.750707649,0.02110336032655513
2025-09-30,15726456.289200027,15896109.563997876,-0.01025906010774813
2025-10-09,16047324.88310003,16163544.871049713,0.020403108494337463
2025-10-10,16191783.88310003,16320975.897850076,0.009002061156756058
2025-10-13,16047270.88310003,16193109.862407846,-0.008925082068988899
2025-10-14,16240561.88310003,16347709.22321989,0.012045101089653842
2025-10-15,16617307.883100027,16392661.199506786,0.023197842704693716
2025-10-16,16760880.88310003,16508475.3633205,0.008639967497142909
2025-10-17,16680496.88310003,16445441.370172715,-0.004795929316641745
2025-10-20,16892359.883100025,16565662.686881091,0.012701240345822429
2025-10-21,16914338.88310003,16583879.25030826,0.0013011207523463408
2025-10-22,16913446.88310003,16721179.613326782,-5.273632071378653e-05
2025-10-23,17164250.88310003,16911283.658792682,0.014828674588537316
2025-10-24,17166999.883100025,16872425.549843576,0.00016015846067030104
2025-10-27,17349917.88310003,17001547.35571176,0.010655210650992952
2025-10-28,17037776.88310003,16876705.208984215,-0.017990920885224804
2025-10-29,17338543.88310003,16898991.669056457,0.017652948624907516
2025-10-30,17447105.88310003,16952264.880596135,0.006261310103774953
2025-10-31,17306233.883100025,16819740.119343836,-0.008074233110286655
2025-11-03,17687041.88310003,17090803.413838897,0.022004094164697063
2025-11-04,17521935.88310003,17113585.152784236,-0.009334856619396481
2025-11-05,17596017.88310003,17076678.108667303,0.004227957486789613
2025-11-06,18061088.88310003,17254731.75724521,0.02643046870546062
2025-11-07,18058722.883100025,17258215.993168604,-0.00013099985362552413
2025-11-10,18321261.883100025,17502075.93408444,0.014538071252297335
2025-11-11,18113067.88310003,17431152.227715272,-0.011363518589952548
2025-11-12,18284009.88310003,17543421.326925807,0.009437495685614472
2025-11-13,18306540.88310003,17522473.19541265,0.0012322789226244524
2025-11-14,17922301.88310003,17408339.498028234,-0.020989164608083644
2025-11-17,17874580.88310003,17365170.818512373,-0.002662660204658107
2025-11-18,17572997.88310003,17274317.822801095,-0.016872171827264415
2025-11-19,17708405.88310003,17479412.869454697,0.007705458163755896
2025-11-20,17604993.88310003,17411783.75673057,-0.005839712545706366
2025-11-21,17484930.88310003,17239630.4732975,-0.0068198262832260825
2025-11-24,17342544.88310003,17087551.025812723,-0.008143355038230271
2025-11-25,17410853.88310003,17156486.90888687,0.003938810622111433
2025-11-26,17383694.88310003,17084748.63001235,-0.0015598890314255653
2025-11-27,17526318.88310003,17197491.59580125,0.008204469818361426
2025-11-28,17540624.883100025,17207670.990460552,0.000816258114177737
2025-12-01,17731265.88310003,17335474.349954497,0.010868540959660056
2025-12-02,17792566.883100025,17457694.46046785,0.0034572263708720907
2025-12-03,17939924.88310003,17507880.952346154,0.008281997812241926
2025-12-04,17949361.88310003,17478956.351130683,0.0005260334177257242
2025-12-05,18219518.88310003,17528782.251859576,0.01505106430855152
2025-12-08,18118010.88310003,17449525.627786003,-0.005571387513100379
2025-12-09,17753068.88310003,17311953.984366056,-0.020142498111666796
2025-12-10,17735440.88310003,17203943.21959702,-0.000992955083770397
2025-12-11,17629614.88310003,17113265.26235713,-0.005966922429362365
2025-12-12,17651200.88310003,17117251.759104453,0.0012244169905657465
2025-12-15,17620288.88310003,17107233.57320371,-0.001751268947915996
2025-12-16,17422605.88310003,16970742.970440473,-0.01121905556211411
2025-12-17,17563430.88310003,17057644.776678476,0.008082889605888433
2025-12-18,17667381.88310003,17235064.93369215,0.005918604439638431
2025-12-19,17778413.88310003,17283037.30688341,0.006284575764234246
2025-12-22,17834069.88310003,17307009.904507283,0.003130537986457016
2025-12-23,17835920.883100025,17320023.6080707,0.00010379010579919523
2025-12-24,17782227.88310003,17387076.584069017,-0.0030103856342439395
2025-12-25,17726211.88310003,17422847.245711513,-0.0031501114690604126
2025-12-26,17858089.88310003,17426542.4576696,0.007439717006075597
2025-12-29,17662622.88310003,17388427.92303662,-0.010945571518540698
2025-12-30,17786068.88310003,17523532.011718318,0.006989109194994736
2025-12-31,17723393.88310003,17594447.627769988,-0.003523825327110486
2026-01-05,18077877.82310003,17552774.60127815,0.02000090627890505
2026-01-06,18256279.82310003,17795988.35167133,0.009868525594969757
2026-01-07,18294151.82310003,17746640.105015114,0.002074464259256059
2026-01-08,18140077.82310003,17605240.125389878,-0.008422035713372078
2026-01-09,18345480.82310003,17742424.54089705,0.011323159801356342
2026-01-12,18295617.82310003,17696448.86945466,-0.0027179990800357823
2026-01-13,18224777.82310003,17735345.318279564,-0.0038719654446737195
2026-01-14,18147929.82310003,17647750.672079418,-0.004216676918968765
2026-01-15,18056218.82310003,17585304.113872696,-0.005053524059987491
2026-01-16,17926344.82310003,17415857.591262985,-0.0071927573138318435
2026-01-19,17922105.82310003,17563971.637889665,-0.00023646761466611377
2026-01-20,18094073.82310003,17747006.334427215,0.00959530100410122
2026-01-21,17751584.82310003,17514974.449633565,-0.018928241552919722
2026-01-22,17902889.82310003,17557609.238920882,0.008523464327709451
2026-01-23,17684080.82310003,17474419.97446743,-0.012221993329684211
2026-01-26,17911546.82310003,17658343.845615726,0.012862755054979802
2026-01-27,17610631.82310003,17524847.531009167,-0.016800056576460443
2026-01-28,17679466.82310003,17780781.597326454,0.0039087183635120315
2026-01-29,17942423.82310003,17957258.595336728,0.014873582027735033
2026-01-30,17920398.82310003,17824490.294539362,-0.0012275376068000554
2026-02-02,17445670.82310003,17386677.98861595,-0.026490928281577064
2026-02-03,17364109.82310003,17384345.527657658,-0.004675142665881538
2026-02-04,18183263.82310003,17758455.579749644,0.04717512203880747
2026-02-05,18022654.82310003,17727775.784987655,-0.008832792702263004
2026-02-06,17950909.82310003,17777412.688368656,-0.003980823064315908
2026-02-09,18139689.82310003,17848011.83121271,0.010516458600726253
2026-02-10,18220572.82310003,17886250.161829177,0.004458896529586642
2026-02-11,18317496.82310003,17958068.31699344,0.005319481497152445
2026-02-12,18234044.82310003,17870462.377724424,-0.004555862670862276
2026-02-13,17952768.82310003,17590284.97181623,-0.01542586972494775
2026-02-24,18211603.82310003,17793148.05192164,0.014417553222595636
2026-02-25,18126184.82310003,17802365.031962425,-0.004690361202106308
2026-02-26,17943457.82310003,17702700.64359324,-0.010080830675804009
2026-02-27,18070097.82310003,17801121.61294624,0.007057725509124868
2026-03-02,18535531.82310003,18293445.350706555,0.02575713781720701
2026-03-03,18732893.82310003,18577770.543291558,0.010647765701226719
2026-03-04,18687164.82310003,18472715.124837466,-0.0024411070938549218
2026-03-05,18671979.82310003,18568600.800056566,-0.0008125898253559249
2026-03-06,18742031.82310003,18510816.965345554,0.0037517178501518256
2026-03-09,19078160.82310003,18629810.83830187,0.01793450161501231
2026-03-10,18876553.82310003,18358460.013454217,-0.010567423236934492
2026-03-11,19143419.82310003,18666717.06617615,0.014137432208278566
2026-03-12,19622591.82310003,18910759.392679267,0.025030637390180077
2026-03-13,19570874.82310003,18800938.93406812,-0.002635584558158044
2026-03-16,19492772.82310003,18669716.986603424,-0.003990726051132598
2026-03-17,19357598.82310003,18540460.49031018,-0.006934570121281625
2026-03-18,19325802.82310003,18430144.09434384,-0.0016425590947807267
2026-03-19,19664775.82310003,18496651.299943242,0.017539918165512258
2026-03-20,19741396.82310003,18321995.058483597,0.0038963576645503206
2026-03-23,19459291.82310003,18029416.34164199,-0.014290022257690493
2026-03-24,19314528.82310003,18129141.87406031,-0.007439273808934388
2026-03-25,19099230.82310003,18170925.56908447,-0.011146945492271354
2026-03-26,19240652.82310003,18236331.20322457,0.007404591384327031
2026-03-27,19219444.82310003,18235792.178034894,-0.0011022495023941259
2026-03-30,19297951.82310003,18379204.039571103,0.004084769394880894
2026-03-31,19047703.82310003,18311377.608493518,-0.012967593778550501
2026-04-01,18973725.20800003,18312260.260924503,-0.00388386000680474
2026-04-02,19022200.20800003,18420742.57489575,0.002554848848530966
2026-04-03,18791024.20800003,18201529.908590514,-0.012152957989726931
2026-04-07,18876173.20800003,18361799.15165103,0.004531365563551715
2026-04-08,19156052.20800003,18492710.882160068,0.014827104885930087
2026-04-09,18878429.20800003,18487176.536278956,-0.01449270428925109
2026-04-10,18789216.20800003,18406517.023915358,-0.004725657999246846
2026-04-13,18746275.20800003,18349925.622326262,-0.0022854066675604967
2026-04-14,18923044.20800003,18482136.298584335,0.009429553233303745
2026-04-15,18858772.20800003,18444278.030506745,-0.003396493676890988
2026-04-16,18841531.20800003,18562600.868287116,-0.0009142164616997572
2026-04-17,18796769.20800003,18445832.4693063,-0.0023757092513263522
2026-04-20,18734618.20800003,18440934.528553978,-0.0033064724747244867
2026-04-21,19145066.20800003,18607684.006895434,0.02190853293315209
2026-04-22,19133627.20800003,18496754.252802677,-0.0005974907517019012
2026-04-23,19205486.20800003,18587151.6204361,0.0037556391801107925
2026-04-24,19111130.20800003,18569053.463405024,-0.004912971167618574
2026-04-27,19328769.20800003,18551538.24228315,0.01138807582970136
2026-04-28,19559658.20800003,18717841.872399047,0.011945354487674198
2026-04-29,20280940.20800003,18972802.90756716,0.03687600224552967
2026-04-30,20654097.20800003,18964363.908722036,0.018399393527761765
2026-05-06,21182814.20800003,18989791.242717117,0.025598649734020373
2026-05-07,20876877.20800003,18659821.37224638,-0.014442698547790567
2026-05-08,20720698.20800003,18570679.02403579,-0.007480956009079387
2026-05-11,21170731.20800003,18663138.037706543,0.021719007510386357
2026-05-12,21203023.20800003,18707170.44197414,0.0015253134000301483
2026-05-13,21782821.20800003,18782462.98994045,0.027345062744695614
2026-05-14,21735320.20800003,18758597.933175784,-0.002180663356064927
2026-05-15,21721966.20800003,18706996.08651227,-0.000614391684696014
2026-05-18,22422173.20800003,18799336.501976803,0.03223497326600744
2026-05-19,21909408.20800003,18923553.984171372,-0.02286865752232481
2026-05-20,21948307.20800003,18797370.6607344,0.0017754473160893625
2026-05-21,20899045.20800003,18470878.266039107,-0.0478060558409511
2026-05-22,20865909.20800003,18402518.671406675,-0.001585526978395868
2026-05-25,20992287.20800003,18315994.961051702,0.006056673530983492
2026-05-26,20968244.20800003,18495371.889280405,-0.0011453254122226753
2026-05-27,21048892.20800003,18359763.81715478,0.003846197096904813
2026-05-28,20808964.20800003,18236888.395567115,-0.011398604621520647
2026-05-29,21183669.20800003,18489467.033503175,0.018006902998850105
2026-06-01,21253476.20800003,18646433.40816087,0.0032953214721478385
2026-06-02,21232608.20800003,18764356.59061841,-0.0009818629101315812
2026-06-03,21357504.20800003,18807105.11531766,0.005882273095066282
2026-06-04,21340523.20800003,18540226.646989327,-0.0007950835375998277
2026-06-05,21097136.20800003,18495830.14776229,-0.011404921876927543
2026-06-08,20867777.20800003,18480975.15657081,-0.010871570327778746
2026-06-09,20678840.20800003,18293099.63424384,-0.009054006956120242
2026-06-10,20832297.20800003,18360813.27838835,0.007420967445777249
2026-06-11,21101637.20800003,18382290.73764287,0.012928963009253058
2026-06-12,21226732.20800003,18481970.07984082,0.0059282129991589105
2026-06-15,20931910.20800003,18150833.72702288,-0.01388918450146015
2026-06-16,20560388.20800003,17808003.168421905,-0.01774907288958305
2026-06-17,20623922.20800003,17689423.926162474,0.003090116750581462
2026-06-18,20664417.20800003,17365091.554076973,0.0019634965450117114
2026-06-22,20936446.20800003,17598611.093829013,0.013164126394751952
2026-06-23,20684057.20800003,17383222.098020975,-0.01205500673287907
2026-06-24,20689110.20800003,17263060.96288542,0.00024429443165741027
2026-06-25,20543081.20800003,17041646.23520165,-0.007058254247373719
2026-06-26,20611392.20800003,17024672.475983206,0.0033252558030778534
2026-06-29,21237411.20800003,17170946.141574655,0.030372475264287102
2026-06-30,20925552.20800003,16739353.956900338,-0.014684416897409958
2026-07-01,20951437.367200032,16878163.948823914,0.0012370120005771312
2026-07-02,21120126.367200032,17041726.472819444,0.00805142850313878
2026-07-03,21634413.367200032,17166893.687657095,0.024350564530650542
2026-07-06,22061412.367200032,17512672.211245853,0.019737026964982363
2026-07-07,21670318.367200032,17403244.782955516,-0.017727514154146418
2026-07-08,21611676.367200032,17553673.57036226,-0.0027060977603706737
2026-07-09,21161144.367200032,17483864.53064485,-0.020846693812413886
2026-07-10,21946338.367200032,17607595.935974777,0.03710546019510441
2026-07-13,21937759.367200032,17784028.927545466,-0.0003909080347007654
2026-07-14,22979752.367200032,18186044.02759568,0.04749769484471256
2026-07-15,23659334.367200032,18319876.986417342,0.029573077600696607
2026-07-16,23386929.367200032,18050882.1485587,-0.011513637525561449
2026-07-17,22966768.367200032,18133146.494930394,-0.017965633427245553
2026-07-20,23799338.367200032,18734278.90501776,0.03625107314571241
2026-07-21,23487414.367200032,18446627.08905629,-0.013106414774533781
2026-07-22,23795109.367200032,18669855.162633136,0.01310042030125258
2026-07-23,24459695.367200032,18890059.759070456,0.027929520715550327
2026-07-24,23735774.367200032,18769067.1921935,-0.029596484712183457
2026-07-27,23656210.367200032,18735917.647215307,-0.0033520709612890887
2026-07-28,23832563.367200032,18897504.95754455,0.007454828869991603
2026-07-29,24414273.367200032,19039594.334632516,0.02440820112538078
2026-07-30,24801463.367200032,19419103.296629604,0.015859165422476895
2026-07-31,24612538.367200032,19269060.541367374,-0.007617494064880659
2026-08-03,24148060.367200032,19262961.36962086,-0.018871600851173786
2026-08-04,24093640.367200032,18955355.977144692,-0.0022535971491075557
2026-08-05,24335086.367200032,18863173.577790692,0.010021150657195665
2026-08-06,24326514.367200032,19047373.559091114,-0.00035224859573756984
2026-08-07,24474150.367200032,19083784.82853305,0.006068933582982217
2026-08-10,24883815.367200032,19356782.042263854,0.01673868117395516
2026-08-11,24654941.367200032,19372282.15902026,-0.009197705280424295
2026-08-12,24880897.367200032,19240292.300447483,0.009164734834884003
2026-08-13,24017668.367200032,19118061.09660986,-0.034694448004032874
2026-08-14,23841654.367200032,19130293.059403546,-0.00732852154126562
2026-08-17,24165002.367200032,19171076.099142957,0.01356231388224649
2026-08-18,23996832.367200032,19304333.612502255,-0.006959237886451142
2026-08-19,23941186.367200032,19584594.46911463,-0.00231888939125402
2026-08-20,23695260.367200032,19508896.403803326,-0.010272089119899408
2026-08-21,23910866.367200032,19547425.84224852,0.009099119260932431
2026-08-24,24125097.367200032,19609667.55817073,0.00895956661335684
2026-08-25,24079284.367200032,19499807.496249907,-0.0018989767917905187
2026-08-26,24353351.367200032,19527207.899084955,0.011381858190657956
2026-08-27,24588628.367200032,19594523.351974517,0.009660970124911739
2026-08-28,24890234.367200032,19668235.459656708,0.012266076639001477
2026-08-31,24797205.367200032,19853551.53048064,-0.003737570270635593
2026-09-01,24727018.367200032,19868361.601596117,-0.0028304399209775344
2026-09-02,24528179.367200032,19769159.574968833,-0.008041365806714329
2026-09-03,24921854.367200032,19807905.558290802,0.016049907092836824
2026-09-04,24810092.367200032,19756542.000772826,-0.004484497756599204
2026-09-07,24557559.367200032,19510605.92932407,-0.010178640057537991
2026-09-08,24723234.367200032,19648038.614576742,0.0067463951739961114
2026-09-09,25543476.367200032,19847694.044465557,0.03317696980166174
2026-09-10,25245980.367200032,19811538.66909908,-0.011646652778319888
2026-09-11,24724205.367200032,19712929.51255276,-0.0206676465881237
