date,stock_code,name,industry,dividend_yield,roe,factor,selected
2022-07-01,000933,神火股份,有色金属,3.499222127914179e-06,18.83,6.5890352668624e-05,1
2022-07-01,000651,格力电器,家用电器,1.1266337958963498e-05,3.98,4.484002507667472e-05,1
2022-07-01,603156,养元饮品,食品饮料,8.888887640169265e-06,4.12,3.662221707749737e-05,1
2022-07-01,600028,中国石化,石油石化,1.151960773470418e-05,2.88,3.3176470275948035e-05,1
2022-07-01,002532,天山铝业,有色金属,6.172838992019034e-06,5.06,3.123456529961631e-05,0
2022-07-01,601088,中国神华,煤炭,5.4649758530331145e-06,4.9,2.6778381679862263e-05,0
2022-07-01,601225,陕西煤业,煤炭,3.676470588235294e-06,6.45,2.3713235294117647e-05,0
2022-07-01,601166,兴业银行,银行,5.201004974040073e-06,3.95,2.0543969647458287e-05,0
2022-07-01,601939,建设银行,银行,5.361869834741598e-06,3.37,1.8069501343079186e-05,0
2022-07-01,600887,伊利股份,食品饮料,2.497398568325643e-06,7.12,1.7781477806478578e-05,0
2022-07-01,601006,大秦铁路,交通运输,7.261662717526235e-06,2.36,1.7137524013361913e-05,0
2022-07-01,000333,美的集团,家用电器,2.838778893805492e-06,5.58,1.5840386227434645e-05,0
2022-07-01,601398,工商银行,银行,5.576516116789791e-06,2.75,1.5335419321171923e-05,0
2022-07-01,600377,宁沪高速,交通运输,5.4117651798131055e-06,2.57,1.390823651211968e-05,0
2022-07-01,601857,中国石油,石油石化,4.300189767133525e-06,3.04,1.3072576892085917e-05,0
2022-07-01,600036,招商银行,银行,3.027988164130872e-06,4.11,1.2445031354577885e-05,0
2022-07-01,000703,恒逸石化,石油石化,2.8674688297614542e-06,2.79,8.000238035034457e-06,0
2022-07-01,601728,中国电信,通信,4.569892418935757e-06,1.67,7.631720339622715e-06,0
2022-07-01,600900,长江电力,公用事业,2.878289455332502e-06,1.72,4.950657863171904e-06,0
2022-07-01,600795,国电电力,公用事业,1.0050251811067455e-06,2.29,2.301507664734447e-06,0
2022-07-01,600941,中国移动,通信,1.4544008022747277e-07,2.12,3.083329700822423e-07,0
2022-10-10,601225,陕西煤业,煤炭,5.839100346020761e-06,20.05,0.00011707396193771626,1
2022-10-10,000651,格力电器,家用电器,9.16004951324995e-06,7.75,7.09903837276871e-05,1
2022-10-10,000933,神火股份,有色金属,2.750611315766464e-06,21.26,5.847799657319503e-05,1
2022-10-10,601088,中国神华,煤炭,7.942464017083413e-06,5.79,4.5986866658912966e-05,1
2022-10-10,600938,中国海油,石油石化,6.097622016846647e-06,7.07,4.3110187659105797e-05,0
2022-10-10,600028,中国石化,石油石化,1.0829493084629231e-05,2.65,2.869815667426746e-05,0
2022-10-10,601006,大秦铁路,交通运输,7.153502158443291e-06,3.45,2.4679582446629354e-05,0
2022-10-10,000333,美的集团,家用电器,3.425492326683205e-06,6.73,2.305356335857797e-05,0
2022-10-10,002532,天山铝业,有色金属,5.714285346648978e-06,4.01,2.29142842400624e-05,0
2022-10-10,600377,宁沪高速,交通运输,6.3888892411676526e-06,3.07,1.9613889970384694e-05,0
2022-10-10,601728,中国电信,通信,7.474226765305055e-06,2.55,1.905927825152789e-05,0
2022-10-10,601857,中国石油,石油石化,5.669829240237545e-06,3.28,1.8597039907979148e-05,0
2022-10-10,601939,建设银行,银行,6.594203182092148e-06,2.73,1.8002174687111566e-05,0
2022-10-10,600036,招商银行,银行,4.786212774508505e-06,3.75,1.7948297904406894e-05,0
2022-10-10,601398,工商银行,银行,6.727067106854301e-06,2.43,1.634677306965595e-05,0
2022-10-10,600887,伊利股份,食品饮料,2.972501144055712e-06,5.34,1.58731561092575e-05,0
2022-10-10,600900,长江电力,公用事业,3.490154120143436e-06,4.54,1.58452997054512e-05,0
2022-10-10,603156,养元饮品,食品饮料,1.0881393926079234e-05,1.44,1.5669207253554097e-05,0
2022-10-10,601166,兴业银行,银行,6.2765152080490585e-06,2.45,1.5377462259720196e-05,0
2022-10-10,000703,恒逸石化,石油石化,2.577628384878465e-06,3.95,1.0181632120269937e-05,0
2022-10-10,600941,中国移动,通信,2.3690244957810539e-07,3.58,8.481107694896173e-07,0
2022-10-10,600795,国电电力,公用事业,0.0,2.71,0.0,0
2023-01-03,000651,格力电器,家用电器,9.075494797336848e-06,7.16,6.498054274893183e-05,1
2023-01-03,600938,中国海油,石油石化,6.7618274198874905e-06,6.61,4.469567924545631e-05,1
2023-01-03,601088,中国神华,煤炭,9.068189996414128e-06,4.74,4.298322058300297e-05,1
2023-01-03,000933,神火股份,有色金属,2.964426593167453e-06,9.6,2.845849529440755e-05,1
2023-01-03,603156,养元饮品,食品饮料,9.302326401944123e-06,2.91,2.70697698296574e-05,0
2023-01-03,601225,陕西煤业,煤炭,7.226980728051391e-06,3.73,2.695663811563169e-05,0
2023-01-03,600377,宁沪高速,交通运输,5.502392226912755e-06,4.41,2.4265549720685248e-05,0
2023-01-03,601166,兴业银行,银行,5.824408190772999e-06,3.75,2.1841530715398745e-05,0
2023-01-03,601939,建设银行,银行,6.465364433732146e-06,3.14,2.030124432191894e-05,0
2023-01-03,000333,美的集团,家用电器,3.2170458819944143e-06,6.3,2.026738905656481e-05,0
2023-01-03,601006,大秦铁路,交通运输,7.2507475891889345e-06,2.76,2.0012063346161457e-05,0
2023-01-03,601398,工商银行,银行,6.8051073159122086e-06,2.81,1.9122351557713307e-05,0
2023-01-03,600028,中国石化,石油石化,1.0786483788779856e-05,1.67,1.801342792726236e-05,0
2023-01-03,601857,中国石油,石油石化,5.964071848923658e-06,2.83,1.687832333245395e-05,0
2023-01-03,600036,招商银行,银行,4.050068276649259e-06,4.15,1.6807783348094426e-05,0
2023-01-03,600900,长江电力,公用事业,3.8990913151048335e-06,4.28,1.6688110828648688e-05,0
2023-01-03,600887,伊利股份,食品饮料,3.1274197334926875e-06,4.07,1.272859831531524e-05,0
2023-01-03,601728,中国电信,通信,6.666666722688928e-06,1.46,9.733333415125834e-06,0
2023-01-03,002532,天山铝业,有色金属,2.5673939095744023e-06,1.79,4.5956350981381804e-06,0
2023-01-03,600941,中国移动,通信,2.3423544489180706e-07,2.28,5.3405681435332e-07,0
2023-01-03,600795,国电电力,公用事业,0.0,5.67,0.0,0
2023-01-03,000703,恒逸石化,石油石化,2.8069148328362157e-06,-1.76,-4.9401701057917395e-06,0
2023-04-03,000651,格力电器,家用电器,1.0591564318618392e-05,7.16,7.58356005213077e-05,1
2023-04-03,600938,中国海油,石油石化,5.933848557080027e-06,5.65,3.3526244347502156e-05,1
2023-04-03,000933,神火股份,有色金属,2.543810260937043e-06,11.25,2.8617865435541733e-05,1
2023-04-03,603156,养元饮品,食品饮料,8.81057413486408e-06,2.91,2.5638770732454472e-05,1
2023-04-03,601225,陕西煤业,煤炭,6.683168316831683e-06,3.73,2.4928217821782176e-05,0
2023-04-03,601088,中国神华,煤炭,9.107206909633356e-06,2.68,2.4407314517817395e-05,0
2023-04-03,000333,美的集团,家用电器,3.051500711323791e-06,6.3,1.9224454481339882e-05,0
2023-04-03,601006,大秦铁路,交通运输,6.648190874082991e-06,2.76,1.8349006812469056e-05,0
2023-04-03,601398,工商银行,银行,6.591014077206579e-06,2.74,1.8059378571546027e-05,0
2023-04-03,601939,建设银行,银行,6.117647324555805e-06,2.71,1.657882424954623e-05,0
2023-04-03,601166,兴业银行,银行,6.127865571628507e-06,2.65,1.6238843764815544e-05,0
2023-04-03,600900,长江电力,公用事业,3.713443385064692e-06,4.28,1.5893537688076885e-05,0
2023-04-03,600036,招商银行,银行,4.428326063099072e-06,3.33,1.474632579011991e-05,0
2023-04-03,600887,伊利股份,食品饮料,3.312114106573609e-06,4.07,1.348030441375459e-05,0
2023-04-03,600377,宁沪高速,交通运输,5.535499626406471e-06,1.94,1.0738869275228553e-05,0
2023-04-03,601857,中国石油,石油石化,4.9799999859761055e-06,2.15,1.0706999969848627e-05,0
2023-04-03,600028,中国石化,石油石化,8.53606620406408e-06,1.23,1.0499361430998819e-05,0
2023-04-03,601728,中国电信,通信,4.44785279297163e-06,0.71,3.157975483009857e-06,0
2023-04-03,002532,天山铝业,有色金属,2.645502926645483e-06,1.09,2.8835981900435767e-06,0
2023-04-03,600941,中国移动,通信,1.8172657172225518e-07,2.16,3.9252939492007123e-07,0
2023-04-03,600795,国电电力,公用事业,0.0,5.67,0.0,0
2023-04-03,000703,恒逸石化,石油石化,2.394639075687624e-06,-1.76,-4.214564773210219e-06,0
2023-07-03,000933,神火股份,有色金属,7.451564900835003e-06,9.18,6.840536578966533e-05,1
2023-07-03,601225,陕西煤业,煤炭,7.273706896551723e-06,6.3,4.5824353448275856e-05,1
2023-07-03,603156,养元饮品,食品饮料,7.148530321388928e-06,6.15,4.396346147654191e-05,1
2023-07-03,601088,中国神华,煤炭,8.151476275323973e-06,4.6,3.749679086649027e-05,1
2023-07-03,000651,格力电器,家用电器,7.923097190759406e-06,4.14,3.280162236974394e-05,0
2023-07-03,600938,中国海油,石油石化,5.621540731234061e-06,5.25,2.9513088838978824e-05,0
2023-07-03,600887,伊利股份,食品饮料,3.570202489880278e-06,6.97,2.4884311354465536e-05,0
2023-07-03,601166,兴业银行,银行,7.5047379245312864e-06,3.31,2.4840682530198557e-05,0
2023-07-03,000333,美的集团,家用电器,4.1445897124932095e-06,5.45,2.258801393308799e-05,0
2023-07-03,600036,招商银行,银行,4.513688222545091e-06,4.03,1.8190163536856715e-05,0
2023-07-03,601006,大秦铁路,交通运输,6.299535250561926e-06,2.81,1.7701694054079012e-05,0
2023-07-03,600377,宁沪高速,交通运输,4.665314434495439e-06,3.77,1.7588235418047806e-05,0
2023-07-03,601939,建设银行,银行,5.741325175878712e-06,3.06,1.756845503818886e-05,0
2023-07-03,601857,中国石油,石油石化,5.403836304036394e-06,3.14,1.6968045994674277e-05,0
2023-07-03,601398,工商银行,银行,6.01024849307827e-06,2.55,1.5326133657349588e-05,0
2023-07-03,600028,中国石化,石油石化,5.460455695839724e-06,2.52,1.3760348353516105e-05,0
2023-07-03,002532,天山铝业,有色金属,3.199433632178355e-06,2.17,6.94277098182703e-06,0
2023-07-03,601728,中国电信,通信,3.4146341211966894e-06,1.83,6.248780441789942e-06,0
2023-07-03,600900,长江电力,公用事业,3.4257522148615934e-06,1.75,5.995066376007788e-06,0
2023-07-03,000703,恒逸石化,石油石化,2.8602504758255115e-06,0.14,4.0043506661557167e-07,0
2023-07-03,600941,中国移动,通信,1.726003491419498e-07,2.2,3.7972076811228956e-07,0
2023-07-03,600795,国电电力,公用事业,0.0,2.11,0.0,0
2023-10-09,601225,陕西煤业,煤炭,1.1620469083155649e-05,4.52,5.252452025586353e-05,1
2023-10-09,000651,格力电器,家用电器,5.447437381449516e-06,8.26,4.4995832770773e-05,1
2023-10-09,000933,神火股份,有色金属,5.757052006105426e-06,6.96,4.0069081962493764e-05,1
2023-10-09,000333,美的集团,家用电器,4.389373384135981e-06,6.82,2.993552647980739e-05,1
2023-10-09,601088,中国神华,煤炭,8.082408933818169e-06,3.68,2.974326487645086e-05,0
2023-10-09,600887,伊利股份,食品饮料,3.914278130184479e-06,5.23,2.0471674620864825e-05,0
2023-10-09,600036,招商银行,银行,5.334561078399859e-06,3.77,2.011129526556747e-05,0
2023-10-09,601006,大秦铁路,交通运输,6.602476174514539e-06,2.95,1.947730471481789e-05,0
2023-10-09,600377,宁沪高速,交通运输,4.397705448958571e-06,3.84,1.688718892400091e-05,0
2023-10-09,601166,兴业银行,银行,7.324286471605535e-06,2.29,1.6772616019976675e-05,0
2023-10-09,601939,建设银行,银行,6.18440252273819e-06,2.67,1.6512354735710967e-05,0
2023-10-09,601857,中国石油,石油石化,5.436156780657662e-06,2.95,1.6036662502940105e-05,0
2023-10-09,601398,工商银行,银行,6.498911372714589e-06,2.34,1.5207452612152137e-05,0
2023-10-09,603156,养元饮品,食品饮料,7.416563579634122e-06,1.59,1.1792336091618256e-05,0
2023-10-09,600795,国电电力,公用事业,2.6954176588688406e-06,4.36,1.1752020992668147e-05,0
2023-10-09,600028,中国石化,石油石化,5.612091118772482e-06,1.87,1.0494610392104543e-05,0
2023-10-09,600900,长江电力,公用事业,3.639885689749615e-06,2.85,1.0373674215786403e-05,0
2023-10-09,601728,中国电信,通信,3.7406143538700414e-06,2.75,1.0286689473142614e-05,0
2023-10-09,002532,天山铝业,有色金属,3.015224467501606e-06,2.24,6.754102807203598e-06,0
2023-10-09,600938,中国海油,石油石化,3.849979925361244e-07,5.01,1.9288399426059834e-06,0
2023-10-09,600941,中国移动,通信,1.792002807747638e-07,3.72,6.666250444821214e-07,0
2023-10-09,000703,恒逸石化,石油石化,0.0,0.17,0.0,0
2024-01-02,601225,陕西煤业,煤炭,1.0210772833723651e-05,5.05,5.1564402810304436e-05,1
2024-01-02,000933,神火股份,有色金属,5.885695528099852e-06,7.9,4.6496994671988834e-05,1
2024-01-02,000651,格力电器,家用电器,6.224670730409877e-06,6.82,4.245225438139536e-05,1
2024-01-02,603156,养元饮品,食品饮料,8.542952113246536e-06,3.63,3.101091617108492e-05,1
2024-01-02,601088,中国神华,煤炭,7.87523157720548e-06,3.85,3.0319641572241096e-05,0
2024-01-02,000333,美的集团,家用电器,4.4848841817176615e-06,6.27,2.8120223819369737e-05,0
2024-01-02,600036,招商银行,银行,6.301667890518785e-06,3.83,2.4135388020686947e-05,0
2024-01-02,600887,伊利股份,食品饮料,3.95910718600581e-06,6.06,2.3992189547195207e-05,0
2024-01-02,601166,兴业银行,银行,8.010783917708854e-06,2.88,2.30710576830015e-05,0
2024-01-02,600900,长江电力,公用事业,3.46772889680042e-06,6.61,2.2921688007850777e-05,0
2024-01-02,600377,宁沪高速,交通运输,4.4019139905699484e-06,4.71,2.0733014895584457e-05,0
2024-01-02,601857,中国石油,石油石化,6.022408971073696e-06,3.28,1.9753501425121722e-05,0
2024-01-02,600795,国电电力,公用事业,3.504672881696752e-06,5.48,1.92056073916982e-05,0
2024-01-02,601006,大秦铁路,交通运输,6.50574517475956e-06,2.68,1.743539706835562e-05,0
2024-01-02,601939,建设银行,银行,5.9389148042904255e-06,2.93,1.7401020376570946e-05,0
2024-01-02,601398,工商银行,银行,6.3360993998796745e-06,2.63,1.6663941421683542e-05,0
2024-01-02,600028,中国石化,石油石化,6.077557479223891e-06,2.24,1.3613728753461517e-05,0
2024-01-02,002532,天山铝业,有色金属,3.273105493458014e-06,2.66,8.706460612598318e-06,0
2024-01-02,601728,中国电信,通信,4.081936725311269e-06,1.57,6.408640658738693e-06,0
2024-01-02,600938,中国海油,石油石化,3.6586832214396853e-07,5.29,1.9354434241415935e-06,0
2024-01-02,600941,中国移动,通信,1.7973233138641425e-07,2.28,4.097897155610245e-07,0
2024-01-02,000703,恒逸石化,石油石化,0.0,0.52,0.0,0
2024-04-01,000933,神火股份,有色金属,4.936202024973252e-06,9.57,4.723945337899402e-05,1
2024-04-01,601225,陕西煤业,煤炭,8.81520420541852e-06,5.05,4.451678123736352e-05,1
2024-04-01,603156,养元饮品,食品饮料,7.137192389337551e-06,3.63,2.590800837329531e-05,1
2024-04-01,600887,伊利股份,食品饮料,3.6946978003152576e-06,6.06,2.238986866991046e-05,1
2024-04-01,600900,长江电力,公用事业,3.3204941961399967e-06,6.61,2.194846663648538e-05,0
2024-04-01,601088,中国神华,煤炭,6.644085425185737e-06,2.84,1.886920260752749e-05,0
2024-04-01,000651,格力电器,家用电器,2.4847483371102807e-06,6.82,1.6945983659092115e-05,0
2024-04-01,600036,招商银行,银行,5.324754904711965e-06,3.13,1.6666482851748452e-05,0
2024-04-01,600795,国电电力,公用事业,3.030303182905708e-06,5.48,1.6606061442323282e-05,0
2024-04-01,601006,大秦铁路,交通运输,6.0191082439817375e-06,2.68,1.6131210093871057e-05,0
2024-04-01,601398,工商银行,银行,5.737224215415269e-06,2.57,1.474466623361724e-05,0
2024-04-01,000333,美的集团,家用电器,3.724692760259122e-06,3.76,1.4004844778574298e-05,0
2024-04-01,601939,建设银行,银行,5.629506802841681e-06,2.48,1.396117687104737e-05,0
2024-04-01,601166,兴业银行,银行,7.504732447570531e-06,1.54,1.1557287969258617e-05,0
2024-04-01,601857,中国石油,石油石化,4.414784404040892e-06,2.06,9.094455872324237e-06,0
2024-04-01,002532,天山铝业,有色金属,2.892511641160733e-06,2.66,7.69408096548755e-06,0
2024-04-01,600028,中国石化,石油石化,5.264968532778911e-06,0.93,4.896420735484387e-06,0
2024-04-01,600377,宁沪高速,交通运输,4.070796227770698e-06,1.11,4.5185838128254755e-06,0
2024-04-01,601728,中国电信,通信,3.641196046159244e-06,0.76,2.7673089950810258e-06,0
2024-04-01,600938,中国海油,石油石化,2.641119834747256e-07,4.0,1.0564479338989024e-06,0
2024-04-01,600941,中国移动,通信,1.696015157231355e-07,2.03,3.4429107691796503e-07,0
2024-04-01,000703,恒逸石化,石油石化,0.0,0.52,0.0,0
2024-07-01,601225,陕西煤业,煤炭,1.3007071082992183e-05,4.78,6.217379977670264e-05,1
2024-07-01,603156,养元饮品,食品饮料,7.366145523085108e-06,7.76,5.7161289259140434e-05,1
2024-07-01,600887,伊利股份,食品饮料,4.6207163051682e-06,10.52,4.860993553036946e-05,1
2024-07-01,000333,美的集团,家用电器,4.64513617220233e-06,5.37,2.4944381244726513e-05,1
2024-07-01,601088,中国神华,煤炭,5.631625463968306e-06,3.8,2.140017676307956e-05,0
2024-07-01,000933,神火股份,有色金属,3.81133869234656e-06,5.35,2.0390662004054097e-05,0
2024-07-01,600036,招商银行,银行,5.0582072460606005e-06,3.47,1.7551979143830284e-05,0
2024-07-01,601939,建设银行,银行,5.1386911359400805e-06,2.72,1.397723988975702e-05,0
2024-07-01,601857,中国石油,石油石化,4.2186001887570535e-06,3.11,1.3119846587034436e-05,0
2024-07-01,600377,宁沪高速,交通运输,3.530314654446821e-06,3.57,1.260322331637515e-05,0
2024-07-01,601006,大秦铁路,交通运输,5.756135270711811e-06,2.1,1.2087884068494804e-05,0
2024-07-01,601398,工商银行,银行,5.214762207007273e-06,2.3,1.1993953076116727e-05,0
2024-07-01,000651,格力电器,家用电器,2.56267623483943e-06,3.92,1.0045690840570566e-05,0
2024-07-01,600795,国电电力,公用事业,2.4875622596555723e-06,3.58,8.905472889566949e-06,0
2024-07-01,601728,中国电信,通信,3.822950792785048e-06,1.92,7.340065522147292e-06,0
2024-07-01,600900,长江电力,公用事业,2.785475600904815e-06,1.95,5.431677421764389e-06,0
2024-07-01,002532,天山铝业,有色金属,1.7867560640316528e-06,2.94,5.2530628282530596e-06,0
2024-07-01,600028,中国石化,石油石化,2.234812660128022e-06,2.23,4.983632232085489e-06,0
2024-07-01,000703,恒逸石化,石油石化,1.2778368167041849e-06,1.63,2.0828740112278212e-06,0
2024-07-01,600938,中国海油,石油石化,2.2485209344414257e-07,5.79,1.3018936210415855e-06,0
2024-07-01,600941,中国移动,通信,1.7288397665147794e-07,2.24,3.872601076993106e-07,0
2024-07-01,601166,兴业银行,银行,0.0,3.01,0.0,0
2024-10-08,000651,格力电器,家用电器,4.531530134743639e-06,7.91,3.5844403365822187e-05,1
2024-10-08,601225,陕西煤业,煤炭,5.026758409785932e-06,6.43,3.2322056574923545e-05,1
2024-10-08,000333,美的集团,家用电器,3.387722793065447e-06,7.0,2.371405955145813e-05,1
2024-10-08,000933,神火股份,有色金属,4.0816330984427005e-06,5.77,2.355102297801438e-05,1
2024-10-08,600795,国电电力,公用事业,2.222222292595113e-06,9.35,2.077777843576431e-05,0
2024-10-08,601088,中国神华,煤炭,5.325164919062225e-06,3.31,1.7626295882095965e-05,0
2024-10-08,600036,招商银行,银行,4.930046062336108e-06,3.29,1.6219851545085793e-05,0
2024-10-08,600377,宁沪高速,交通运输,3.418181725657195e-06,4.24,1.4493090516786507e-05,0
2024-10-08,601857,中国石油,石油石化,4.817987159976917e-06,2.88,1.387580302073352e-05,0
2024-10-08,601939,建设银行,银行,4.993738277449819e-06,2.39,1.1935034483105068e-05,0
2024-10-08,600887,伊利股份,食品饮料,4.143735155466582e-06,2.87,1.189251989618909e-05,0
2024-10-08,601166,兴业银行,银行,5.197401285922629e-06,2.24,1.164217888046669e-05,0
2024-10-08,601728,中国电信,通信,3.860360384101052e-06,2.91,1.123364871773406e-05,0
2024-10-08,601398,工商银行,银行,5.006541586674041e-06,2.15,1.0764064411349188e-05,0
2024-10-08,600900,长江电力,公用事业,2.8062970633152574e-06,3.7,1.0383299134266453e-05,0
2024-10-08,601006,大秦铁路,交通运输,5.524121921837167e-06,1.87,1.0330107993835502e-05,0
2024-10-08,600028,中国石化,石油石化,4.928774950289861e-06,2.09,1.0301139646105808e-05,0
2024-10-08,603156,养元饮品,食品饮料,6.819340923441425e-06,1.41,9.615270702052408e-06,0
2024-10-08,002532,天山铝业,有色金属,1.767657709385614e-06,5.4,9.545351630682316e-06,0
2024-10-08,600938,中国海油,石油石化,2.2817483718143e-07,5.61,1.2800608365878223e-06,0
2024-10-08,600941,中国移动,通信,1.74230055469075e-07,3.77,6.568473091184128e-07,0
2024-10-08,000703,恒逸石化,石油石化,1.279607010770399e-06,0.07,8.957249075392794e-08,0
2025-01-02,000933,神火股份,有色金属,6.532822878920438e-06,5.97,3.9000952587155016e-05,1
2025-01-02,601225,陕西煤业,煤炭,6.159169550173011e-06,5.87,3.6154325259515576e-05,1
2025-01-02,000651,格力电器,家用电器,5.063092583733182e-06,6.41,3.2454423461729696e-05,1
2025-01-02,600887,伊利股份,食品饮料,4.05966628797867e-06,6.11,2.4804561019549676e-05,1
2025-01-02,600900,长江电力,公用事业,2.808219167481394e-06,8.24,2.313972594004669e-05,0
2025-01-02,601088,中国神华,煤炭,5.306409985976606e-06,4.08,2.1650152742784554e-05,0
2025-01-02,000333,美的集团,家用电器,3.603912569382411e-06,5.83,2.1010810279499456e-05,0
2025-01-02,002532,天山铝业,有色金属,4.47409818599764e-06,3.9,1.7448982925390796e-05,0
2025-01-02,600036,招商银行,银行,5.120795703325598e-06,3.4,1.7410705391307032e-05,0
2025-01-02,600795,国电电力,公用事业,3.611738264631139e-06,4.42,1.5963883129669633e-05,0
2025-01-02,601857,中国石油,石油石化,5.131128833839374e-06,2.95,1.5136830059826153e-05,0
2025-01-02,603156,养元饮品,食品饮料,7.026169142875402e-06,2.04,1.433338505146582e-05,0
2025-01-02,601006,大秦铁路,交通运输,7.708026142875304e-06,1.8,1.3874447057175548e-05,0
2025-01-02,601939,建设银行,银行,4.656559202080207e-06,2.79,1.2991800173803778e-05,0
2025-01-02,601166,兴业银行,银行,5.496828355511906e-06,2.33,1.2807610068342741e-05,0
2025-01-02,600377,宁沪高速,交通运输,3.108465698245809e-06,3.83,1.1905423624281448e-05,0
2025-01-02,601398,工商银行,银行,4.505887417677749e-06,2.55,1.149001291507826e-05,0
2025-01-02,601728,中国电信,通信,3.6160337339507424e-06,1.66,6.002615998358232e-06,0
2025-01-02,600028,中国石化,石油石化,5.292580198231285e-06,1.04,5.504283406160537e-06,0
2025-01-02,600938,中国海油,石油石化,2.781378490238701e-07,5.14,1.4296285439826922e-06,0
2025-01-02,600941,中国移动,通信,1.665530680737539e-07,2.3,3.8307205656963394e-07,0
2025-01-02,000703,恒逸石化,石油石化,1.5372306461370333e-06,-0.8,-1.2297845169096268e-06,0
2025-04-01,601225,陕西煤业,煤炭,7.609097914904848e-06,5.87,4.4665404760491454e-05,1
2025-04-01,000651,格力电器,家用电器,5.198841336162332e-06,6.41,3.332457296480055e-05,1
2025-04-01,600900,长江电力,公用事业,3.691756295457349e-06,8.24,3.0420071874568556e-05,1
2025-04-01,600887,伊利股份,食品饮料,4.275159752741648e-06,6.11,2.6121226089251473e-05,1
2025-04-01,000933,神火股份,有色金属,5.851740887854389e-06,3.55,2.077368015188308e-05,0
2025-04-01,601088,中国神华,煤炭,5.847347966313603e-06,3.02,1.765899085826708e-05,0
2025-04-01,601939,建设银行,银行,6.885787626109168e-06,2.4,1.6525890302662002e-05,0
2025-04-01,601398,工商银行,银行,6.61472508724811e-06,2.46,1.627222371463035e-05,0
2025-04-01,600795,国电电力,公用事业,3.478260775183027e-06,4.42,1.5373912626308977e-05,0
2025-04-01,002532,天山铝业,有色金属,3.85338503188353e-06,3.9,1.5028201624345765e-05,0
2025-04-01,603156,养元饮品,食品饮料,6.978562659428323e-06,2.04,1.423626782523378e-05,0
2025-04-01,600036,招商银行,银行,4.599996311419695e-06,2.96,1.3615989081802298e-05,0
2025-04-01,601006,大秦铁路,交通运输,7.017216939937277e-06,1.8,1.2630990491887099e-05,0
2025-04-01,601857,中国石油,石油石化,5.454545443696015e-06,2.14,1.1672727249509474e-05,0
2025-04-01,000333,美的集团,家用电器,3.598227888310698e-06,3.21,1.155031152147734e-05,0
2025-04-01,601166,兴业银行,银行,4.891813780857067e-06,1.62,7.924738324988449e-06,0
2025-04-01,600377,宁沪高速,交通运输,3.0244528757156398e-06,2.19,6.623551797817251e-06,0
2025-04-01,600028,中国石化,石油石化,6.059219286102632e-06,0.74,4.483822271715947e-06,0
2025-04-01,601728,中国电信,通信,3.291933433682573e-06,0.82,2.6993854156197097e-06,0
2025-04-01,600938,中国海油,石油石化,3.028891806721106e-07,2.9,8.783786239491207e-07,0
2025-04-01,600941,中国移动,通信,1.78554831316829e-07,2.05,3.660374041994994e-07,0
2025-04-01,000703,恒逸石化,石油石化,1.5321283009172751e-06,-0.8,-1.2257026407338202e-06,0
2025-07-01,603156,养元饮品,食品饮料,6.361086156736402e-06,6.22,3.956595589490042e-05,1
2025-07-01,600887,伊利股份,食品饮料,4.409107327945347e-06,8.74,3.853559804624233e-05,1
2025-07-01,601225,陕西煤业,煤炭,7.003355592318975e-06,5.14,3.599724774451953e-05,1
2025-07-01,000651,格力电器,家用电器,7.356068217042328e-06,4.21,3.09690471937482e-05,1
2025-07-01,000333,美的集团,家用电器,4.421752354264658e-06,5.56,2.45849430897115e-05,0
2025-07-01,601166,兴业银行,银行,8.83612085202455e-06,2.67,2.3592442674905545e-05,0
2025-07-01,601939,建设银行,银行,7.903423579419666e-06,2.48,1.9600490476960772e-05,0
2025-07-01,002532,天山铝业,有色金属,4.590334977180947e-06,3.87,1.7764596361690263e-05,0
2025-07-01,601857,中国石油,石油石化,5.439814809164288e-06,3.04,1.6537037019859435e-05,0
2025-07-01,601088,中国神华,煤炭,5.520273550396113e-06,2.8,1.5456765941109114e-05,0
2025-07-01,000933,神火股份,有色金属,4.633927793527911e-06,3.21,1.4874908217224593e-05,0
2025-07-01,600028,中国石化,石油石化,8.609492201107166e-06,1.6,1.3775187521771466e-05,0
2025-07-01,600036,招商银行,银行,4.245464830894234e-06,3.02,1.2821303789300586e-05,0
2025-07-01,601398,工商银行,银行,5.872079714764146e-06,2.1,1.2331367401004706e-05,0
2025-07-01,601006,大秦铁路,交通运输,7.017216939937277e-06,1.61,1.1297719273299016e-05,0
2025-07-01,600795,国电电力,公用事业,3.2064127973857e-06,3.18,1.0196392695686526e-05,0
2025-07-01,600377,宁沪高速,交通运输,3.04010335041096e-06,3.1,9.424320386273977e-06,0
2025-07-01,600900,长江电力,公用事业,3.3915047836712424e-06,2.43,8.24135662432112e-06,0
2025-07-01,601728,中国电信,通信,3.3565891640172937e-06,1.94,6.5117829781935495e-06,0
2025-07-01,600938,中国海油,石油石化,3.07409914202392e-07,4.78,1.4694193898874339e-06,0
2025-07-01,600941,中国移动,通信,1.7337090354966707e-07,2.23,3.8661711491575756e-07,0
2025-07-01,000703,恒逸石化,石油石化,7.654594889964129e-07,0.21,1.607464926892467e-07,0
2025-10-09,000651,格力电器,家用电器,7.407844906526858e-06,6.11,4.5261932378879106e-05,1
2025-10-09,000333,美的集团,家用电器,4.380507592919305e-06,6.1,2.6721096316807757e-05,1
2025-10-09,601225,陕西煤业,煤炭,6.793075178851139e-06,3.06,2.0786810047284486e-05,1
2025-10-09,000933,神火股份,有色金属,3.755644461715917e-06,5.34,2.0055141425562996e-05,1
2025-10-09,600887,伊利股份,食品饮料,4.415490288592326e-06,4.17,1.8412594503429998e-05,0
2025-10-09,601088,中国神华,煤炭,5.730223101940581e-06,3.04,1.7419878229899364e-05,0
2025-10-09,600036,招商银行,银行,4.959117903096968e-06,2.97,1.4728580172197997e-05,0
2025-10-09,601857,中国石油,石油石化,5.676328488715656e-06,2.38,1.350966180314326e-05,0
2025-10-09,600900,长江电力,公用事业,3.4067918892720736e-06,3.73,1.2707333746984834e-05,0
2025-10-09,600795,国电电力,公用事业,3.868471980579144e-06,3.24,1.2533849217076429e-05,0
2025-10-09,601728,中国电信,通信,4.051775132137167e-06,3.05,1.2357914153018358e-05,0
2025-10-09,002532,天山铝业,有色金属,3.266926974571789e-06,3.68,1.2022291266424183e-05,0
2025-10-09,600377,宁沪高速,交通运输,3.913737938502615e-06,3.04,1.189776333304795e-05,0
2025-10-09,601166,兴业银行,银行,5.38891517313179e-06,2.17,1.1693945925695984e-05,0
2025-10-09,601939,建设银行,银行,4.44226871814058e-06,2.26,1.003952730299771e-05,0
2025-10-09,601398,工商银行,银行,4.213401409988127e-06,2.06,8.679606904575541e-06,0
2025-10-09,603156,养元饮品,食品饮料,5.944390432237691e-06,1.03,6.122722145204822e-06,0
2025-10-09,600028,中国石化,石油石化,4.254955914210116e-06,0.99,4.212406355068014e-06,0
2025-10-09,601006,大秦铁路,交通运输,4.402781432390682e-06,0.94,4.138614546447241e-06,0
2025-10-09,600938,中国海油,石油石化,3.045783039026518e-07,4.2,1.2792288763911377e-06,0
2025-10-09,600941,中国移动,通信,1.8979672829823565e-07,3.85,7.307174039482073e-07,0
2025-10-09,000703,恒逸石化,石油石化,6.877610171780287e-07,0.71,4.883103221964004e-07,0
2026-01-05,000651,格力电器,家用电器,7.3387823762347615e-06,5.04,3.6987463176223195e-05,1
2026-01-05,600887,伊利股份,食品饮料,5.941978286063706e-06,5.89,3.4998252104915224e-05,1
2026-01-05,601225,陕西煤业,煤炭,5.911868415917683e-06,5.53,3.269263234002479e-05,1
2026-01-05,601088,中国神华,煤炭,8.047690048967092e-06,3.53,2.8408345872853832e-05,1
2026-01-05,603156,养元饮品,食品饮料,6.638115143496811e-06,4.16,2.7614558996946734e-05,0
2026-01-05,000333,美的集团,家用电器,4.666225146777028e-06,5.44,2.5384264798467034e-05,0
2026-01-05,600900,长江电力,公用事业,3.4567448643429933e-06,7.08,2.4473753639548392e-05,0
2026-01-05,600795,国电电力,公用事业,4.183266828845674e-06,5.18,2.166932217342059e-05,0
2026-01-05,601939,建设银行,银行,6.172360613094899e-06,2.65,1.6356755624701482e-05,0
2026-01-05,600036,招商银行,银行,4.722579094445645e-06,3.04,1.4356640447114763e-05,0
2026-01-05,600377,宁沪高速,交通运输,4.079933218573848e-06,3.51,1.4320565597194207e-05,0
2026-01-05,601398,工商银行,银行,5.746804076885837e-06,2.46,1.413713802913916e-05,0
2026-01-05,601857,中国石油,石油石化,4.667328690594316e-06,2.72,1.2695134038416542e-05,0
2026-01-05,000933,神火股份,有色金属,1.7444631555372582e-06,6.85,1.1949572615430218e-05,0
2026-01-05,601166,兴业银行,银行,5.0356239940863534e-06,2.25,1.1330153986694294e-05,0
2026-01-05,002532,天山铝业,有色金属,2.3510589681233187e-06,4.41,1.0368170049423835e-05,0
2026-01-05,601728,中国电信,通信,4.320189269506925e-06,1.68,7.257917972771634e-06,0
2026-01-05,601006,大秦铁路,交通运输,4.263565768534344e-06,1.28,5.45736418372396e-06,0
2026-01-05,600028,中国石化,石油石化,3.7527273819633943e-06,1.03,3.8653092034222964e-06,0
2026-01-05,600938,中国海油,石油石化,2.753684848265831e-07,4.13,1.1372718423337882e-06,0
2026-01-05,600941,中国移动,通信,1.988310915147329e-07,2.25,4.4736995590814903e-07,0
2026-01-05,000703,恒逸石化,石油石化,4.4043161717586286e-07,0.02,8.808632343517257e-09,0
2026-04-01,000651,格力电器,家用电器,1.0490225040728436e-05,5.04,5.2870734205271314e-05,1
2026-04-01,600887,伊利股份,食品饮料,6.456513341749388e-06,5.89,3.802886358290389e-05,1
2026-04-01,601225,陕西煤业,煤炭,4.62962962962963e-06,5.53,2.560185185185186e-05,1
2026-04-01,603156,养元饮品,食品饮料,6.0804185553548745e-06,4.16,2.529454119027628e-05,1
2026-04-01,600900,长江电力,公用事业,3.508184535548112e-06,7.08,2.4837946511680634e-05,0
2026-04-01,600795,国电电力,公用事业,4.320987591183362e-06,5.18,2.2382715722329812e-05,0
2026-04-01,601088,中国神华,煤炭,6.503574071433877e-06,3.34,2.172193739858915e-05,0
2026-04-01,600036,招商银行,银行,7.566609750469067e-06,2.87,2.1716169983846223e-05,0
2026-04-01,002532,天山铝业,有色金属,2.774997331463386e-06,5.04,1.3985986550575466e-05,0
2026-04-01,601166,兴业银行,银行,8.593330478769802e-06,1.61,1.3835262070819382e-05,0
2026-04-01,000333,美的集团,家用电器,4.773930112718931e-06,2.73,1.3032829207722681e-05,0
2026-04-01,601398,工商银行,银行,4.036927664404555e-06,2.35,9.486780011350703e-06,0
2026-04-01,601939,建设银行,银行,4.049433450657564e-06,2.24,9.070730929472944e-06,0
2026-04-01,600377,宁沪高速,交通运输,4.138513541266919e-06,1.85,7.6562500513438e-06,0
2026-04-01,601857,中国石油,石油石化,3.893951950989904e-06,1.95,7.5932063044303135e-06,0
2026-04-01,601006,大秦铁路,交通运输,4.127579630237002e-06,1.28,5.283301926703362e-06,0
2026-04-01,000933,神火股份,有色金属,1.598483017984426e-06,2.13,3.4047688283068275e-06,0
2026-04-01,601728,中国电信,通信,4.813708252558474e-06,0.52,2.503128291330407e-06,0
2026-04-01,600028,中国石化,石油石化,3.88015444254449e-06,0.22,8.536339773597878e-07,0
2026-04-01,600938,中国海油,石油石化,2.069539540996219e-07,2.53,5.235935038720434e-07,0
2026-04-01,600941,中国移动,通信,2.1296697141633658e-07,1.58,3.364878148378118e-07,0
2026-04-01,000703,恒逸石化,石油石化,3.612369694868178e-07,0.02,7.224739389736356e-09,0
2026-07-01,600887,伊利股份,食品饮料,5.676676183940744e-06,9.44,5.358782317640063e-05,1
2026-07-01,002532,天山铝业,有色金属,5.040503386981675e-06,7.29,3.6745269691096415e-05,1
2026-07-01,000933,神火股份,有色金属,3.7636893699785674e-06,8.9,3.349683539280925e-05,1
2026-07-01,000651,格力电器,家用电器,7.985284861944026e-06,4.08,3.257996223673163e-05,1
2026-07-01,000333,美的集团,家用电器,4.98309630833157e-06,5.56,2.7706015474323525e-05,0
2026-07-01,603156,养元饮品,食品饮料,3.177966161274e-06,8.53,2.710805135566722e-05,0
2026-07-01,600036,招商银行,银行,8.390487280077376e-06,2.96,2.4835842349029035e-05,0
2026-07-01,601225,陕西煤业,煤炭,4.5207439198855504e-06,4.23,1.912274678111588e-05,0
2026-07-01,601166,兴业银行,银行,6.383233012586309e-06,2.63,1.678790282310199e-05,0
2026-07-01,601088,中国神华,煤炭,7.517702861618865e-06,2.15,1.6163061152480558e-05,0
2026-07-01,601857,中国石油,石油石化,5.383734237452508e-06,2.98,1.6043528027608473e-05,0
2026-07-01,601398,工商银行,银行,6.726615707801189e-06,2.03,1.3655029886836413e-05,0
2026-07-01,600377,宁沪高速,交通运输,4.21686717813519e-06,3.22,1.3578312313595314e-05,0
2026-07-01,600900,长江电力,公用事业,3.539789789512448e-06,3.01,1.0654767266432467e-05,0
2026-07-01,600795,国电电力,公用事业,4.506438034852861e-06,2.32,1.0454936240858637e-05,0
2026-07-01,600028,中国石化,石油石化,4.409051605164959e-06,2.04,8.994465274536517e-06,0
2026-07-01,601728,中国电信,通信,5.1612903326545465e-06,1.58,8.154838725594183e-06,0
2026-07-01,601006,大秦铁路,交通运输,4.851058957323855e-06,1.44,6.98552489854635e-06,0
2026-07-01,601939,建设银行,银行,1.94146978869495e-06,2.33,4.523624607659233e-06,0
2026-07-01,000703,恒逸石化,石油石化,3.074010680236272e-07,7.67,2.3577661917412207e-06,0
2026-07-01,600938,中国海油,石油石化,2.9595487627981935e-07,4.77,1.4117047598547382e-06,0
2026-07-01,600941,中国移动,通信,2.2646560627934174e-07,2.08,4.7104846106103084e-07,0
