date,策略净值,等权基准净值
2019-12-30,10000000.0,10000000.000000002
2019-12-31,10000000.0,9999766.164604124
2020-01-02,10000000.0,9981123.389688717
2020-01-03,10000000.0,10078303.81254778
2020-01-06,10000000.0,10109674.336320028
2020-01-07,10000000.0,10079659.099995613
2020-01-08,10000000.0,10046070.294817436
2020-01-09,10000000.0,9949733.022392428
2020-01-10,10000000.0,9901566.21687329
2020-01-13,10000000.0,9856628.457209762
2020-01-14,10000000.0,9820519.150906138
2020-01-15,10000000.0,9812585.22187522
2020-01-16,10000000.0,9856381.894082593
2020-01-17,10000000.0,9860864.162189769
2020-01-20,10000000.0,9865534.087477025
2020-01-21,10000000.0,9856193.533262452
2020-01-22,10000000.0,9763850.236964386
2020-01-23,9996429.00955,9704470.873291317
2020-02-03,10074970.48855,9358656.448223451
2020-02-04,10055166.07555,9364841.02587307
2020-02-05,10032446.14855,9418346.389051935
2020-02-06,10010312.40955,9420313.890065722
2020-02-07,10033417.98655,9427421.959552268
2020-02-10,10044678.96655,9408220.098996548
2020-02-11,10039146.17455,9427188.626626197
2020-02-12,10024486.33255,9432177.32122394
2020-02-13,10048951.96855,9468361.228690045
2020-02-14,10052253.13255,9495488.94493347
2020-02-17,10066427.05555,9527116.103725633
2020-02-18,10084873.980549999,9532880.622385502
2020-02-19,10121958.08455,9626931.074842151
2020-02-20,10133221.63555,9662130.182953853
2020-02-21,10204674.867549999,9685830.791472679
2020-02-24,10272731.80855,9625858.541687408
2020-02-25,10202150.14555,9514550.361422231
2020-02-26,10223314.61755,9459812.515578102
2020-02-27,10218848.79055,9371999.383886809
2020-02-28,10152324.595462691,9191100.885930559
2020-03-02,10037753.103862692,9210808.423284087
2020-03-03,10066162.727962688,9248137.856364507
2020-03-04,10175232.51446269,9282123.445086135
2020-03-05,10174727.242762689,9245315.356599836
2020-03-06,10245081.275962688,9136357.42184704
2020-03-09,10098454.334962688,8712588.138066592
2020-03-10,10075433.969362691,8748779.315561365
2020-03-11,10123907.791762691,8757455.404573858
2020-03-12,9983429.494462688,8581625.112538569
2020-03-13,9721469.990062688,8484682.89985422
2020-03-16,9484323.18566269,8262051.518744831
2020-03-17,9031861.472962689,8004500.891521276
2020-03-18,8981804.34956269,7817724.916496533
2020-03-19,8832149.28686269,7680119.271546481
2020-03-20,9049499.17436269,7792123.146969392
2020-03-23,9198193.02326269,7753263.338065799
2020-03-24,9521052.46226269,7968851.6587681705
2020-03-25,9766489.639762688,8110850.266921493
2020-03-26,9719124.62396269,8044056.659331652
2020-03-27,9804210.73556269,8026644.563197741
2020-03-30,9714707.49896269,7907336.634514335
2020-03-31,9697968.9548907,7936246.764299778
2020-04-01,9641897.1248907,7859053.808303172
2020-04-02,9594695.4148907,7982655.939753841
2020-04-03,9563966.7848907,8139581.1124009965
2020-04-07,9561115.6748907,8220814.687329104
2020-04-08,9562066.0448907,8206662.651831102
2020-04-09,9572203.3248907,8205150.27847861
2020-04-10,9585508.504890699,8246029.83356389
2020-04-13,9576004.8048907,8236257.092252891
2020-04-14,9546226.5448907,8192402.354046606
2020-04-15,9559531.7248907,8126512.919194754
2020-04-16,9531020.6248907,8084619.358851191
2020-04-17,9514547.5448907,8040753.468851623
2020-04-20,9485086.0748907,7920778.727979746
2020-04-21,9468612.994890701,7647949.05248687
2020-04-22,9495223.3548907,7513324.948589684
2020-04-23,9512963.594890699,7667715.726902785
2020-04-24,9507578.1648907,7658690.309016907
2020-04-27,9512013.2248907,7560179.1392324865
2020-04-28,9495856.9348907,7491822.1874531815
2020-04-29,9466078.6748907,7558356.615312815
2020-04-30,9451329.359646749,7628313.304472558
2020-05-06,9426133.84364675,7766848.165438756
2020-05-07,9435121.662646748,7789405.102112924
2020-05-08,9560506.32714675,7868928.442265765
2020-05-11,9588995.009646751,7851242.081710654
2020-05-12,9564192.660646748,7820496.253368171
2020-05-13,9552469.748646751,7801368.762569207
2020-05-14,9572254.490146749,7834190.5072481595
2020-05-15,9706105.82864675,7953333.271338343
2020-05-18,9927090.76464675,8162407.520177836
2020-05-19,9965069.96114675,8170217.3527545985
2020-05-20,10091596.734146751,8282888.704313056
2020-05-21,10051937.38964675,8295233.879511924
2020-05-22,9927213.12714675,8193793.899905635
2020-05-25,9953736.054146748,8223938.7068030415
2020-05-26,10031711.09764675,8287440.78731741
2020-05-27,9993510.874146748,8241847.249936526
2020-05-28,10003500.59364675,8255537.5073809195
2020-05-29,10031140.312143698,8308840.585812755
2020-06-01,10290038.902143698,8425621.79366988
2020-06-02,10481875.312143698,8473071.38386557
2020-06-03,10471173.462143699,8465816.845214555
2020-06-04,10408462.6121437,8430571.940721245
2020-06-05,10744381.962143699,8526946.316818997
2020-06-08,10560109.2521437,8474182.383051706
2020-06-09,10558632.702143699,8479917.408030584
2020-06-10,10608988.9121437,8514649.552333023
2020-06-11,10256135.942143697,8457170.361698085
2020-06-12,10263646.722143698,8432500.348682025
2020-06-15,10262278.6021437,8410862.355053494
2020-06-16,10394146.952143699,8443684.253282087
2020-06-17,10412588.742143698,8460930.317391198
2020-06-18,10550769.4421437,8496613.346849777
2020-06-19,10666904.722143698,8535803.920063706
2020-06-22,10826973.452143699,8616256.103250302
2020-06-23,10840280.022143697,8622997.813594801
2020-06-24,10496501.5121437,8550541.342277106
2020-06-29,10641028.632143699,8578535.708711803
2020-06-30,10634125.739603698,8596825.227073696
2020-07-01,10707240.439603698,8683152.102246327
2020-07-02,10784180.439603698,8694122.11684114
2020-07-03,10800984.239603698,8713271.889534375
2020-07-06,10882344.889603699,8739994.041123454
2020-07-07,10834657.489603698,8750346.11398359
2020-07-08,10877062.289603699,8761052.22709197
2020-07-09,10779462.489603696,8785468.301764736
2020-07-10,10858191.989603698,8788724.263702145
2020-07-13,10919785.839603698,8826535.436716529
2020-07-14,10978250.889603697,8859058.248471212
2020-07-15,11046649.889603699,8884002.13745393
2020-07-16,10959988.589603698,8855423.30796933
2020-07-17,10937912.589603698,8831344.024469081
2020-07-20,10917925.089603698,8832293.741144247
2020-07-21,11109972.439603698,8959774.149502777
2020-07-22,11118159.139603699,9068993.74413902
2020-07-23,11058292.139603697,9128893.822695773
2020-07-24,11040266.9396037,9184117.520767022
2020-07-27,11092430.239603698,9308364.027902614
2020-07-28,11074373.089603698,9337055.89389905
2020-07-29,11151890.289603699,9341077.036398273
2020-07-30,11030882.089603698,9283638.625969138
2020-07-31,10998860.48550129,9245902.970389988
2020-08-03,11048081.744101288,9296626.323101018
2020-08-04,11103081.971701289,9340344.35711743
2020-08-05,11390052.82770129,9495337.85023599
2020-08-06,11649828.431401288,9594255.44968549
2020-08-07,11878990.238401288,9679872.829620712
2020-08-10,11716677.193201289,9619667.331368718
2020-08-11,11758977.612901289,9634101.882934991
2020-08-12,11193117.479401289,9380717.620284546
2020-08-13,10999527.22800129,9300958.590656783
2020-08-14,11177495.442301288,9390323.228367526
2020-08-17,11164863.334801288,9402383.637615077
2020-08-18,11399944.919701288,9526103.901458574
2020-08-19,11389360.218601288,9499016.901054416
2020-08-20,11232241.582501289,9416451.108333427
2020-08-21,11170590.036301289,9340295.612219635
2020-08-24,10964590.352101289,9265157.368117316
2020-08-25,10974076.741801288,9310396.881437235
2020-08-26,10950946.758001288,9309523.9879933
2020-08-27,11109412.00290129,9363608.931628836
2020-08-28,11155257.606601289,9402426.518499602
2020-08-31,11238552.64525441,9464529.32009441
2020-09-01,11252806.66525441,9529078.691432277
2020-09-02,11267747.07525441,9470555.053466065
2020-09-03,11250024.50525441,9372714.300897239
2020-09-04,11160294.20525441,9262660.501361964
2020-09-07,11262741.06525441,9273442.4594707
2020-09-08,11281202.47525441,9215727.910411049
2020-09-09,11148664.395254409,9163348.945533032
2020-09-10,11177959.45525441,9197006.65247596
2020-09-11,11174829.895254409,9192969.545640541
2020-09-14,11315039.93525441,9221762.236593882
2020-09-15,11366320.87525441,9280692.855907323
2020-09-16,11309965.50525441,9295890.0134268
2020-09-17,11296732.50525441,9290479.924611595
2020-09-18,11370054.78525441,9296647.825380456
2020-09-21,11375594.08525441,9261217.2327052
2020-09-22,11267297.42525441,9062727.3021748
2020-09-23,11233262.51525441,8953084.484738775
2020-09-24,11176457.18525441,8849345.146269564
2020-09-25,11143521.305254411,8855037.011793375
2020-09-28,11170883.07525441,8885667.673908917
2020-09-29,11173542.60525441,8890889.431946442
2020-09-30,11139874.54777541,8914558.392210675
2020-10-09,11351808.92777541,9062852.098038092
2020-10-12,11377351.507775411,9115000.973365739
2020-10-13,11337656.95777541,9119305.398226686
2020-10-14,11325921.17777541,9064113.696367374
2020-10-15,11330753.55777541,9069348.021407906
2020-10-16,11341798.99777541,9058284.50055834
2020-10-19,11366306.06777541,9081834.122814707
2020-10-20,11378387.017775409,9088409.546889646
2020-10-21,11401513.40777541,9116126.000938835
2020-10-22,11393229.32777541,9130390.121419653
2020-10-23,11366996.40777541,9064784.225362493
2020-10-26,11364925.38777541,8983188.29143242
2020-10-27,11352844.43777541,9014137.970820963
2020-10-28,11344560.357775409,8976279.423174243
2020-10-29,11294165.53777541,8829087.649519604
2020-10-30,11278053.25790741,8775116.17200729
2020-11-02,11349944.057907408,8843648.966200141
2020-11-03,11434329.73790741,8914263.867106725
2020-11-04,11479682.697907409,8975737.21864679
2020-11-05,11534728.77790741,8987667.620519973
2020-11-06,11693036.05790741,9020868.892222397
2020-11-09,11755121.81790741,9100133.523582727
2020-11-10,11530853.97790741,9019204.103738654
2020-11-11,11608337.09790741,9091586.849428467
2020-11-12,11597542.377907408,9075641.074143447
2020-11-13,11597197.097907411,9062725.633011298
2020-11-16,11728829.89790741,9154349.402428135
2020-11-17,11675547.97790741,9124761.576748095
2020-11-18,11675339.81790741,9116766.221587894
2020-11-19,11646392.13790741,9112195.98874432
2020-11-20,11632388.057907408,9131629.605833521
2020-11-23,11805193.257907411,9216137.960854834
2020-11-24,11690049.257907407,9195421.433781767
2020-11-25,11642251.57790741,9197677.379380092
2020-11-26,11649669.97790741,9192345.141362645
2020-11-27,11677039.25790741,9193142.812935907
2020-11-30,11588162.940088408,9139834.095719023
2020-12-01,11579886.620088408,9140167.169607952
2020-12-02,11659430.510088408,9219341.233819276
2020-12-03,11709738.110088406,9210105.654903483
2020-12-04,11792787.820088407,9236590.281712774
2020-12-07,11842433.580088407,9267260.338458538
2020-12-08,11832949.410088407,9310153.206118586
2020-12-09,11864166.450088408,9315861.29099837
2020-12-10,12159500.170088407,9370846.65246009
2020-12-11,12169848.440088408,9405851.141281527
2020-12-14,12196841.560088407,9386257.551497867
2020-12-15,12259109.920088409,9412915.374835603
2020-12-16,12333492.000088409,9497508.09655337
2020-12-17,12427347.540088408,9575982.686305318
2020-12-18,12580664.730088409,9688787.973384859
2020-12-21,12404069.600088408,9747570.788835553
2020-12-22,12269057.170088409,9690198.18208172
2020-12-23,12304823.460088408,9627958.14542515
2020-12-24,12370515.440088408,9669392.19483412
2020-12-25,12365272.440088406,9670384.86788604
2020-12-28,12262866.270088406,9706165.250423592
2020-12-29,12255696.450088408,9672369.063617816
2020-12-30,12253249.000088409,9666884.60648312
2020-12-31,12245733.621894408,9723929.076283447
2021-01-04,12404022.811894407,9830411.619630178
2021-01-05,12461942.771894408,9904249.059678912
2021-01-06,12581116.731894406,9953829.643503416
2021-01-07,12568873.491894407,9958035.146382544
2021-01-08,12629308.281894406,10001686.467727333
2021-01-11,12457806.211894408,9854416.094610535
2021-01-12,12484859.611894408,9849361.532116387
2021-01-13,12634971.981894406,9934182.61743596
2021-01-14,12647293.781894406,9923608.34425464
2021-01-15,12614220.701894408,9920241.263958046
2021-01-18,12464414.551894406,9851991.488792714
2021-01-19,12543066.791894408,9876417.833076099
2021-01-20,12444885.371894408,9824341.858264856
2021-01-21,12455216.531894406,9844085.982498841
2021-01-22,12355687.291894408,9787411.675506735
2021-01-25,12261480.151894407,9739412.45305113
2021-01-26,12273714.701894406,9748306.75512036
2021-01-27,12332971.771894407,9749528.528392907
2021-01-28,12262317.161894407,9691285.789111286
2021-01-29,12323953.885645406,9742111.22820714
2021-02-01,12460890.945645409,9880812.439429214
2021-02-02,12631597.255645407,9933164.300970895
2021-02-03,12720009.965645408,9788762.369785106
2021-02-04,12802000.895645408,9822158.381314639
2021-02-05,12938399.595645407,9853135.293481098
2021-02-08,13127062.935645407,9937888.43592835
2021-02-09,13195024.175645407,10004111.439691532
2021-02-10,13242238.675645407,10002572.364428502
2021-02-18,13679489.17564541,10109015.429768048
2021-02-19,13637776.065645406,10095195.22764765
2021-02-22,14026955.745645408,10296076.099148568
2021-02-23,14163388.285645409,10413703.713281497
2021-02-24,14336514.935645407,10482705.286776936
2021-02-25,14450313.775645407,10561954.065506104
2021-02-26,14242432.010673407,10412651.933046611
2021-03-01,14020352.23067341,10268079.18644543
2021-03-02,13802418.470673406,10132983.006860644
2021-03-03,14036909.160673406,10219124.124086168
2021-03-04,14356468.070673406,10226995.251864986
2021-03-05,14529925.980673408,10194791.68013608
2021-03-08,14458973.030673409,10249884.453395303
2021-03-09,14430672.680673407,10200235.97827103
2021-03-10,14398042.120673407,10157772.107309377
2021-03-11,14621359.34067341,10151479.513060939
2021-03-12,14618387.640673406,10156288.800653294
2021-03-15,14616725.360673409,10145954.506463163
2021-03-16,14550894.190673407,10172784.004542405
2021-03-17,14502710.600673407,10178998.66546636
2021-03-18,13962286.390673406,10101516.731156334
2021-03-19,14091533.300673408,10095021.59483552
2021-03-22,14146836.440673409,10110783.201526575
2021-03-23,13761784.780673407,10002195.957842495
2021-03-24,14066925.82067341,10040261.100998698
2021-03-25,13768654.590673408,10000879.312687691
2021-03-26,14083198.35067341,10066200.029258698
2021-03-29,14171399.250673406,10136301.991659515
2021-03-30,14125517.950673409,10100629.153942084
2021-03-31,13954694.623934157,10002345.286272017
2021-04-01,14054589.201434158,10140871.378873544
2021-04-02,14100744.518934157,10216035.465350859
2021-04-06,14078531.633934159,10210771.99172966
2021-04-07,14101276.416434158,10213407.171618093
2021-04-08,14115109.27393416,10200348.787659282
2021-04-09,14127614.148934158,10210296.195500018
2021-04-12,14107261.143934159,10167249.767925037
2021-04-13,14067756.306434158,10125734.335843123
2021-04-14,14107130.811434157,10248161.742180262
2021-04-15,14105799.306434158,10315404.114975234
2021-04-16,14148495.528934158,10424881.702452935
2021-04-19,14186140.486434158,10460841.536308136
2021-04-20,14143574.596434157,10435567.987818195
2021-04-21,14185340.878934158,10401306.749707025
2021-04-22,14192523.256434157,10472159.909447849
2021-04-23,14174167.508934159,10486478.073612787
2021-04-26,14161000.403934158,10508423.034501566
2021-04-27,14162863.806434158,10591240.055779787
2021-04-28,14124155.053934159,10594516.787102763
2021-04-29,14155811.761434158,10671566.305310579
2021-04-30,14114466.008206408,10602857.907226894
2021-05-06,14456215.468206406,10850031.011246743
2021-05-07,14718901.368206408,10979559.126170527
2021-05-10,14897443.988206409,11026452.332925387
2021-05-11,14884685.088206407,11024831.386811342
2021-05-12,15020372.94820641,11141362.406612622
2021-05-13,14992958.748206407,11044161.688812926
2021-05-14,14690015.08820641,10928085.703881525
2021-05-17,14775939.748206407,10981723.645456145
2021-05-18,14940257.208206408,11043354.50664286
2021-05-19,14913546.168206409,10945507.858057478
2021-05-20,14472154.008206408,10739417.00204013
2021-05-21,14301179.62820641,10715460.00503196
2021-05-24,14165784.528206408,10712361.449091798
2021-05-25,14285231.12820641,10761131.524970245
2021-05-26,14315162.268206406,10776459.344824962
2021-05-27,14282228.888206407,10753450.688477151
2021-05-28,14393169.448206406,10806719.514254581
2021-05-31,14478690.1942098,10851529.50674725
2021-06-01,14636165.262309797,10943553.78610753
2021-06-02,14625127.844609797,10983705.070370816
2021-06-03,14585167.5701098,10971404.614651088
2021-06-04,14455677.993809797,10843671.601223232
2021-06-07,14518184.304209799,10901667.98101277
2021-06-08,14612447.424909797,10915696.61626739
2021-06-09,14564136.913909797,10937233.643997593
2021-06-10,14584081.606009796,10937195.335403861
2021-06-11,14674011.875209797,10994520.62749353
2021-06-15,14667583.113709796,10950598.211312927
2021-06-16,14628097.973809797,10917139.06461795
2021-06-17,14430507.494109798,10834913.510781623
2021-06-18,14211613.8146098,10689634.463257285
2021-06-21,14290459.512809798,10703359.026753385
2021-06-22,14330953.725309797,10739816.602808192
2021-06-23,14373006.893309798,10818898.43979057
2021-06-24,14410214.2644098,10859045.30613792
2021-06-25,14452137.121709798,10898014.914047116
2021-06-28,14376874.826009799,10838221.420602323
2021-06-29,14378792.443009797,10837580.8966255
2021-06-30,14247275.842360578,10815741.078701511
2021-07-01,14385419.922360579,10956043.081029877
2021-07-02,14439439.582360579,11016589.605681878
2021-07-05,14553117.662360579,11089336.833665669
2021-07-06,14431991.242360577,11093284.358927742
2021-07-07,14161147.682360578,10941726.09988735
2021-07-08,14250638.48236058,10958693.797428146
2021-07-09,14458439.80236058,11022354.85129256
2021-07-12,14512775.782360576,11068440.410334673
2021-07-13,14716125.762360577,11146640.288155954
2021-07-14,14618960.002360579,11123339.38496694
2021-07-15,14414159.28236058,11111687.305864979
2021-07-16,14466491.762360577,11152271.895346036
2021-07-19,13985698.14236058,11041052.416297883
2021-07-20,14053359.562360577,10981512.211504608
2021-07-21,14382626.502360579,11053066.142294021
2021-07-22,14537551.922360577,11084836.580219565
2021-07-23,14627757.502360579,11116315.298495894
2021-07-26,14600662.962360578,11103943.412931466
2021-07-27,14587404.422360577,11117895.78262005
2021-07-28,14636995.702360578,11134679.442318622
2021-07-29,14833179.822360579,11215037.218116635
2021-07-30,14823801.0062567,11292125.530516788
2021-08-02,14639758.8696567,11134740.75955722
2021-08-03,14515734.787356699,11064222.466561869
2021-08-04,14485759.509956699,10983433.566867683
2021-08-05,14455042.6321567,11000061.18633402
2021-08-06,14418990.3370567,10945103.712906675
2021-08-09,14271856.319556698,10822337.855151363
2021-08-10,14263758.2639567,10860429.654544879
2021-08-11,14373499.8137567,10925910.837559786
2021-08-12,14445228.8356567,10941202.833560333
2021-08-13,14381926.9711567,10882401.494798101
2021-08-16,14463720.2155567,10944224.966444053
2021-08-17,14468397.7638567,10932847.259240774
2021-08-18,14443444.0088567,10862829.199568247
2021-08-19,14296892.352156699,10728701.281039378
2021-08-20,14234838.912856698,10637448.476531355
2021-08-23,14418896.9037567,10781886.275191508
2021-08-24,14582296.081656698,10917806.77869049
2021-08-25,14633685.044656698,10973779.062093738
2021-08-26,14594750.011356698,10941569.985457376
2021-08-27,14526746.7796567,10933730.7378903
2021-08-30,14660465.007956699,11007193.90489692
2021-08-31,14693582.4888207,11008796.961268824
2021-09-01,14673009.2448207,10983760.077073326
2021-09-02,14709674.3828207,11045541.488810807
2021-09-03,14724933.9430207,11036257.844756356
2021-09-06,14889206.6999207,11116883.251537379
2021-09-07,14995948.1268207,11154771.196634471
2021-09-08,14909157.4459207,11135663.53185808
2021-09-09,14981204.9969207,11102730.52888341
2021-09-10,14987380.501220701,11142928.064881325
2021-09-13,15119311.842820698,11234008.508422125
2021-09-14,14990532.5335207,11169073.507843405
2021-09-15,15015298.941820698,11238739.823027013
2021-09-16,15175058.7292207,11289053.603254152
2021-09-17,15033421.3980207,11205815.39287445
2021-09-22,15214067.470620701,11274643.997632483
2021-09-23,15457275.768420702,11421704.135185283
2021-09-24,15453008.0660207,11418347.161016185
2021-09-27,15644338.244820701,11524284.687648922
2021-09-28,15701116.0271207,11535138.58859078
2021-09-29,15781847.5902207,11538320.609230367
2021-09-30,15688295.98218325,11492445.522417836
2021-10-08,16265249.362183249,11678280.583084987
2021-10-11,16584008.222183248,11832864.799056951
2021-10-12,16829711.302183248,11952494.15510543
2021-10-13,16936140.89218325,11967593.042934433
2021-10-14,16920558.93218325,12000520.865592161
2021-10-15,17134167.982183248,12156916.20026918
2021-10-18,17268949.19218325,12273461.313080534
2021-10-19,17635543.87218325,12417311.589111604
2021-10-20,17398641.592183247,12262243.031903122
2021-10-21,16928264.94218325,12121444.58472532
2021-10-22,16754596.58218325,11945911.707219664
2021-10-25,16624588.852183249,11894195.500618037
2021-10-26,16575050.16218325,11841175.388904322
2021-10-27,16125017.71218325,11620826.934744699
2021-10-28,15835883.95218325,11435464.53879959
2021-10-29,15772396.472177248,11418573.311847342
2021-11-01,15845732.772177247,11371567.15559039
2021-11-02,15864282.072177248,11305974.646820478
2021-11-03,15428257.77217725,11192697.815576328
2021-11-04,15313036.67217725,11137885.658959566
2021-11-05,15660432.372177249,11175129.847484719
2021-11-08,15815781.972177248,11219709.895715538
2021-11-09,15977737.67217725,11245133.246951772
2021-11-10,15733142.67217725,11136463.357824918
2021-11-11,15851937.67217725,11248716.26892484
2021-11-12,15887452.67217725,11254989.952820469
2021-11-15,15820169.27217725,11200593.599827945
2021-11-16,15832589.67217725,11195620.553048272
2021-11-17,15655188.27217725,11109249.362668099
2021-11-18,15692764.072177248,11122727.377125382
2021-11-19,15356666.27217725,11069724.091678422
2021-11-22,15473007.572177248,11121145.303494789
2021-11-23,15662597.67217725,11213794.148295728
2021-11-24,15412497.472177248,11185999.028256038
2021-11-25,15413289.27217725,11247433.460747153
2021-11-26,14397350.17217725,10911608.113076398
2021-11-29,14442269.472177248,10807729.520439075
2021-11-30,13949756.13566579,10699050.215335736
2021-12-01,13889647.204465788,10655294.370925575
2021-12-02,13846903.231465787,10655937.12692294
2021-12-03,13913997.853265788,10667528.545635767
2021-12-06,13947992.62886579,10767615.342905937
2021-12-07,13876113.430465788,10797252.537939912
2021-12-08,13882183.284265786,10801957.798056334
2021-12-09,13943826.412465788,10768514.122176198
2021-12-10,13970656.801065788,10802611.255256627
2021-12-13,14030353.96886579,10837863.495926123
2021-12-14,13963167.32406579,10820081.58678041
2021-12-15,13918211.52526579,10801736.326360535
2021-12-16,13965319.441065788,10826727.377463523
2021-12-17,14155371.198065788,10929738.868094815
2021-12-20,14125484.517265785,10865836.733542519
2021-12-21,14092421.42866579,10873353.150236826
2021-12-22,14135522.779265787,10961751.33827369
2021-12-23,14312163.38106579,11065655.971240826
2021-12-24,14371823.840865787,11103577.21270541
2021-12-27,14344625.00846579,11120014.918867303
2021-12-28,14400158.177265786,11142772.48174396
2021-12-29,14328916.831465788,11159510.022019304
2021-12-30,14314938.520065788,11144534.4493134
2021-12-31,14314012.047121707,11127671.63652266
2022-01-04,14595744.58712171,11202675.006167416
2022-01-05,14645950.827121709,11267737.33109824
2022-01-06,14776085.307121705,11286247.01580425
2022-01-07,14724547.90712171,11266181.311864011
2022-01-10,14648041.527121708,11280738.141198335
2022-01-11,14922733.347121708,11357022.431888578
2022-01-12,15017190.007121708,11436003.674857346
2022-01-13,14934597.687121708,11493234.101606926
2022-01-14,15118934.827121709,11565902.010829378
2022-01-17,15081360.78712171,11536902.490859408
2022-01-18,15178549.687121708,11561606.65241902
2022-01-19,15243974.46712171,11667629.364595685
2022-01-20,15284174.507121708,11760869.731414352
2022-01-21,15325105.187121708,11798366.689800773
2022-01-24,15195586.78712171,11771921.970561711
2022-01-25,15280844.187121708,11673763.691715477
2022-01-26,15401549.78712171,11748128.317821529
2022-01-27,15546481.647121709,11818758.098138254
2022-01-28,15678710.36909071,11854953.614110062
2022-02-07,16244287.489090709,12228183.373181676
2022-02-08,16055717.269090708,12241421.708603844
2022-02-09,16063304.38909071,12240430.90420976
2022-02-10,16010060.889090708,12302253.312812332
2022-02-11,16188480.87909071,12357019.663865933
2022-02-14,16252901.969090708,12341515.403697945
2022-02-15,15920161.659090709,12224815.374144852
2022-02-16,15830197.13909071,12146843.798518365
2022-02-17,15705894.69909071,12133444.058484005
2022-02-18,15763369.779090706,12224857.161242263
2022-02-21,15815412.75909071,12242291.117236186
2022-02-22,16030069.20909071,12385480.409398748
2022-02-23,16067240.749090709,12399387.626277568
2022-02-24,16225196.689090708,12569573.22949485
2022-02-25,16051592.97909071,12500100.411565276
2022-02-28,16240860.75876971,12401457.679878725
2022-03-01,16918127.07876971,12643379.431433175
2022-03-02,17427724.11876971,12937760.47037011
2022-03-03,17336080.27876971,13003711.918302229
2022-03-04,17991000.43876971,13201410.784964856
2022-03-07,18610718.23876971,13583299.67976486
2022-03-08,19037474.758769706,13790763.256261209
2022-03-09,17979036.23876971,13703733.547408013
2022-03-10,17767892.31876971,13391143.732465997
2022-03-11,18038168.51876971,13405763.314531373
2022-03-14,17610516.79876971,13162879.280114817
2022-03-15,17234128.91876971,12938872.730432332
2022-03-16,17113328.59876971,12870387.684589963
2022-03-17,17780565.55876971,13093624.462959316
2022-03-18,17957250.71876971,13251677.121793069
2022-03-21,18719741.07876971,13479299.547027087
2022-03-22,18729021.998769708,13537562.203001313
2022-03-23,19211963.79876971,13651797.81725277
2022-03-24,19037475.95876971,13764237.17858396
2022-03-25,19110453.558769707,13863773.58348522
2022-03-28,18255285.55876971,13536325.76786318
2022-03-29,18275141.47876971,13443054.225604095
2022-03-30,18357155.43876971,13379154.640901692
2022-03-31,18020373.168538705,13331575.715292417
2022-04-01,17813202.64853871,13220071.026750188
2022-04-06,17744219.478538707,13180141.293829352
2022-04-07,17642929.83853871,13112817.431666287
2022-04-08,17702782.58853871,13130360.255009456
2022-04-11,17679520.878538705,13087490.784711767
2022-04-12,17796763.96853871,13237567.225027531
2022-04-13,18023867.168538705,13409344.811409255
2022-04-14,18081384.44853871,13448239.248377912
2022-04-15,18178773.39853871,13493485.040298421
2022-04-18,18260372.318538707,13584724.355324335
2022-04-19,18225454.98853871,13557957.224576069
2022-04-20,18328780.53853871,13541471.675998796
2022-04-21,18422575.55853871,13604262.605842257
2022-04-22,18393777.78853871,13554249.294422979
2022-04-25,18037751.268538706,13264938.538701374
2022-04-26,18021938.868538707,13228004.321013633
2022-04-27,18111538.818538707,13277581.445507424
2022-04-28,18255419.598538708,13339334.596875202
2022-04-29,18287630.039130528,13423325.812812608
2022-05-05,18538368.974430528,13520660.03726195
2022-05-06,18858452.962930527,13570648.713073928
2022-05-09,18273379.98133053,13240425.627544971
2022-05-10,18028049.553830527,13046452.69987958
2022-05-11,18463837.871530525,13193773.228431467
2022-05-12,18584960.06713053,13305840.859697236
2022-05-13,18879226.938730527,13402719.231128074
2022-05-16,19027988.170030527,13525524.232095256
2022-05-17,18881301.04033053,13535281.821935065
2022-05-18,18474568.91753053,13394028.001719624
2022-05-19,18634954.31213053,13401461.885042418
2022-05-20,18788276.208130527,13533671.397493685
2022-05-23,18736244.305130526,13553551.240202416
2022-05-24,18736004.79953053,13471754.669518992
2022-05-25,18784152.28943053,13464873.847969402
2022-05-26,19104741.899330527,13538694.891951479
2022-05-27,19325734.631130528,13719050.831911262
2022-05-30,19263247.56603053,13743567.481161907
2022-05-31,19189099.64220692,13737025.483893767
2022-06-01,19104444.49220692,13664961.518579392
2022-06-02,19326132.31220692,13758788.590442758
2022-06-06,19446237.04220692,13914773.008780321
2022-06-07,19567924.86220692,13986740.245165186
2022-06-08,19847858.45220692,14137735.29433883
2022-06-09,19904438.79220692,14179899.723412052
2022-06-10,19832816.99220692,14107837.398977533
2022-06-13,19804009.02220692,14051244.544419557
2022-06-14,19665580.872206923,13884534.856395766
2022-06-15,19420234.44220692,13778299.028189192
2022-06-16,19346034.10220692,13732538.862622906
2022-06-17,18906828.68220692,13545996.961532433
2022-06-20,18938808.622206923,13510925.076977337
2022-06-21,18889168.51220692,13455928.14751917
2022-06-22,18524356.74220692,13313597.318573412
2022-06-23,18017962.11220692,13044335.907110399
2022-06-24,18089388.65220692,12921473.81961655
2022-06-27,18259330.65220692,12896597.656403132
2022-06-28,18616616.40220692,13090182.398862075
2022-06-29,18541010.07220692,13045039.423628192
2022-06-30,18188701.98205792,12947885.456999814
2022-07-01,18188701.98205792,12811678.529923793
2022-07-04,18188701.98205792,12741729.525908723
2022-07-05,18188701.98205792,12491054.641359057
2022-07-06,18188701.98205792,12185935.823779099
2022-07-07,18188701.98205792,12329791.831073591
2022-07-08,18188701.98205792,12487702.023856115
2022-07-11,18188701.98205792,12436223.67202655
2022-07-12,18188701.98205792,12214562.584551727
2022-07-13,18188701.98205792,12050675.691740304
2022-07-14,18188701.98205792,11983098.245731395
2022-07-15,18188701.98205792,11897088.753360022
2022-07-18,18188701.98205792,12097496.317122793
2022-07-19,18188701.98205792,12195642.857623242
2022-07-20,18188701.98205792,12114063.42167646
2022-07-21,18188701.98205792,12083676.622644294
2022-07-22,18188701.98205792,12041683.90257963
2022-07-25,18188701.98205792,12169243.814311178
2022-07-26,18188701.98205792,12219920.997372648
2022-07-27,18188701.98205792,12364520.797177419
2022-07-28,18188701.98205792,12451367.330596942
2022-07-29,18176582.558776923,12588810.81544045
2022-08-01,18023053.698776923,12562461.006922709
2022-08-02,17960360.088776924,12512794.065708581
2022-08-03,17841167.688776918,12440169.775091581
2022-08-04,17605835.53877692,12316670.225785783
2022-08-05,17770591.378776923,12350744.814296106
2022-08-08,17912776.14877692,12424574.526833063
2022-08-09,17932307.338776924,12497877.257238459
2022-08-10,18017437.27877692,12527889.520625029
2022-08-11,18156679.308776923,12605985.48838725
2022-08-12,18125119.948776923,12635167.65356465
2022-08-15,17892902.45877692,12510924.550815636
2022-08-16,17735297.96877692,12362256.313940054
2022-08-17,17780561.238776922,12388362.838425621
2022-08-18,17935242.24877692,12405146.139275283
2022-08-19,17977229.238776922,12391358.65237299
2022-08-22,18002779.09877692,12420809.011397459
2022-08-23,18429790.04877692,12660676.521740563
2022-08-24,18572982.13877692,12782151.240331814
2022-08-25,18518289.38877692,12769241.683717312
2022-08-26,18327906.22877692,12704118.660174029
2022-08-29,18486349.71877692,12759546.778235126
2022-08-30,18306995.448776923,12612532.579737686
2022-08-31,18152056.24426092,12509716.431438562
2022-09-01,17872034.734260917,12360210.218080696
2022-09-02,17803559.75426092,12323183.780685257
2022-09-05,17992238.79426092,12456967.88358005
2022-09-06,18071770.83426092,12530589.000806175
2022-09-07,17737417.06426092,12349620.404703764
2022-09-08,17856366.22426092,12405844.596331477
2022-09-09,18147192.07426092,12572467.565028999
2022-09-13,18672435.374260917,12859906.684102062
2022-09-14,18689777.52426092,12841087.344298989
2022-09-15,18391791.63426092,12703856.287856592
2022-09-16,18367783.924260918,12657807.752784073
2022-09-19,18460135.45426092,12704271.499545377
2022-09-20,18396887.40426092,12639113.948660567
2022-09-21,18440898.874260917,12654366.40442349
2022-09-22,18558189.944260918,12729567.298921702
2022-09-23,18295702.39426092,12621799.598886738
2022-09-26,17949358.03426092,12395555.106694102
2022-09-27,18054176.24426092,12441596.870336127
2022-09-28,18243308.75426092,12545479.529380115
2022-09-29,18364464.15426092,12632200.788987456
2022-09-30,18294599.02791092,12609840.726077465
2022-10-10,18513432.847910922,13064881.138448844
2022-10-11,18513039.217910923,12965115.511892084
2022-10-12,18386051.35791092,12858720.28535958
2022-10-13,18404985.11791092,12921303.455366522
2022-10-14,18433569.62791092,12858803.671187107
2022-10-17,18366046.13791092,12800607.905515766
2022-10-18,18257186.53791092,12682260.799782204
2022-10-19,18185817.92791092,12679341.36332842
2022-10-20,18206224.26791092,12724784.7071631
2022-10-21,18349614.55791092,12779128.002128113
2022-10-24,18461720.44791092,12798036.443516292
2022-10-25,18575487.50791092,12817331.804908782
2022-10-26,18690309.897910923,12924364.896439984
2022-10-27,18701258.47791092,12936644.924118457
2022-10-28,18642193.27791092,12851039.115871765
2022-10-31,18413643.49808992,12717321.369123638
2022-11-01,18684600.21808992,12889826.10901067
2022-11-02,18939656.85808992,13036666.625680353
2022-11-03,18864125.01808992,12990026.216010291
2022-11-04,19350670.21808992,13151846.123590864
2022-11-07,19457472.158089917,13249045.551049031
2022-11-08,19181040.23808992,13202538.611043297
2022-11-09,18865549.798089918,13169628.214654712
2022-11-10,19058752.618089918,13231401.549309123
2022-11-11,19385290.618089918,13366036.326039817
2022-11-14,18935520.138089918,13190387.604243936
2022-11-15,18971576.85808992,13192097.676184194
2022-11-16,18831925.09808992,13166736.632492036
2022-11-17,18556808.238089923,13054140.227017166
2022-11-18,18403212.55808992,12973508.233914858
2022-11-21,18256693.97808992,12911880.43884522
2022-11-22,18528199.35808992,12982896.190380353
2022-11-23,18167257.69808992,12908076.9842638
2022-11-24,18173124.338089917,12965451.68611719
2022-11-25,18176231.67808992,13005663.552719235
2022-11-28,18046840.75808992,12937576.66312808
2022-11-29,18335233.018089917,13035023.122865127
2022-11-30,18575008.84019372,13127563.136481352
2022-12-01,18781300.44619372,13191449.535407417
2022-12-02,18980782.053393718,13156584.6692686
2022-12-05,19068824.377193715,13080173.646732941
2022-12-06,18921040.944793716,12903253.520355536
2022-12-07,18846269.03099372,12843496.639122067
2022-12-08,18935175.13319372,12843485.481231209
2022-12-09,19140810.89079372,12967417.299998915
2022-12-12,19124161.74139372,13018438.044017702
2022-12-13,19159422.147593718,13077265.27455971
2022-12-14,19347166.716193717,13170304.268042076
2022-12-15,19169400.625993717,13070042.002387019
2022-12-16,18950126.222793717,13055490.125297824
2022-12-19,18931947.83799372,13040366.249930892
2022-12-20,18879369.44439372,13007120.507497571
2022-12-21,19160679.12899372,13170143.512096947
2022-12-22,19239596.21039372,13220140.83362198
2022-12-23,19070881.69399372,13203416.556957297
2022-12-26,19125146.63899372,13284036.113067154
2022-12-27,19257071.78319372,13372817.280600851
2022-12-28,19350142.01539372,13362797.375563009
2022-12-29,19225063.229193717,13359808.516634477
2022-12-30,19335516.66039372,13449587.503772333
2022-12-31,19293606.099894878,13449545.862629622
2023-01-03,19257603.369894877,13446588.854918582
2023-01-04,18844170.149894875,13290022.941388624
2023-01-05,18708234.339894876,13166393.313646289
2023-01-06,18629473.319894876,13101781.181178918
2023-01-09,18639952.459894877,13130362.024967324
2023-01-10,18539937.459894877,13096153.02916215
2023-01-11,18754456.459894877,13192612.938569486
2023-01-12,18983034.659894876,13314072.127056705
2023-01-13,19172463.959894877,13404724.42533567
2023-01-16,19145672.499894876,13416784.039095787
2023-01-17,19228884.169894878,13454783.70152053
2023-01-18,19462073.51989488,13583024.476675041
2023-01-19,19473063.279894877,13589520.712792877
2023-01-20,19578059.469894875,13649613.571767421
2023-01-30,19387893.939894877,13591863.279594615
2023-01-31,19374484.056056477,13570260.747638965
2023-02-01,19441306.366456475,13548226.728217114
2023-02-02,19386667.760856476,13454826.800360065
2023-02-03,19175638.555656478,13345252.148915326
2023-02-06,19006599.534456477,13274486.800173586
2023-02-07,18925204.020856477,13280121.815941975
2023-02-08,18926747.40845648,13288139.319104044
2023-02-09,18939057.453256477,13285641.39987439
2023-02-10,18823165.798056476,13283025.525844889
2023-02-13,18743432.338856477,13287797.351713274
2023-02-14,18686762.114456475,13253148.89818014
2023-02-15,18686755.732456475,13205709.597977117
2023-02-16,18646472.909656476,13189716.770232778
2023-02-17,18670603.70005648,13151316.918976912
2023-02-20,18642260.356856477,13150415.734534878
2023-02-21,18846187.715256475,13235461.39680334
2023-02-22,18988423.839656476,13257485.231896322
2023-02-23,18958838.505256474,13261505.518971488
2023-02-24,18891046.508456476,13242268.575391747
2023-02-27,18802283.648456477,13197247.44382385
2023-02-28,18741759.52111347,13184005.576328002
2023-03-01,18778069.50111347,13204435.80057748
2023-03-02,18772108.16111347,13204269.023071975
2023-03-03,18860444.381113473,13239820.642732397
2023-03-06,18903799.581113473,13301160.350796899
2023-03-07,18817631.12111347,13315921.906003686
2023-03-08,18739049.82111347,13214894.930507008
2023-03-09,18713036.70111347,13189866.516743544
2023-03-10,18718998.041113473,13195568.75121104
2023-03-13,18611693.921113472,13165443.259975037
2023-03-14,18402505.081113473,13096947.821692465
2023-03-15,18063250.64111347,12936904.586654423
2023-03-16,18102270.32111347,12876948.115891727
2023-03-17,18044824.68111347,12865228.509551913
2023-03-20,17993340.38111347,12932394.941823626
2023-03-21,18093599.28111347,12913807.50288139
2023-03-22,18171096.701113474,12923360.460272353
2023-03-23,18183019.381113473,12945844.622444913
2023-03-24,18066502.28111347,12886410.148605563
2023-03-27,18245884.421113472,12988084.538543668
2023-03-28,18375408.081113473,13057018.114813011
2023-03-29,18405214.78111347,13131756.463338733
2023-03-30,18424182.681113474,13166023.246834584
2023-03-31,18456852.63531359,13193367.333120944
2023-04-03,18465900.43491359,13388213.436661676
2023-04-04,18488366.39991359,13438681.80066125
2023-04-06,18811275.41531359,13450398.75727564
2023-04-07,18791407.06151359,13411738.374096695
2023-04-10,18700275.90131359,13379116.795532528
2023-04-11,18733324.00111359,13377608.971509788
2023-04-12,18861510.74891359,13458051.825904913
2023-04-13,18913028.048113592,13492507.329772787
2023-04-14,19115366.41311359,13555754.95862846
2023-04-17,19021100.52731359,13495273.94198344
2023-04-18,18921228.55191359,13529142.0209613
2023-04-19,18943866.74911359,13468502.748680426
2023-04-20,18936926.00011359,13339968.41923124
2023-04-21,18934661.07811359,13293684.401579708
2023-04-24,18805095.03591359,13234942.792577136
2023-04-25,18885611.66471359,13248143.317731012
2023-04-26,18761737.83891359,13185830.223913517
2023-04-27,18782410.806913592,13136515.147364305
2023-04-28,18602699.03879759,13144565.131132828
2023-05-04,18968856.36639759,13075944.568361007
2023-05-05,18989597.94999759,13097455.17215517
2023-05-08,18902445.427997593,13108142.036400352
2023-05-09,18926786.544397593,13128169.40545177
2023-05-10,18901661.42439759,13084376.62456796
2023-05-11,18806499.69399759,13004271.053922897
2023-05-12,18361246.06479759,12876614.700474212
2023-05-15,18332029.514397588,12848299.805852957
2023-05-16,18274348.65239759,12848113.078450158
2023-05-17,18180330.414397594,12816521.575675057
2023-05-18,18247864.69239759,12863123.72713771
2023-05-19,18177284.03519759,12854779.230268024
2023-05-22,18242192.13559759,12767193.477579558
2023-05-23,18152349.453997593,12801262.971309265
2023-05-24,18074265.81799759,12789860.660839148
2023-05-25,17938096.64919759,12694969.64476416
2023-05-26,17910002.19439759,12662104.793827437
2023-05-29,18042665.19479759,12756919.142231356
2023-05-30,18045069.105997592,12694632.93574745
2023-05-31,18097504.83954907,12596496.823534468
2023-06-01,18181696.11954907,12685827.968267707
2023-06-02,18321635.67954907,12808801.589679562
2023-06-05,18412084.41954907,12877072.091056723
2023-06-06,18352922.97954907,12896511.868201831
2023-06-07,18413790.99954907,12893968.702422615
2023-06-08,18395018.61954907,12900975.057863664
2023-06-09,18346665.51954907,12921932.94063375
2023-06-12,18153821.97954907,12881104.09688427
2023-06-13,18224929.47954907,12883938.461977225
2023-06-14,18268731.69954907,12993556.03666849
2023-06-15,18312533.91954907,13026010.660558164
2023-06-16,18383641.41954907,13153496.194893777
2023-06-19,18372833.07954907,13161152.142597917
2023-06-20,18365437.89954907,13186465.142541658
2023-06-21,18494569.11954907,13235089.90569625
2023-06-26,18323342.25954907,13085754.927484712
2023-06-27,18306276.45954907,13095951.87447336
2023-06-28,18272713.719549067,13041661.236752667
2023-06-29,18350078.67954907,13071949.191195052
2023-06-30,18401670.40215907,13145671.277159352
2023-07-03,18763207.04215907,13317305.135032983
2023-07-04,18926569.142159067,13381902.617360463
2023-07-05,18897544.712159067,13395596.620073564
2023-07-06,18932525.612159066,13394597.092747059
2023-07-07,19005066.65215907,13446791.619138174
2023-07-10,18974922.24215907,13466492.077574138
2023-07-11,19249666.392159067,13589642.027771384
2023-07-12,19346136.47215907,13665891.061519146
2023-07-13,19416895.702159066,13751517.442432048
2023-07-14,19590581.92215907,13803783.003171196
2023-07-17,19527536.052159067,13775675.29845082
2023-07-18,19477716.59215907,13779093.211336657
2023-07-19,19623199.022159066,13910158.719653746
2023-07-20,19746192.392159067,13952925.955715612
2023-07-21,19688714.20215907,13928197.600187577
2023-07-24,19654683.56215907,13943705.813106967
2023-07-25,19790090.622159068,14011663.223413115
2023-07-26,19948461.532159068,14079149.56420211
2023-07-27,20109715.62215907,14154742.67268838
2023-07-28,20078207.81215907,14129249.307217697
2023-07-31,20047619.959891066,14140580.062315496
2023-08-01,20183974.409891065,14221476.179383941
2023-08-02,20162653.239891063,14195617.09699248
2023-08-03,20050060.369891066,14099743.63191097
2023-08-04,20195065.819891065,14152920.900575673
2023-08-07,20110935.949891068,14116287.55423862
2023-08-08,20030061.739891063,14072795.610174844
2023-08-09,20254535.599891067,14128725.583310656
2023-08-10,20341197.559891067,14158195.88789403
2023-08-11,20437087.079891067,14212392.362499543
2023-08-14,20325423.949891068,14154689.377225291
2023-08-15,20369115.739891067,14177393.158459892
2023-08-16,20249910.009891067,14128038.00260483
2023-08-17,20284120.349891067,14145346.828378364
2023-08-18,20514923.459891066,14253510.27076573
2023-08-21,20845109.179891065,14392132.061843293
2023-08-22,20807934.579891067,14398023.873210086
2023-08-23,20733189.489891063,14401939.999410553
2023-08-24,20697112.249891065,14422011.090948796
2023-08-25,20820803.06989107,14459453.810142808
2023-08-28,20965708.289891068,14534451.516504576
2023-08-29,20995200.219891064,14557958.136126019
2023-08-30,21174187.239891063,14643309.059340017
2023-08-31,21336414.89748107,14728804.775571257
2023-09-01,21303734.437481068,14777574.016111486
2023-09-04,21173578.697481066,14776354.452526568
2023-09-05,21069041.25748107,14761501.501219539
2023-09-06,21147035.837481067,14818296.894566339
2023-09-07,21083302.99748107,14820369.334662251
2023-09-08,20868812.17748107,14741551.764308035
2023-09-11,20985809.13748107,14771484.954566166
2023-09-12,21082539.377481066,14840459.918085676
2023-09-13,20949303.35748107,14772751.340690348
2023-09-14,21006590.777481064,14805160.497745693
2023-09-15,21229695.977481067,14894769.766746463
2023-09-18,21113604.517481066,14864618.403198754
2023-09-19,21043891.45748107,14843382.064707268
2023-09-20,21044537.67748107,14813648.503619147
2023-09-21,20980086.57748107,14765928.898862068
2023-09-22,20917411.937481068,14728710.102900809
2023-09-25,20919161.137481064,14729803.104952201
2023-09-26,20802056.21748107,14686577.22248805
2023-09-27,20756910.75748107,14654255.116649766
2023-09-28,20737054.32211992,14620751.637553364
2023-10-09,19879860.915119924,14236782.406510407
2023-10-10,20168633.086719923,14215259.866575679
2023-10-11,20131217.09841992,14141500.388381513
2023-10-12,20070707.12451992,14118392.24994077
2023-10-13,20379627.186719917,14245801.255258914
2023-10-16,20631344.036619917,14364673.068975354
2023-10-17,20635376.72301992,14370523.737765994
2023-10-18,20906156.31461992,14464647.975929553
2023-10-19,20990954.72201992,14468117.536570197
2023-10-20,21235498.31201992,14552109.955364503
2023-10-23,21004858.96541992,14445457.996177023
2023-10-24,20811816.40261992,14344218.453422032
2023-10-25,20738201.763819918,14401289.349715553
2023-10-26,20848242.07811992,14422384.202542642
2023-10-27,20913140.79921992,14456173.293129142
2023-10-30,20835111.536119923,14537087.813468086
2023-10-31,20742120.75760012,14491804.0873951
2023-11-01,20582697.134000115,14421385.985282386
2023-11-02,20612506.988700118,14471128.102487495
2023-11-03,20630429.697900116,14523812.872928418
2023-11-06,20632741.87280012,14581929.637381995
2023-11-07,20496414.18790012,14555851.028015032
2023-11-08,20259231.550000116,14440615.128073068
2023-11-09,20209163.62880012,14434357.182565697
2023-11-10,20234209.24470012,14412415.31964405
2023-11-13,20183875.55760012,14371425.412658611
2023-11-14,20251379.21630012,14455105.825826615
2023-11-15,20379912.810000118,14503923.82215749
2023-11-16,20401356.56050012,14473268.25642941
2023-11-17,20437887.39960012,14445578.033841759
2023-11-20,20376399.31300012,14409421.17796052
2023-11-21,20343661.194900118,14389873.501496619
2023-11-22,20357744.392100118,14325607.892293084
2023-11-23,20321679.77120012,14242150.766831104
2023-11-24,20324701.438700117,14250571.092879552
2023-11-27,20573586.90060012,14237553.887859557
2023-11-28,20749803.00990012,14244031.085659351
2023-11-29,20828090.336400118,14299826.549487025
2023-11-30,20789773.47021932,14299748.210967612
2023-12-01,20823345.71021932,14309450.596027838
2023-12-04,20879004.95021932,14283359.367907044
2023-12-05,20710260.27021932,14171096.36974419
2023-12-06,20583039.15021932,14089667.06516417
2023-12-07,20582155.67021932,14084795.764171338
2023-12-08,20570670.430219322,14144956.291760026
2023-12-11,20507059.87021932,14139532.4553705
2023-12-12,20428430.15021932,14085320.368880136
2023-12-13,20434614.51021932,14062027.64951768
2023-12-14,20527379.91021932,14124117.005264558
2023-12-15,20614844.43021932,14160108.878559113
2023-12-18,20578621.75021932,14138172.119798785
2023-12-19,20575971.31021932,14188406.419663526
2023-12-20,20608660.070219323,14212538.3797853
2023-12-21,20639581.87021932,14218859.972349098
2023-12-22,20671387.15021932,14282487.271518636
2023-12-25,20683755.87021932,14271726.125883399
2023-12-26,20671387.15021932,14307007.472523663
2023-12-27,20680221.950219322,14345576.810759034
2023-12-28,20684639.35021932,14347482.157036658
2023-12-29,20592757.430219322,14253103.988065783
2023-12-31,20556249.30538932,14253289.572806668
2024-01-02,20498384.65538932,14159790.04574325
2024-01-03,20443869.54538932,14131004.574739745
2024-01-04,20415473.845389318,14105686.879400086
2024-01-05,20322617.42538932,14064272.155508332
2024-01-08,20233079.155389316,13952398.22458489
2024-01-09,20160731.935389318,13916565.04985213
2024-01-10,20079960.78538932,13896807.920483414
2024-01-11,20040803.525389317,13864493.776099361
2024-01-12,20155830.935389318,13887296.890742954
2024-01-15,20137824.23538932,13873162.117363717
2024-01-16,20088591.315389317,13851574.368898163
2024-01-17,20019754.12538932,13809751.407933272
2024-01-18,20043456.51538932,13759036.551433597
2024-01-19,20077432.81538932,13811663.352035994
2024-01-22,20155120.28538932,13838800.564834123
2024-01-23,20229993.865389317,13861710.281483568
2024-01-24,20287726.34538932,13910377.866751866
2024-01-25,20417540.76538932,13966216.172717271
2024-01-26,20437596.23538932,13964928.849567456
2024-01-29,20499360.96538932,13938674.45070395
2024-01-30,20484261.40538932,13936567.664899856
2024-01-31,20424405.345310323,13949418.604825031
2024-02-01,20296237.625310324,13966490.86457408
2024-02-02,19987009.28531032,13859329.152576614
2024-02-05,19919233.08531032,13794814.188108217
2024-02-06,19929525.72531032,13789040.835012948
2024-02-07,20050839.92531032,13830163.365273982
2024-02-08,20177782.18531032,13845451.477077026
2024-02-19,20349307.725310322,13933015.308250597
2024-02-20,20161150.30531032,13901513.909944914
2024-02-21,20158772.12531032,13873401.909647558
2024-02-22,20256067.665310323,13865921.871342357
2024-02-23,20255528.26531032,13875772.808862662
2024-02-26,20185279.72531032,13863757.981446784
2024-02-27,20293485.725310322,13904523.092938548
2024-02-28,20364719.365310322,13943758.718976285
2024-02-29,20274255.494683802,13927965.019843105
2024-03-01,20441986.1634838,14032682.876967175
2024-03-04,20574552.8418838,14150872.650919972
2024-03-05,20794149.1466838,14222428.164888801
2024-03-06,20925117.663483802,14263011.829411943
2024-03-07,20998778.9362838,14315374.9679782
2024-03-08,21018722.610683803,14396608.49109876
2024-03-11,21008157.9882838,14422227.849153975
2024-03-12,21026005.6146838,14420336.310053946
2024-03-13,21024007.877083797,14432485.839607706
2024-03-14,21286975.251083802,14532577.689822506
2024-03-15,21420229.2074838,14632095.105865711
2024-03-18,21487656.184683803,14653850.08997415
2024-03-19,21546566.610283803,14674715.247301627
2024-03-20,21445530.8386838,14680488.817880295
2024-03-21,21693045.409083802,14783396.964202316
2024-03-22,21556364.2186838,14697869.914452078
2024-03-25,21642430.1662838,14638177.002666418
2024-03-26,21668792.6178838,14626796.891790185
2024-03-27,21644064.0266838,14629706.957767928
2024-03-28,21775073.5182838,14661687.183801249
2024-03-29,21994603.1486838,14740433.993380865
2024-03-31,21994591.87157687,14740434.46684082
2024-04-01,22156745.35567687,14850718.445636317
2024-04-02,22258075.61997687,14929710.510192487
2024-04-03,22561992.655276872,14997524.842435516
2024-04-08,23207041.58127687,15250086.035742939
2024-04-09,23356467.223276872,15323775.57212566
2024-04-10,23426896.41337687,15345344.459972134
2024-04-11,23393550.19187687,15343534.689468853
2024-04-12,23741936.12917687,15400904.031085048
2024-04-15,23766232.759276874,15511323.657662863
2024-04-16,23750937.983876873,15540650.288238948
2024-04-17,23625569.825176872,15448208.797337849
2024-04-18,23533226.257176872,15446669.663853144
2024-04-19,23595098.258776873,15531762.602640182
2024-04-22,23313186.428276874,15469711.848072788
2024-04-23,22821650.53537687,15311426.921328243
2024-04-24,22945633.249976873,15332850.526443264
2024-04-25,22926228.070876874,15348972.014655178
2024-04-26,23136170.32047687,15435483.385794573
2024-04-29,23000755.946076874,15416796.236441793
2024-04-30,22823380.31080793,15375595.345503634
2024-05-06,22946670.66080793,15397435.774665412
2024-05-07,23266896.24080793,15507433.247748436
2024-05-08,23247663.45080793,15497064.555381842
2024-05-09,23235542.990807932,15518500.884979032
2024-05-10,23357376.490807932,15592369.40832704
2024-05-13,23411129.84080793,15561724.070258204
2024-05-14,23559729.90080793,15632016.023429967
2024-05-15,23574527.200807933,15661584.984449176
2024-05-16,23820190.77080793,15753919.511148151
2024-05-17,23995984.730807927,15884254.749864893
2024-05-20,24568949.82080793,16118440.861487594
2024-05-21,25041660.00080793,16192613.347721277
2024-05-22,25093982.85080793,16130332.27602298
2024-05-23,24588525.35080793,15898680.330129044
2024-05-24,24493517.340807926,15885123.950867746
2024-05-27,24538265.310807932,15900766.378364643
2024-05-28,24887398.090807933,16031407.356862463
2024-05-29,24827808.650807932,15969871.579418499
2024-05-30,24694739.520807933,15932046.002358848
2024-05-31,24425792.16165093,15834266.407253115
2024-06-03,24069410.60165093,15690173.960057352
2024-06-04,23931096.261650927,15608695.729487067
2024-06-05,23621028.651650928,15572253.015041558
2024-06-06,23777074.61165093,15691679.773039795
2024-06-07,24077706.70165093,15714602.316315824
2024-06-11,23525651.941650927,15563859.523566008
2024-06-12,23486316.691650927,15559685.589316726
2024-06-13,23554683.711650927,15546073.7473705
2024-06-14,23360809.54165093,15518295.628560985
2024-06-17,23262250.081650928,15449218.511068739
2024-06-18,23283235.621650927,15449246.313205466
2024-06-19,23322962.571650926,15479014.057654358
2024-06-20,23579635.531650927,15583567.810621187
2024-06-21,23739009.211650927,15577266.59151597
2024-06-24,23402493.67165093,15478704.65996713
2024-06-25,23398344.47165093,15469775.232896302
2024-06-26,23187667.121650927,15389978.923793359
2024-06-27,23154979.731650926,15417830.02086821
2024-06-28,23325864.491650928,15498321.64265399
2024-06-30,23292825.483769927,15497973.023543637
2024-07-01,23363444.713769928,15526111.208767533
2024-07-02,23435231.20376993,15572953.424350332
2024-07-03,23420056.823769927,15682463.023952005
2024-07-04,23456825.51376993,15715849.812066339
2024-07-05,23470832.63376993,15711284.210206173
2024-07-08,23371615.533769928,15683127.033019561
2024-07-09,23319088.83376993,15578378.200792745
2024-07-10,23292825.483769927,15541586.553079043
2024-07-11,23357024.783769928,15603222.299115013
2024-07-12,23348270.33376993,15570401.705756992
2024-07-15,23327259.65376993,15483748.639312617
2024-07-16,23251387.753769927,15487047.417509038
2024-07-17,23233295.22376993,15520631.567201002
2024-07-18,23326676.02376993,15446919.093900342
2024-07-19,23261309.463769928,15274439.347999249
2024-07-22,23113067.443769928,15212263.604160132
2024-07-23,23014433.973769926,15161572.892855544
2024-07-24,23009181.303769927,15167846.36396413
2024-07-25,23017935.753769927,14978868.963036753
2024-07-26,23001594.113769926,14998416.690489106
2024-07-29,22939729.33376993,14934401.95128281
2024-07-30,22876697.29376993,14871183.171247542
2024-07-31,23015290.118008707,14993777.24577775
2024-08-01,23067751.94120871,15093912.714550061
2024-08-02,23078794.593808707,15010850.233387902
2024-08-05,22837431.43280871,14828339.09658929
2024-08-06,22692161.462008707,14643576.139591206
2024-08-07,22692167.78940871,14623054.528227363
2024-08-08,22815904.536808707,14640097.312726233
2024-08-09,22913710.793208707,14705127.881945502
2024-08-12,23075049.47680871,14775207.988585833
2024-08-13,23128335.742208708,14788895.421301141
2024-08-14,23048379.97200871,14642881.968070418
2024-08-15,23057690.185208708,14649466.645090075
2024-08-16,23214481.14100871,14769249.30648339
2024-08-19,23297315.096208706,14748004.657213219
2024-08-20,23320767.23200871,14767032.489674523
2024-08-21,23339995.40160871,14812811.727273649
2024-08-22,23213983.95220871,14782425.695266686
2024-08-23,23297306.70160871,14770553.473634515
2024-08-26,23341976.69380871,14860283.8564014
2024-08-27,23353409.41480871,14945025.722776366
2024-08-28,23287862.11700871,14939431.70372406
2024-08-29,23355394.324608706,14902965.640118789
2024-08-30,23243613.310350988,14877147.780003754
2024-09-02,23003241.32035099,14739015.437846199
2024-09-03,22790766.86035099,14667674.210623605
2024-09-04,22547479.900350988,14520606.919587187
2024-09-05,22560569.22035099,14534204.887261556
2024-09-06,22590670.87035099,14526404.269482514
2024-09-09,22390899.760350987,14450405.547496574
2024-09-10,22449200.25035099,14413860.558809275
2024-09-11,22453530.62035099,14349642.785104292
2024-09-12,22752932.86035099,14497825.118554793
2024-09-13,23101876.10035099,14643729.16816384
2024-09-18,23148028.97035099,14691146.642464928
2024-09-19,23236991.03035099,14737948.89953958
2024-09-20,23483836.210350987,14795874.384884322
2024-09-23,23441937.89035099,14758994.876844216
2024-09-24,23594514.11035099,14881438.446610276
2024-09-25,23919663.080350988,15004467.926691076
2024-09-26,24035551.140350986,14976310.948624078
2024-09-27,24085179.38035099,14996880.729190536
2024-09-30,24035704.678407688,15104154.954190444
2024-10-08,23999368.068507686,15240235.523444016
2024-10-09,23623680.628007688,15057315.056733316
2024-10-10,23679947.54840769,15026733.502100108
2024-10-11,23989705.053307686,15129229.332050717
2024-10-14,24120987.06250769,15135698.423319686
2024-10-15,24155444.940707687,15059409.386284128
2024-10-16,24424068.33780769,15123375.612009449
2024-10-17,24603332.68400769,15130419.912160523
2024-10-18,24728133.666007686,15109064.251299767
2024-10-21,25049357.98390769,15195381.007197443
2024-10-22,25299901.06210769,15287460.7084512
2024-10-23,25334943.913307685,15321977.395910451
2024-10-24,25073515.212907687,15257282.444247026
2024-10-25,25043793.925307687,15251122.08087729
2024-10-28,25112614.550507687,15211948.489512071
2024-10-29,25329319.34780769,15243301.652112436
2024-10-30,25548605.605807684,15323375.555046849
2024-10-31,25235702.022665568,15275073.714994999
2024-11-01,24924101.29306557,15207547.733106304
2024-11-04,24863384.581365567,15210490.524048487
2024-11-05,24857379.147365566,15241642.661935635
2024-11-06,24647243.29786557,15189249.791616336
2024-11-07,24312108.817765567,15166969.586895421
2024-11-08,24403830.89146557,15237023.442967944
2024-11-11,24280921.634465568,15144987.13963476
2024-11-12,23924997.80196557,15042275.01652594
2024-11-13,23867853.61686557,15010592.582011865
2024-11-14,23647670.421665568,14897780.091729179
2024-11-15,23583833.20356557,14803717.622191146
2024-11-18,23864043.33656557,14850277.601452243
2024-11-19,24162816.46656557,14979825.387274263
2024-11-20,24239106.633065566,15025588.24351711
2024-11-21,24412542.40126557,15095399.483975219
2024-11-22,24596319.04966557,15134939.418529682
2024-11-25,24269755.50556557,15006106.645089176
2024-11-26,23977058.37856557,14930360.244471759
2024-11-27,24116200.860465568,14962650.560509782
2024-11-28,24021976.971165568,14923544.091402203
2024-11-29,24138412.78295064,14964417.592360038
2024-12-02,24138412.78295064,14932819.850521814
2024-12-03,24138412.78295064,14961014.155726902
2024-12-04,24138412.78295064,14961691.89656529
2024-12-05,24138412.78295064,14845774.84366923
2024-12-06,24138412.78295064,14794126.706224253
2024-12-09,24138412.78295064,14836793.926190233
2024-12-10,24138412.78295064,14975327.022667043
2024-12-11,24138412.78295064,15011350.766269587
2024-12-12,24138412.78295064,15011720.058203474
2024-12-13,24138412.78295064,14933544.71136325
2024-12-16,24138412.78295064,14884944.468084097
2024-12-17,24138412.78295064,14865999.489380542
2024-12-18,24138412.78295064,14755821.948793193
2024-12-19,24138412.78295064,14679890.812194653
2024-12-20,24138412.78295064,14672881.080163166
2024-12-23,24138412.78295064,14747413.78075689
2024-12-24,24138412.78295064,14764948.48499797
2024-12-25,24138412.78295064,14799064.959090002
2024-12-26,24138412.78295064,14822086.901825301
2024-12-27,24138412.78295064,14837130.921463147
2024-12-30,24138412.78295064,14814078.897706825
2024-12-31,24121606.020373635,14851979.336885173
2025-01-02,24300420.950373635,14987435.453266252
2025-01-03,24312167.520373635,14968813.642129699
2025-01-06,24366909.910373636,14954518.822433095
2025-01-07,24291543.240373634,14958526.492451586
2025-01-08,24246378.340373635,14970210.19012436
2025-01-09,24276990.480373636,14963028.299140569
2025-01-10,24508531.080373637,15087112.66586724
2025-01-13,24770013.510373637,15209281.080017649
2025-01-14,24824003.490373634,15227537.35317604
2025-01-15,24982094.410373636,15281971.575946847
2025-01-16,25037262.74037364,15372433.397140646
2025-01-17,25015205.96037364,15387444.243631387
2025-01-20,24861957.510373637,15347067.659622036
2025-01-21,24789002.230373636,15404959.871876903
2025-01-22,24683406.380373634,15425286.345361803
2025-01-23,24562669.560373634,15372777.84520087
2025-01-24,24484836.68037364,15359922.764392857
2025-01-27,24322458.614928637,15267414.907113023
2025-02-05,24741091.58492864,15586663.46773665
2025-02-06,24686122.554928638,15586585.252105625
2025-02-07,24666033.494928636,15633638.288148817
2025-02-10,24946301.15492864,15787474.000208506
2025-02-11,24926875.78492864,15783550.976459073
2025-02-12,24857856.65492864,15705850.851174815
2025-02-13,24698411.11492864,15685136.579322752
2025-02-14,24658808.86492864,15702012.557119014
2025-02-17,24658945.03492864,15654049.673271278
2025-02-18,24827071.71492864,15713861.396863375
2025-02-19,24959212.19492864,15782254.05204402
2025-02-20,25053718.69492864,15834490.100486256
2025-02-21,25096059.774928637,15844979.054175619
2025-02-24,25057469.61492864,15813008.168412415
2025-02-25,24702041.484928638,15690966.098909352
2025-02-26,24563803.044928636,15592159.849334557
2025-02-27,24587427.754928637,15577205.400443207
2025-02-28,24568199.140134457,15568670.042641245
2025-03-03,24659586.297934458,15636045.681935767
2025-03-04,24832157.057934456,15671757.275997967
2025-03-05,24851645.159534458,15575795.327643102
2025-03-06,24865565.49813446,15525563.630862236
2025-03-07,24951580.997534458,15594645.414956588
2025-03-10,24915109.791334458,15601907.07979642
2025-03-11,24883880.349334456,15513057.78839765
2025-03-12,25030634.028934456,15542128.206198085
2025-03-13,25270251.467934456,15630225.312762123
2025-03-14,25477627.492934454,15776591.629283454
2025-03-17,25548695.35653446,15845911.869856803
2025-03-18,25676768.239334457,15872438.05485713
2025-03-19,25795576.655934453,15914132.441057941
2025-03-20,25852358.823334455,15937564.712697333
2025-03-21,25727667.514934458,15870575.514321094
2025-03-24,25684819.75533446,15850425.089384072
2025-03-25,25731633.206134453,15882711.722960722
2025-03-26,25826925.53573446,15937223.447026797
2025-03-27,25905333.87593446,15948765.31494066
2025-03-28,26036478.971334457,15999841.235926047
2025-03-31,26211727.434812456,16065262.461034153
2025-04-01,26210754.84921246,16078984.685563376
2025-04-02,26170792.98821246,16079888.767377017
2025-04-03,26148301.69241246,16004569.039112128
2025-04-07,24843709.87521246,15396329.90609573
2025-04-08,24900039.396612458,15383364.723968877
2025-04-09,25260815.848412454,15383456.4010749
2025-04-10,25714851.10761246,15590814.831420463
2025-04-11,26154482.250812456,15744212.014442325
2025-04-14,26321716.732212454,15848897.69795724
2025-04-15,26398286.96981246,15858136.848730534
2025-04-16,26980453.40121246,15967840.039935615
2025-04-17,27020252.113412462,16006537.602621097
2025-04-18,26972246.67041246,16003372.695903338
2025-04-21,27429066.65821246,16180187.2658848
2025-04-22,27647746.027212456,16254714.524232276
2025-04-23,26970087.011012457,16049424.462289723
2025-04-24,27237006.951412454,16131315.090551175
2025-04-25,27044221.998212457,16078554.374181628
2025-04-28,26991320.617212452,16023681.906814832
2025-04-29,26934169.49621246,15968391.611723127
2025-04-30,26905843.449619487,15865644.981761219
2025-05-06,27370155.116919488,15970442.366170285
2025-05-07,27324296.17851949,15964905.26996889
2025-05-08,26946804.69381949,15833100.624971196
2025-05-09,26973035.18521949,15884883.09393185
2025-05-12,26432791.373719487,15745304.007343903
2025-05-13,26486843.01901949,15820158.84387787
2025-05-14,26260038.72211949,15797621.413846653
2025-05-15,25959838.33151949,15691220.593274659
2025-05-16,26049927.67191949,15693707.55829402
2025-05-19,26226975.474419486,15734754.993756186
2025-05-20,26376891.449419487,15748317.393439
2025-05-21,26797799.571019486,15926290.749230467
2025-05-22,26866285.121519487,15921719.830976788
2025-05-23,26955304.356019486,15967620.300622096
2025-05-26,26947737.16611949,15970802.720060762
2025-05-27,26733268.747819487,15882736.759725139
2025-05-28,26699908.445019487,15891302.092350282
2025-05-29,26654966.278619487,15864924.865538543
2025-05-30,26612557.91951161,15841758.763658773
2025-06-03,26859965.35951161,15992642.481318813
2025-06-04,26838502.199511606,16027983.830780325
2025-06-05,26903629.03951161,16038140.281589033
2025-06-06,27187020.379511606,16133937.331906881
2025-06-09,27315049.43951161,16150233.122084914
2025-06-10,27436403.99951161,16194698.372146627
2025-06-11,27544746.249511607,16241574.293326223
2025-06-12,27780118.639511608,16318872.641184175
2025-06-13,28608067.82951161,16525984.743758094
2025-06-16,28563724.379511606,16468452.305633435
2025-06-17,28797280.149511606,16496596.58079079
2025-06-18,29176234.559511606,16588423.556045298
2025-06-19,29451163.91951161,16592812.85245097
2025-06-20,29467176.979511607,16561220.039025031
2025-06-23,29283996.249511607,16529460.356205292
2025-06-24,27919972.249511607,16229401.346165672
2025-06-25,27804321.359511606,16200392.707526475
2025-06-26,27611895.87951161,16180144.647548277
2025-06-27,27566680.31951161,16120540.200527897
2025-06-30,27575722.058165606,16145564.31647037
2025-07-01,27586657.14816561,16203695.310010996
2025-07-02,27756404.13816561,16238204.779740337
2025-07-03,27984013.658165608,16301310.582736198
2025-07-04,27963774.10816561,16273668.02518652
2025-07-07,27935948.13816561,16212025.10726236
2025-07-08,28041900.31816561,16203705.826916998
2025-07-09,28046156.848165613,16171185.723856343
2025-07-10,28025409.798165604,16207201.343620528
2025-07-11,28216882.948165607,16298367.636120403
2025-07-14,28365222.198165607,16341700.01650682
2025-07-15,28273731.60816561,16304778.814222854
2025-07-16,28163370.738165606,16282020.363263415
2025-07-17,28217194.81816561,16301512.504866943
2025-07-18,28402573.63816561,16394438.579534288
2025-07-21,28546457.89816561,16526446.679179909
2025-07-22,28680996.948165607,16617564.711621951
2025-07-23,28802476.28816561,16668979.187606743
2025-07-24,28944981.098165605,16571426.418344686
2025-07-25,29066251.658165608,16541966.438870424
2025-07-28,28812864.43816561,16431459.116746366
2025-07-29,28811992.458165605,16382487.485427964
2025-07-30,29134950.52816561,16430645.226107037
2025-07-31,28773706.873011604,16359377.26883257
2025-08-01,28496434.043011606,16322879.27280253
2025-08-04,28540334.503011607,16362081.52446248
2025-08-05,28621042.09301161,16384499.401266716
2025-08-06,28770872.81301161,16400284.943226572
2025-08-07,28799383.113011606,16425085.12232761
2025-08-08,28877595.683011606,16441597.28003547
2025-08-11,28793348.603011608,16360181.009439724
2025-08-12,28783657.363011606,16356391.509848012
2025-08-13,29052738.153011605,16431502.772396998
2025-08-14,29099102.323011607,16428656.146735473
2025-08-15,28877445.67301161,16366403.4396119
2025-08-18,28878566.003011607,16362639.861645129
2025-08-19,28937453.02301161,16352859.060469028
2025-08-20,28750035.723011605,16327482.844586
2025-08-21,28855187.153011605,16355478.33180894
2025-08-22,28828050.903011605,16373969.57665914
2025-08-25,29065468.033011608,16450385.755972944
2025-08-26,29019834.013011605,16453234.99600466
2025-08-27,28779477.20301161,16398899.443392536
2025-08-28,28668991.193011604,16389571.9423527
2025-08-29,28702449.61433561,16445122.97473685
2025-09-01,29002100.83433561,16560087.431767805
2025-09-02,29219878.82433561,16714584.09148788
2025-09-03,29186431.90433561,16750245.69538167
2025-09-04,29224032.63433561,16708054.199561067
2025-09-05,29132085.61433561,16716288.403681826
2025-09-08,29235351.864335608,16824652.608314976
2025-09-09,29278590.274335615,16878728.4481445
2025-09-10,29140988.76433561,16869824.437108085
2025-09-11,29244801.03433561,16863010.33278071
2025-09-12,29488565.544335607,16921900.95542076
2025-09-15,29495401.24433561,16943408.138936773
2025-09-16,29552575.50433561,17042025.189397436
2025-09-17,29359481.70433561,16945222.04050407
2025-09-18,29085817.934335608,16823212.617611624
2025-09-19,29125495.334335607,16833260.546006147
2025-09-22,29456379.364335604,16995215.565414537
2025-09-23,29327226.59433561,17001662.327036668
2025-09-24,29326324.714335606,17031644.08965881
2025-09-25,29592633.384335607,17124518.63122947
2025-09-26,29705355.33433561,17178045.11669857
2025-09-29,29910384.634335615,17249891.758474335
2025-09-30,30052635.790702105,17317151.146053053
2025-10-09,31024384.50070211,17638567.040119838
2025-10-10,30912399.915702105,17562414.969356775
2025-10-13,31466659.185702104,17723965.8078478
2025-10-14,32108786.95070211,17816475.63311553
2025-10-15,32456847.490702104,17909777.843890637
2025-10-16,33079469.320702102,18084972.486572787
2025-10-17,33514510.490702104,18155898.211231127
2025-10-20,33131638.340702105,18074697.9065869
2025-10-21,32827116.510702107,17978728.96760827
2025-10-22,31798919.445702102,17701238.636878327
2025-10-23,31767905.745702107,17794244.75704748
2025-10-24,31756194.535702106,17838620.556335803
2025-10-27,31428813.280702103,17750846.0442668
2025-10-28,30661162.335702103,17521553.954302695
2025-10-29,30916169.015702106,17624315.00959285
2025-10-30,31074983.07070211,17665485.214284975
2025-10-31,31310042.212629654,17728322.373619556
2025-11-03,31291836.321129654,17758101.24210586
2025-11-04,31166907.822129656,17651102.178589705
2025-11-05,30877933.399629656,17607795.313850194
2025-11-06,31149870.160629656,17692412.764554087
2025-11-07,31208690.235129658,17718101.41052282
2025-11-10,31545756.904629655,17894289.155555934
2025-11-11,32002725.409629654,18052661.286241647
2025-11-12,32092287.966129653,18077728.236256752
2025-11-13,32711691.465129655,18211546.482790783
2025-11-14,32608504.639629655,18151266.633982226
2025-11-17,31906899.237129655,17886473.890497245
2025-11-18,31560170.631129656,17802714.182872374
2025-11-19,31857937.518129654,17874708.89859978
2025-11-20,31982497.516629655,17854313.668936025
2025-11-21,31684974.622629654,17749513.87376611
2025-11-24,31591728.52962965,17790420.13202439
2025-11-25,32004721.012629654,17907099.085964557
2025-11-26,32117374.032129657,17976285.570766922
2025-11-27,32382060.075129654,18066644.01139381
2025-11-28,32610149.95996828,18195684.740703102
2025-12-01,33287193.091368273,18408641.33726489
2025-12-02,33502950.600868277,18447752.032099713
2025-12-03,33560466.74936828,18442642.16238909
2025-12-04,33554758.53546828,18476154.325742316
2025-12-05,33468437.431168277,18481804.89195898
2025-12-08,33638317.78656828,18469967.748359784
2025-12-09,33558576.81166828,18377395.338338878
2025-12-10,33993737.10546828,18426699.408103693
2025-12-11,34373577.890368275,18528903.81124881
2025-12-12,34879053.35936827,18692525.589561403
2025-12-15,35012749.349468276,18700467.42550962
2025-12-16,34898708.42976828,18602252.60334076
2025-12-17,35295080.04626828,18740286.636233218
2025-12-18,35660917.79286828,18837274.584328774
2025-12-19,35530678.22256828,18824880.870440364
2025-12-22,36353586.43856828,19133039.848095525
2025-12-23,37031560.17876828,19337621.796169642
2025-12-24,37588724.322968274,19506695.01577308
2025-12-25,37673117.64156828,19515310.954081062
2025-12-26,38558744.394268274,19821003.41177297
2025-12-29,38813331.57396827,19869344.74617511
2025-12-30,37670544.561068274,19530567.409943916
2025-12-31,37642691.70078912,19539110.93263902
2026-01-05,38234079.69038912,19762401.942638822
2026-01-06,39189589.92618912,20068195.646181535
2026-01-07,39854060.274589114,20221988.393518183
2026-01-08,39060543.25418911,20059718.216210704
2026-01-09,38571575.07678911,19977275.634862408
2026-01-12,40230114.51038911,20488598.131577358
2026-01-13,41201314.75238911,20753802.933137458
2026-01-14,42372503.25818912,21076492.266027667
2026-01-15,42769365.105589114,21111928.32244963
2026-01-16,42388709.67198911,20968040.954099253
2026-01-19,42092503.501789115,20902015.024934474
2026-01-20,42916168.760189116,21231900.106319465
2026-01-21,43194383.93178911,21410872.771627523
2026-01-22,43178149.27298912,21487026.02256137
2026-01-23,44372532.35278911,21923643.066635326
2026-01-26,46657553.45738911,22619375.395120643
2026-01-27,47953000.43558911,23025355.173595563
2026-01-28,48577761.65358911,23379923.30650613
2026-01-29,50405822.46338911,23971202.74256862
2026-01-30,49253934.29538399,23269673.084226403
2026-02-02,41575417.15298399,20608003.384049796
2026-02-03,43714309.352184,21132377.921923585
2026-02-04,45232226.654584,21696686.581551433
2026-02-05,43862064.08778399,21232236.22701498
2026-02-06,42446933.32018399,20697074.29856493
2026-02-09,43604924.378584,21084865.304230504
2026-02-10,43831349.59618399,21184692.460955415
2026-02-11,44131959.892184,21330026.85622599
2026-02-12,43974405.552183986,21338587.007259753
2026-02-13,43497200.67378399,21094165.70975966
2026-02-24,45679515.220984,21893312.117913686
2026-02-25,45920306.70538399,22011794.611380473
2026-02-26,46189203.96058399,22106487.5514285
2026-02-27,46036359.58486779,22047305.943334393
2026-03-02,47208068.73486779,22788252.635759026
2026-03-03,47212461.134867795,22483611.411257118
2026-03-04,47318363.83486779,22109919.207732808
2026-03-05,47652751.05486779,22205902.585383136
2026-03-06,49295064.4448678,22332804.19581799
2026-03-09,51020438.1748678,22717850.41445734
2026-03-10,49936526.884867795,22780037.7107494
2026-03-11,50390112.93486779,22960622.453189477
2026-03-12,51912375.704867795,23111484.495590817
2026-03-13,52422734.97486778,23047201.13692557
2026-03-16,52133836.43486779,22702151.524107214
2026-03-17,52043823.574867785,22625232.132294305
2026-03-18,52038164.73486779,22473593.539684497
2026-03-19,51690171.31486779,21921737.064022668
2026-03-20,51429629.77486779,21357662.473678373
2026-03-23,49936227.384867795,20611105.690963563
2026-03-24,49842790.65486779,20837506.192410845
2026-03-25,49648659.254867785,21070004.968311798
2026-03-26,50074095.84486779,21042137.922097508
2026-03-27,50989805.384867795,21158920.443948243
2026-03-30,51576933.67486779,21411911.009250037
2026-03-31,51602277.677168794,21564448.577421613
2026-04-01,50220898.39716879,21684966.645552598
2026-04-02,51048601.497168794,21561377.520684164
2026-04-03,51413846.81716879,21555442.58264179
2026-04-07,52196743.97716879,21665631.48652552
2026-04-08,49782796.19716879,21554794.099008758
2026-04-09,49761536.917168796,21543254.152274646
2026-04-10,49539720.05716879,21575647.600769013
2026-04-13,49921233.45716879,21608569.044170275
2026-04-14,49391253.79716879,21676726.88308743
2026-04-15,49433191.47716879,21893669.550471682
2026-04-16,49991553.65716879,22023133.584223926
2026-04-17,49056250.31716879,21884202.275625892
2026-04-20,49259870.03716879,21990398.076855637
2026-04-21,49740685.93716879,21870262.722092737
2026-04-22,50415520.79716879,21918994.306820165
2026-04-23,51030267.43716879,21911245.2196465
2026-04-24,51073352.897168785,21828957.19571851
2026-04-27,51463165.87716879,21868137.015526112
2026-04-28,52186128.8371688,21751432.671055496
2026-04-29,53338170.51716879,21734252.428507075
2026-04-30,53375496.146451786,21770139.86717204
2026-05-06,52498211.79645179,21931333.058253545
2026-05-07,52125128.25645179,21973277.93388924
2026-05-08,52326209.3264518,22038301.57745152
2026-05-11,53059354.036451794,22153576.254057854
2026-05-12,53909271.01645179,22488266.56146399
2026-05-13,53993660.69645179,22497924.16892603
2026-05-14,53889866.0964518,22528300.61434958
2026-05-15,53735851.676451795,22069640.183635663
2026-05-18,53596722.7664518,21758141.019699052
2026-05-19,54060465.5764518,21782059.27871408
2026-05-20,53365945.6564518,21571792.519382477
2026-05-21,53538246.14645179,21672836.629289504
2026-05-22,53097566.30645179,21561656.84320727
2026-05-25,53061403.2464518,21566327.31878366
2026-05-26,52517275.0564518,21449234.28026776
2026-05-27,52040847.816451795,21259492.08920304
2026-05-28,51925895.54645179,21084775.940904442
2026-05-29,51824303.98452178,21256509.227792267
2026-06-01,51794615.18452178,21280236.294440147
2026-06-02,52008855.98452178,21367303.49270566
2026-06-03,52138844.78452178,21364230.61168984
2026-06-04,51914975.18452178,21222280.7551186
2026-06-05,51831525.584521785,20990758.600517247
2026-06-08,51558709.584521785,20662035.109207448
2026-06-09,51546673.584521785,20512997.876640826
2026-06-10,51510565.584521785,20164321.825234637
2026-06-11,51380576.78452178,20130519.187617023
2026-06-12,51504948.78452179,20147468.143809438
2026-06-15,51685488.78452179,20346992.904016986
2026-06-16,51633332.78452179,20281007.516155463
2026-06-17,51666231.18452178,20174517.50635855
2026-06-18,51636542.38452178,20084472.604663864
2026-06-22,51594015.18452178,19780266.82236887
2026-06-23,51474457.584521785,19526008.190952253
2026-06-24,51250587.984521784,19189338.978568956
2026-06-25,50936849.584521785,18876797.20881572
2026-06-26,50962526.38452178,18922753.597090527
2026-06-29,51082083.984521784,18995426.221166473
2026-06-30,50962342.38198578,18891960.82052258
2026-07-01,50974395.96198578,18853172.75863662
2026-07-02,51129370.56198578,19006719.78741974
2026-07-03,51081156.24198578,19218296.12750227
2026-07-06,51285206.13198578,19333094.739733607
2026-07-07,51472036.62198578,19320058.873590656
2026-07-08,51516807.061985776,19409355.711816374
2026-07-09,51538331.31198578,19285812.775369998
2026-07-10,51532304.521985784,19343067.725218683
2026-07-13,51621845.40198578,19293715.347356003
2026-07-14,51568465.26198578,19367187.49378768
2026-07-15,51614957.64198578,19444237.280128207
2026-07-16,51698471.73198578,19303399.640616942
2026-07-17,51660589.051985785,19248459.39767498
2026-07-20,51812980.74198578,19363773.079735454
2026-07-21,52051469.43198578,19603596.555326063
2026-07-22,52084186.29198578,19863904.486191586
2026-07-23,52308038.49198578,19965232.407132253
2026-07-24,52345060.20198578,19768811.257088702
2026-07-27,52269294.84198578,19683508.668953616
2026-07-28,51959345.64198578,19403175.639288515
2026-07-29,51891329.01198578,19487119.931476787
2026-07-30,51723439.86198578,19531785.27956633
2026-07-31,51661598.381231785,19550071.403095294
2026-08-03,50934259.32123178,19420262.268222477
2026-08-04,50565905.48123179,19420864.810700193
2026-08-05,49980004.73123179,19681108.840542283
2026-08-06,50124518.01123178,19886833.87389069
2026-08-07,50592536.29123178,20048295.691269495
2026-08-10,51399318.37123179,20293586.741498496
2026-08-11,51761095.931231774,20390193.137052115
2026-08-12,51890374.83123178,20494914.488075357
2026-08-13,51915412.02123178,20441765.47607719
2026-08-14,52035000.86123178,20376448.95782677
2026-08-17,52797060.01123178,20628964.671066213
2026-08-18,53669671.03123178,20701620.07394304
2026-08-19,53991704.69123179,20712477.26084189
2026-08-20,54171577.271231785,20948068.539682724
2026-08-21,54326034.00123178,21176449.010335937
2026-08-24,53960585.79123179,21310201.59599981
2026-08-25,53647577.311231785,21247527.770312548
2026-08-26,53169891.181231774,21143839.13078011
2026-08-27,53490939.90123178,21170356.18299676
2026-08-28,53822017.39123178,21151234.721224993
2026-08-31,54616928.334473126,21085527.307251446
2026-09-01,54820271.52747314,21092789.286458015
2026-09-02,54106555.37427312,21038059.270478357
2026-09-03,54782087.20487313,21256845.87691405
2026-09-04,55313482.93287313,21340196.641288254
2026-09-07,54895327.29447313,21235653.25118769
2026-09-08,55405849.41987312,21345743.638408758
2026-09-09,55806678.628873125,21450029.317162868
2026-09-10,56919311.132873125,21618605.165585782
2026-09-11,55566082.224873126,21364357.977483295
2026-09-14,55813560.86847313,21272336.734952413
2026-09-15,55763942.00407313,21208240.338249322
2026-09-16,55706679.18647313,21306226.49106322
2026-09-17,55467006.77127313,21383674.13797827
2026-09-18,56109016.85448122,21442814.785044968
