date,market_cap,pb_ratio,ps_ratio,pe_ratio,有息负债率(%),商誉占比(%),应收占比(%),近20日换手率(%),近20日日均成交额(万元)
2014-01-02,24.221166666666665,1.95852,1.4971733333333332,26.78149,28.500901137231388,0.3440617566407644,9.408160246145055,1.8326414161510676,4049.0551795
2014-02-07,24.751628433333334,2.157796666666667,1.6162999999999998,9.918119999999998,22.967174238655666,1.0703510058123304,9.83554194547288,1.8093065939078115,4127.478982222222
2014-03-03,22.207193333333336,2.0714166666666665,1.8774300000000002,35.70173666666667,22.43002908962796,1.3054359456866254,9.416140147865182,2.0912849690455486,4310.341124313726
2014-04-01,22.2477051,2.2031633333333334,1.7807466666666667,37.39588333333334,19.58719840908723,1.1736523922439752,8.984426925855734,1.7764993235672144,3631.894976
2014-05-05,22.486206666666664,2.05632,1.6444766666666666,16.663159999999998,22.664039184204288,0.05741156921591607,8.885545342708081,2.207687637513596,4072.7194305555554
2014-06-03,24.279261766666664,1.9236,1.6846566666666667,48.14906666666666,23.201023744870756,0.2561470990291629,7.850837350652171,2.260712830391564,4760.687824
2014-07-01,24.746013333333334,1.9718766666666667,1.66377,31.255783333333337,22.127820965485284,0.37737797114146077,7.899027162601914,1.6932489936041395,3877.5045623333335
2014-08-01,22.58316,1.9959999999999998,1.938146666666667,55.61344666666666,21.396154290894305,0.5211847653168709,7.3468564323280505,2.440447862147787,4902.621774
2014-09-01,22.815263333333334,2.0888066666666667,1.8426233333333333,2.929526666666666,23.10820277632339,0.8631411753615761,7.570369994404319,2.4905540088638825,5079.267099833333
2014-10-08,27.261536666666665,2.3018133333333335,1.6330766666666667,22.874183333333335,25.0070907817136,0.5679859088871534,7.660433539932265,3.0020345161102355,7661.21368
2014-11-03,26.126246666666667,1.6986133333333333,1.67218,30.420613333333332,23.634514649108947,0.07445414659824293,7.717007306471043,2.2655906376003716,5445.0589238596485
2014-12-01,26.917346666666667,1.9099499999999998,1.7003666666666668,26.938723333333332,22.408615443661198,0.4939967727803113,7.070707940359725,2.373707916257947,5867.012588166666
2015-01-05,24.690710000000003,2.3511,1.9294333333333333,19.448436666666666,22.274575992033526,0.47855862507171865,8.82983467879771,2.1956749390428625,5061.139903508772
2015-02-02,27.582620000000002,2.2170133333333335,2.0366333333333335,12.372946666666667,19.39290611277299,1.2347880591011915,8.759862012709386,2.1348052005773765,5449.318219833333
2015-03-02,30.722506666666668,2.24958,2.08414,18.775323333333336,20.67208693234337,1.4829051720653297,7.828322497082851,1.5826917598809198,4502.516612708334
2015-04-01,37.80712666666667,2.6101233333333336,2.4356766666666667,36.51505333333333,19.77189058143018,1.471814292027198,7.8310051862123995,3.441692168894639,12661.248081333333
2015-05-04,43.0573554,2.6379900000000003,2.40067,78.21395089999974,16.63560015678586,1.1196502756767621,9.97754011814019,4.29566810558658,17599.36431649123
2015-06-01,50.44553018181818,2.8019590909090906,4.509168181818182,54.58835909090909,19.007279558039077,0.23922483990203963,5.32794203881075,3.8304555281966146,21892.938026136366
2015-07-01,45.78412466666666,2.6262066666666666,1.87552,51.36385666666667,17.529308719901945,0.7124580512873041,8.264489226311502,5.756107565133672,26386.688612
2015-08-03,34.62969666666667,2.28859,1.7178233333333333,32.80551,18.364231460478603,0.7894574213402158,10.018342511411781,5.442533480026902,17676.456353
2015-09-01,29.677226666666666,2.12871,1.7316933333333333,32.32469333333333,20.699964774276783,0.31307235675363665,9.612756689959657,5.59607728496205,15600.366089
2015-10-08,30.73400333333333,2.2982133333333334,2.116693333333333,27.80432976666667,20.269622900452383,0.5020811567173025,9.841192780370246,3.1011279878956257,8707.364622962963
2015-11-02,35.38424666666666,2.3650433333333334,1.92353,64.48121643333333,21.788448268445176,1.212596751170811,9.49292600308002,4.025007184767246,13981.866917592592
2015-12-01,43.30942413333333,2.3266066666666663,2.142793333333333,73.79316976666668,21.18098524112844,0.4947260524030849,7.197218226948972,3.8156736391085837,15551.581417000001
2016-01-04,44.696616666666664,2.18016,2.20775,63.327486433333334,18.970180835960814,1.1548930842695713,9.188625273224032,3.167773880808128,12624.528237166667
2016-02-01,30.299976666666666,1.8823433333333335,2.0861233333333336,-34.1547038,18.49041660096124,1.4285824006768861,7.763919727035459,2.900067412730023,7974.677156818333
2016-03-01,30.868256666666664,2.08962,2.110393333333333,42.94015953333333,17.862880426938442,0.41447242528307915,8.347813937105025,2.2914912806468246,6137.083987896079
2016-04-01,39.18372,2.15439,2.61694,96.48922999999999,19.30630977534065,1.0972989527872052,9.229618847601781,2.523515346677959,8740.178078676667
2016-05-03,40.351463333333335,2.1719233333333334,2.2966233333333337,34.593563333333336,19.605419240407617,0.8968148669948885,9.066271049905824,2.719486850646059,10029.843810695
2016-06-01,38.61284666666667,2.0600733333333334,2.2168666666666668,66.25866333333333,20.883017578383928,0.9340504941588279,9.082961173732553,1.498825891434584,5360.676889698333
2016-07-01,40.04397666666667,1.9694833333333333,2.141003333333333,68.61367999999999,17.411169626095504,0.3793095809328111,8.846692716574616,1.902309441691927,6622.460172685
2016-08-01,38.99596,2.056296666666667,2.0568866666666668,61.02029666666667,17.230273071136143,0.44727673720380073,8.595490429278293,2.335521206072077,7912.483207283333
2016-09-01,42.70189333333334,2.0569266666666666,2.114726666666667,65.64170333333333,16.11681364409162,1.0186713757169767,9.037756047112087,1.919536996823414,7345.8081380916665
2016-10-10,42.771926666666666,2.1635166666666668,2.2806866666666665,46.69901666666667,16.291976377503186,0.898609229427027,9.746407821208257,1.6473312188119587,6256.6451349
2016-11-01,44.87239206666666,2.142256666666667,2.0999533333333336,-6.821126899999999,15.877585506580688,1.0281107928680566,10.076585023807649,2.0818450196846223,8606.934135392157
2016-12-01,45.9341972,2.2489033333333333,2.086193333333333,-4.81254,18.695051627031393,1.009295719361177,7.630574244668546,2.6141905435889936,10796.312293118333
2017-01-03,45.8357136,2.2141966666666666,1.9059,21.27598,19.61764215777092,1.230605158191867,9.204808168924574,1.6389701646821109,6888.907383796667
2017-02-03,42.36308999999999,2.1771133333333332,2.1443166666666666,34.94086333333333,16.9993600715458,0.9798617979706717,10.745009575173842,1.6527858136126659,6457.051667083333
2017-03-01,44.502230000000004,2.2580266666666664,2.2399033333333334,75.96932666666666,16.2457037985634,1.3395604178999234,11.262241224329339,1.9292780313721904,7947.667637342106
2017-04-05,44.0693736,2.21929,2.3305766666666665,59.28279333333333,14.136343332070913,1.6827228510562078,9.509601868286468,1.824937809982956,7269.921942739999
2017-05-02,37.89546666666667,2.0723933333333333,2.17701,95.29343089999975,16.107024758130542,1.6090813252002751,8.45272447709476,1.827232710848075,6067.14985268772
2017-06-01,31.135730000000002,2.08196,2.0999966666666667,125.14965756666642,15.038968709398752,3.30865321292378,10.090129229545608,1.4747145754070574,3667.1022836333336
2017-07-03,35.00958,2.25465,2.1675066666666667,129.78980089999973,14.942024048108765,1.4364395411119513,10.104028382352062,1.2867971482949652,3948.4304282666662
2017-08-01,30.683049999999998,2.3259166666666666,2.2947566666666663,122.36854756666641,12.579059531743889,3.361637056134149,13.071753786380338,1.483171898497644,4026.0935480083335
2017-09-01,34.4754,2.969943333333333,2.3069833333333336,56.01648756666642,14.773238535538098,1.8593408903593887,11.808296928051531,1.4999364335478649,4553.003737405
2017-10-09,34.47872666666667,2.8638366666666664,2.173653333333333,71.08977066666642,15.735967978139684,1.0920365734424653,10.859017867414344,1.543036867748666,4775.740399839584
2017-11-01,33.73173333333333,3.1403933333333334,2.391833333333333,51.227489999999996,14.218679854256504,2.593701756919612,12.191532025373018,1.4811931175693334,4457.77672745926
2017-12-01,32.67948,2.2803899999999997,2.265423333333333,57.451993333333334,18.946194251538838,1.9557830317352396,12.256265197177415,1.371248001151446,3829.007767883333
2018-01-02,34.97183666666667,2.0782133333333332,2.19047,29.391396666666665,15.053671018256331,3.833048702223786,12.329273054076461,0.9812298444478117,3100.4168953583335
2018-02-01,26.192276666666665,2.542203333333333,2.3179266666666667,10.645609766666666,17.018924649105728,3.661604324651646,14.811137169190074,1.5998062013914887,3856.3866187
2018-03-01,28.50809,2.5049766666666664,2.2685000000000004,31.831539766666666,18.02307809002236,3.6674633742760383,13.402275624924897,1.611141010554792,4151.105177864815
2018-04-02,27.268363333333333,2.08523,2.2637300000000002,56.39711333333333,17.035754073678763,2.1424163162072882,12.684228951275834,1.5210969614651593,3742.7264774650002
2018-05-02,24.67557,1.9968566666666667,2.2761366666666665,59.80639,13.24701299882601,2.553733005920176,12.259132877636286,1.7843689846450121,3973.5769016771933
2018-06-01,26.161636666666666,2.10284,2.234506666666667,85.33903089999974,14.105923807227823,2.531102170927618,12.463115410996163,2.101379177250092,4786.999446726667
2018-07-02,24.631903333333334,1.7549933333333334,3.0046133333333334,81.85472,15.881854585129458,2.8911484858531438,11.560512650804096,1.393717401816719,3088.668920506667
2018-08-01,24.081086666666668,1.9136466666666665,2.2817133333333337,58.36214666666667,16.198225989611736,2.5756329305248684,14.017828795574433,1.9091173738246598,4372.308217983333
2018-09-03,23.484513333333332,1.8496766666666666,1.9197566666666668,81.37059423333308,15.069199657034579,1.4769649008311991,12.846529988002585,2.1155053193855022,4788.492402543333
2018-10-08,24.03044,1.8248399999999998,1.6728566666666669,77.04057089999975,16.88679066659246,2.6969770470630796,13.445143881384086,2.6139130231349528,5710.845217453333
2018-11-01,22.639223333333334,1.6571366666666667,1.7816733333333334,30.106606666666668,15.825040381296297,2.5129987317646876,11.76177296397372,1.911535089244144,4151.977477252632
2018-12-03,21.85675666666667,1.6702466666666667,2.6451833333333337,38.24456333333333,13.670939258343573,1.930502761478376,10.59582015280205,2.1861808551182103,4377.82768559
2019-01-02,22.721943333333336,1.7947333333333333,2.3135066666666666,14.124926666666665,16.079780698949513,3.872447248799549,13.106446992482073,2.4942059473337506,4866.828690101667
2019-02-01,21.745393333333332,1.64009,2.9590233333333336,21.156493333333334,13.491223463163795,2.6209109496087346,13.104706887140333,2.2474264522344343,4240.49688471
2019-03-01,22.24455,2.04927,2.2028066666666666,66.33485,13.117915760912657,2.7242584707120177,11.944894055870291,1.9729624396154066,3807.982749035185
2019-04-01,23.69141,2.05865,2.4715633333333336,69.54419,13.700267816146859,3.5471914204157344,12.319717203919943,2.8178095518591197,5981.641830493333
2019-05-06,21.487793333333332,1.79535,2.6672833333333332,-51.28632070000001,12.036643678496025,1.7959661846407087,12.965222756405849,3.114289225691406,5947.124736774074
2019-06-03,22.104566666666663,1.9789366666666666,2.12638,11.73940643333333,12.288869054928023,2.039473102878174,13.368948276344423,1.9814108702711908,3968.6959412633337
2019-07-01,22.988136666666666,2.05882,2.48914,13.724826433333334,13.52407668488807,1.9277390516573734,13.930852581075465,1.9411613447228453,4070.794077756667
2019-08-01,23.998659999999997,1.7722566666666666,1.9368066666666666,-39.61037046666667,17.054457414416056,4.353591237445448,14.83223316739335,2.2542825489281677,4939.972397458333
2019-09-02,23.516403333333336,1.8998266666666666,1.9645733333333335,-21.42407356666667,14.112215676150987,3.9360651523143324,14.769118093707167,1.7243967068462698,3650.591285995
2019-10-08,22.377441766666667,1.9564233333333334,2.18215,-25.990076900000002,13.961721986857295,4.077381643269843,14.234241629415646,2.070551383443337,4212.357696914583
2019-11-01,22.944836666666667,1.8862533333333333,2.0145,52.60777889999925,14.28333100449682,3.316164169257249,12.56005429824778,1.762238659697093,3582.7600755333333
2019-12-02,23.484028433333332,1.7415066666666665,1.7899133333333335,-38.26113713333334,16.296507312692718,3.420398229048534,13.901523040295737,2.061915509031077,4359.838381716667
2020-01-02,22.332453333333333,1.7244533333333334,1.7591,-31.31534070000001,15.348183074490281,3.595633476830714,14.527418832877855,1.6441478251570174,3385.74442519
2020-02-03,21.818181766666665,1.6565566666666667,1.5614266666666665,38.10269799999949,12.839791735773835,2.248176975083431,13.718265142668447,2.2566339413837633,4635.0337778444455
2020-03-02,22.160463333333333,1.6240999999999999,2.7623200000000003,105.1710517999995,12.000511266649585,2.223930240690195,12.431632447522123,2.641113793866744,5371.381278745
2020-04-01,21.8541351,1.5454599999999998,1.9897833333333332,96.24282423333308,10.36728725954796,2.7153419143873827,11.245983171706461,2.6971694438358127,5063.04684706
2020-05-06,22.21519,1.7344533333333334,1.8173433333333333,48.44304666666667,11.61755093856786,2.3892933047874787,8.995442462608024,2.2413263306571833,4536.896475714035
2020-06-01,23.42751333333333,2.0574666666666666,2.347383333333333,22.825086433333333,13.257368237580378,2.0510501868981232,11.587234472753345,2.36173698443804,5234.218180054387
2020-07-01,22.49442333333333,1.7667966666666668,1.8712300000000002,3.3406230999999957,14.634817884240773,1.6314197757142823,12.298989804265815,2.2198512620721718,4738.942756841667
2020-08-03,22.0202502,1.7638266666666667,1.85857,41.11398,16.04992950538881,1.6776660545321407,10.8900994318544,2.8045698321125005,5471.5370242750005
2020-09-01,22.2734651,1.8819566666666667,2.369326666666667,63.531063333333336,13.67699177618217,2.6192475338800283,11.33613771543846,2.9348531029977107,6271.182031485
2020-10-09,22.97389666666667,1.9106333333333334,1.9771933333333331,65.80315,14.853770855143171,2.0776903471655563,11.404656182122146,2.803287811866384,6104.372538639215
2020-11-02,24.50793666666667,2.03324,2.643256666666667,65.54308666666667,12.993741223543491,2.6804616424176735,14.433879520276212,2.5384549988811824,5418.424283539216
2020-12-01,22.724761766666667,1.9013933333333335,2.3397366666666666,37.52234643333333,13.957856737531618,3.333864227662829,12.172336131673358,2.295004773783781,4370.769386204999
2021-01-04,22.824346666666667,1.7617,2.138746666666667,-0.2601404666666707,17.25299956684159,3.5296709115606553,12.820838717116063,2.1036787714289935,4422.1199512016665
2021-02-01,22.2661,1.81891,1.81428,52.31255399999975,16.64953994656873,2.656627721030103,12.30744121519515,2.5271997762826213,5157.054195506667
2021-03-01,22.018688433333335,2.0125933333333332,2.2036066666666665,52.17387976666667,14.246899470434418,3.0285471207804147,12.02844103592979,1.8821218073384343,3821.2072319875
2021-04-01,22.29447,1.9002266666666665,1.9232699999999998,51.45648643333333,15.919277623901758,3.255564492920481,12.500961288235581,2.238365624876059,4602.525058556666
2021-05-06,21.721981766666666,1.7005133333333333,1.9366966666666665,53.79626,15.316797696205189,2.876420347859184,8.999677193367537,2.2043715092891394,4384.95218978
2021-06-01,22.27308,1.7322300000000002,1.82029,45.424366666666664,17.013869878177577,1.8925294107008155,9.407836480291246,2.173270316789465,4319.510562896491
2021-07-01,22.231746866666665,1.9487133333333333,2.0501233333333335,41.570534233333085,15.212271376891445,1.4062884391143509,11.52507075799491,2.8045206129993354,5325.207541428334
2021-08-02,22.642816666666665,1.7852533333333334,2.13085,50.76970756666642,14.3683145296256,2.325087946076215,12.828406761623395,2.5534491553784644,4907.011789885
2021-09-01,22.760736666666666,1.9996533333333333,2.15848,41.19629,12.818366942233837,2.8739028642042466,15.498253215284532,2.755243743137764,5346.03771916
2021-10-08,21.707893533333333,1.9459633333333335,2.3294633333333334,66.43923089999974,11.865025062203484,2.191028626980712,13.748671376112462,1.6863590290809565,3293.300842479167
2021-11-01,23.763156666666664,2.7657499999999997,2.605296666666667,4.921103099999997,13.305865845947194,3.3073562326810264,11.16329878418261,2.0628792457883556,4127.135694852941
2021-12-01,24.695553333333336,1.81664,2.01002,-8.612610233333333,15.290894108372074,3.008390579609059,10.989381175840679,1.884724344605916,3819.070896976666
2022-01-04,23.589343333333332,1.9469266666666667,2.6582533333333336,14.005613099999998,14.579867590854409,1.8802206153816219,11.331615164212888,2.692806392762017,5795.152754266667
2022-02-07,22.228191766666665,1.8287733333333334,2.2345433333333333,11.70719643333333,13.785735165303096,1.8021417721495248,9.23670919838947,2.5825435397227787,5502.5376541666665
2022-03-01,22.249236666666665,1.8493666666666668,1.8074833333333333,32.18029333333333,16.246667536446036,1.5980059791743544,12.00500997008028,2.6271474490496707,5431.8208229411775
2022-04-01,22.253390000000003,1.7927899999999999,1.85952,44.30882666666666,15.859907297334152,1.336831682490178,13.225252450000811,3.1855830086604207,6504.0247561666665
2022-05-05,20.95964843333333,1.7849933333333332,1.7982533333333335,28.904573333333335,14.144069961580382,2.034417843127562,12.895326504505654,3.1454678564778336,5556.594408947368
2022-06-01,21.926386666666666,2.1268066666666665,1.4549166666666666,36.942413333333334,13.60993462711543,2.11665519156442,13.346113918779874,2.139544948280789,4230.8182905
2022-07-01,21.47704666666667,2.0279333333333334,1.81836,3.7299666666666673,12.018223673374713,2.193027308282145,13.15153077912374,2.717785763579557,5197.366448666667
2022-08-01,21.733088433333332,2.416123333333333,2.07823,17.79918756666642,13.405415069287821,3.650175751774777,11.306851883331639,2.4627663591709426,4907.635618
2022-09-01,22.10915686666667,2.20353,2.17895,43.28501000000001,13.288040197359358,1.93426748253616,10.854597748567562,2.3728445992397393,4787.563714166667
2022-10-10,21.4976751,1.9773533333333333,2.10048,17.250163333333333,16.77421157817507,3.726997320414673,12.509746016615487,2.4487272336133636,4757.8876791111115
2022-11-01,21.37686666666667,1.8767566666666666,2.4673933333333333,23.540826666666668,15.556610552346656,3.388033822956652,9.747130829752077,2.001997035940842,3751.6248615686277
2022-12-01,22.26424666666667,1.99307,1.9796433333333332,44.37501999999999,17.13866865392138,2.3689692456464333,13.28282318751655,2.3161438307515843,4493.7611295
2023-01-03,22.238441766666664,1.9431699999999998,1.9333733333333332,32.30410333333333,14.129886549326017,2.3514284361614775,10.922779037117266,2.354859828585894,4808.942165833333
2023-02-01,22.600596666666668,1.9448333333333332,2.1090066666666667,-0.814533333333334,15.13260038081293,2.5396085948789295,11.037856164569797,2.4020345983850717,4891.938843333333
2023-03-01,22.681036666666667,1.9627466666666666,2.162986666666667,-0.7302533333333335,15.031123953316934,3.117322114592776,10.347714800537574,2.3504381646593515,4739.717645833333
2023-04-03,22.12591666666667,2.0456866666666667,1.8116633333333332,62.040890000000005,17.099653040359435,2.4001634125453335,10.540906979292275,2.0313120770053334,3988.1912043333336
2023-05-04,21.801730000000003,2.16793,2.0691800000000002,23.252833999999748,15.05809499412939,2.1461084827341765,13.75391894615446,2.2410099018706338,4222.185906491228
2023-06-01,22.2641502,2.039266666666667,2.2391966666666665,59.01292756666642,17.171750051714167,2.0984232997638625,12.66190868917221,2.0612795173005947,4221.117860833333
2023-07-03,22.365209999999998,1.9601233333333332,2.159096666666666,22.132373333333337,19.20962193420872,2.12845933325834,12.910009303650959,2.0910762977120547,4432.3596459649125
2023-08-01,22.48413,2.0450066666666666,2.2629099999999998,27.83797089999975,17.73433196564788,2.1819224398469212,12.24074764348501,2.133911409095398,4259.648855333334
2023-09-01,22.145809999999997,2.0173566666666667,2.1131599999999997,34.60077423333309,16.665263204831284,2.8758755801042364,12.519239188881528,2.1652874601379852,4350.858529666667
2023-10-09,21.97664,1.9593500000000001,2.263593333333333,34.114247566666414,15.27244264080175,3.2841599628232023,11.270950462572564,2.2556896712540415,4548.641237111111
2023-11-01,22.420153333333335,1.87856,2.2013000000000003,69.25017513333283,15.60330449930136,2.406394194039527,11.126175117666586,2.3978380355472035,4748.833910555555
2023-12-01,23.22293,1.85321,2.04338,59.22080846666617,16.238411664159848,2.803112398414452,10.087115622649323,2.1724195552408707,4599.553790499999
2024-01-02,23.524630000000002,1.8583500000000002,1.9578733333333334,39.30057756666642,16.10166695965383,3.0221144919616956,12.519688440660142,2.5013686243126476,5537.401510388333
2024-02-01,20.721248433333336,1.6160333333333334,1.63365,4.81731333333333,16.642060139780774,1.4524583763463135,14.172539993367943,2.676277748488738,5069.613597413333
2024-03-01,20.881828433333332,1.6931800000000001,2.032783333333333,27.045053333333335,14.667215539702594,2.614458713789893,13.999124824539932,3.238990832184255,5913.856657519607
2024-04-01,20.9395502,1.5708166666666665,1.9137466666666667,33.47087333333333,13.479949959738407,2.359394313969151,11.607384889299775,2.4519439091062742,4602.339279201667
2024-05-06,20.981991766666667,1.7327866666666667,2.7453866666666666,19.885647566666417,13.382461261578527,3.260831982837686,11.949975248562337,2.8927087473781286,5597.774381638888
2024-06-03,21.006341766666665,1.6034700000000002,2.7696,6.498963333333334,14.855686810539304,2.5173500099519734,12.033282620482908,2.0928663119631103,4066.456864653333
2024-07-01,20.7604051,1.67879,2.1431466666666665,30.22523823333283,14.672167023061979,3.1221980343246805,12.788074891712949,2.5679335415465405,4729.680345091667
2024-08-01,20.901336666666666,1.5652166666666667,2.6553400000000003,-5.129923333333331,14.496165051514085,2.6333550674951374,12.351850598000304,2.45326752891827,4688.951971195
2024-09-02,20.95673843333333,1.4775733333333332,2.36515,-29.861183333333333,18.905226437716543,3.1407610181327863,12.219758080203587,2.3429534369245735,4527.886002831667
2024-10-08,21.207001966666667,1.7966933333333335,1.6957366666666664,23.19979,15.689129497840801,2.2347987733429813,14.706303271755363,2.31676952161152,4562.229027475555
2024-11-01,21.300335099999998,1.6928533333333333,1.954683333333333,3.9075366666666684,13.043388123088873,1.0983150034969427,12.178494766744391,3.474359180786429,6805.970676707017
2024-12-02,21.466783333333336,1.8585066666666668,2.0690766666666667,61.48754756666642,15.774543206766253,1.8204068050668964,10.965581739397205,3.4365152277889073,6577.630953135
2025-01-02,21.080205499999998,1.6504333333333332,1.9919833333333334,24.172256666666666,12.003142396545973,2.4331949316737487,11.756677685973902,3.7592313705897027,7144.69470526
2025-02-05,20.974306666666667,1.82971,1.9067100000000001,34.467769999999994,14.194815937622213,1.7181895400824143,12.717531119886024,2.725290886772823,5070.672260856863
2025-03-03,21.016126666666665,1.8568366666666667,2.125226666666667,19.09134,14.43784433315176,1.1540268605477269,12.053932282795268,2.6427205393421804,5058.310365484211
2025-04-01,20.96520843333333,1.832,2.4470733333333334,18.294803333333334,13.00239616452794,2.753099506540334,11.936315275745,3.210933248376034,6101.854481583333
2025-05-06,21.152866666666668,1.9266333333333334,2.2020833333333334,38.47576666666667,13.433242606789635,3.6053824632824982,10.70114057260086,3.0548506901833288,6143.372585624561
2025-06-03,22.006563333333336,1.95233,2.11572,22.801146666666668,19.080934366964698,3.152273725757755,10.345327588424972,2.9922524947495166,6092.600344935
2025-07-01,22.92006,1.9550933333333333,2.35208,9.691593333333334,16.097045998048397,2.22873444699535,9.248899061299358,2.8530574483990607,5892.521327730001
2025-08-01,24.43996,2.032703333333333,2.1145033333333334,22.811226666666666,18.893145083676174,1.646583402150037,10.801468726922929,3.4248522515031943,7306.2303267766665
2025-09-01,25.498749999999998,1.9087933333333333,3.07581,43.538317566666414,17.374965331048884,2.141324145158359,10.827099001818356,3.508421778841097,8072.784629081666
2025-10-09,24.900340000000003,1.9856666666666667,3.1245566666666664,97.10473936666591,15.419849009444393,2.68646470141185,10.67129863170173,3.3444800941381208,7961.136218794117
2025-11-03,26.281769999999998,2.120156666666667,2.4646233333333334,59.691644233333086,13.961485865281464,2.426349991193252,13.714292565678612,3.0097196297321127,7353.848821412964
2025-12-01,26.511846666666667,1.9550966666666667,2.411036666666667,39.48428333333333,13.426724618398959,1.7477470678497817,13.112852107954946,2.878779496446779,6882.389674485001
2026-01-05,25.66359,1.9011933333333333,1.98441,33.68598,14.64913027170237,2.133295714035056,13.627262921622922,2.8202145010887985,6612.085341021053
2026-02-02,26.579423333333335,1.80883,1.7780833333333335,37.888556666666666,14.603992983640142,2.2441929947315145,13.614147303027217,3.174611010888897,7721.172591168333
2026-03-02,27.404013333333335,1.7926066666666667,2.8192633333333332,34.48267,16.47132470291608,1.9572384291863252,10.9257680499741,2.7582953715585448,6975.322145986666
2026-04-01,25.97201,1.6334533333333332,2.754253333333333,72.41461756666642,12.569970574502113,1.2757504570536335,10.40814343947702,2.521732132444681,5978.590121106667
2026-05-06,26.775103333333334,1.8212133333333334,3.0221666666666667,41.48283066666641,14.086704153148911,2.442733688912269,10.02863335450458,2.392321430310938,5749.981537563158
2026-06-01,24.828933333333335,1.6741466666666667,3.011013333333333,12.88427643333333,10.494834018384068,0.9236326007008406,8.43448630303224,2.8845536911768517,6392.943631092982
2026-07-01,21.235646866666666,1.5969799999999998,2.3991466666666668,24.502163333333332,9.733666031416313,1.510019450342506,10.592067497053254,2.2336843854401356,4358.873255228334
2026-08-03,20.86253333333333,1.63633,1.869,50.754144233333086,15.283078673813216,1.5174782639158195,12.103692071143096,2.321840084213044,4226.768037363333
2026-09-01,23.47639,1.7901166666666666,1.9310066666666665,51.89883423333308,15.722226080902153,2.4320069345670166,13.353136507088587,2.0266180339878885,4303.805712278333
