date,成分数,换手率,CR5,CR10,HHI
2014-01-02,30,,0.16666666666666669,0.33333333333333337,0.03333333333333335
2014-02-07,30,0.7755102040816326,0.16666666666666669,0.33333333333333337,0.03333333333333335
2014-03-03,30,0.6956521739130435,0.16666666666666669,0.33333333333333337,0.03333333333333335
2014-04-01,30,0.42105263157894735,0.16666666666666669,0.33333333333333337,0.03333333333333335
2014-05-05,30,0.75,0.16666666666666669,0.33333333333333337,0.03333333333333335
2014-06-03,30,0.75,0.16666666666666669,0.33333333333333337,0.03333333333333335
2014-07-01,30,0.6956521739130435,0.16666666666666669,0.33333333333333337,0.03333333333333335
2014-08-01,30,0.75,0.16666666666666669,0.33333333333333337,0.03333333333333335
2014-09-01,30,0.6046511627906976,0.16666666666666669,0.33333333333333337,0.03333333333333335
2014-10-08,30,0.5714285714285714,0.16666666666666669,0.33333333333333337,0.03333333333333335
2014-11-03,30,0.3783783783783784,0.16666666666666669,0.33333333333333337,0.03333333333333335
2014-12-01,30,0.18181818181818182,0.16666666666666669,0.33333333333333337,0.03333333333333335
2015-01-05,30,0.42105263157894735,0.16666666666666669,0.33333333333333337,0.03333333333333335
2015-02-02,30,0.5714285714285714,0.16666666666666669,0.33333333333333337,0.03333333333333335
2015-03-02,30,0.3333333333333333,0.16666666666666669,0.33333333333333337,0.03333333333333335
2015-04-01,30,0.46153846153846156,0.16666666666666669,0.33333333333333337,0.03333333333333335
2015-05-04,30,0.5,0.16666666666666669,0.33333333333333337,0.03333333333333335
2015-06-01,22,0.7619047619047619,0.22727272727272724,0.45454545454545453,0.04545454545454545
2015-07-01,30,0.631578947368421,0.16666666666666669,0.33333333333333337,0.03333333333333335
2015-08-03,30,0.6666666666666666,0.16666666666666669,0.33333333333333337,0.03333333333333335
2015-09-01,30,0.5714285714285714,0.16666666666666669,0.33333333333333337,0.03333333333333335
2015-10-08,30,0.5365853658536586,0.16666666666666669,0.33333333333333337,0.03333333333333335
2015-11-02,30,0.46153846153846156,0.16666666666666669,0.33333333333333337,0.03333333333333335
2015-12-01,30,0.6363636363636364,0.16666666666666669,0.33333333333333337,0.03333333333333335
2016-01-04,30,0.6363636363636364,0.16666666666666669,0.33333333333333337,0.03333333333333335
2016-02-01,30,0.75,0.16666666666666669,0.33333333333333337,0.03333333333333335
2016-03-01,30,0.42105263157894735,0.16666666666666669,0.33333333333333337,0.03333333333333335
2016-04-01,30,0.723404255319149,0.16666666666666669,0.33333333333333337,0.03333333333333335
2016-05-03,30,0.5714285714285714,0.16666666666666669,0.33333333333333337,0.03333333333333335
2016-06-01,30,0.6363636363636364,0.16666666666666669,0.33333333333333337,0.03333333333333335
2016-07-01,30,0.5365853658536586,0.16666666666666669,0.33333333333333337,0.03333333333333335
2016-08-01,30,0.42105263157894735,0.16666666666666669,0.33333333333333337,0.03333333333333335
2016-09-01,30,0.42105263157894735,0.16666666666666669,0.33333333333333337,0.03333333333333335
2016-10-10,30,0.3783783783783784,0.16666666666666669,0.33333333333333337,0.03333333333333335
2016-11-01,30,0.18181818181818182,0.16666666666666669,0.33333333333333337,0.03333333333333335
2016-12-01,30,0.3783783783783784,0.16666666666666669,0.33333333333333337,0.03333333333333335
2017-01-03,30,0.2857142857142857,0.16666666666666669,0.33333333333333337,0.03333333333333335
2017-02-03,30,0.3783783783783784,0.16666666666666669,0.33333333333333337,0.03333333333333335
2017-03-01,30,0.23529411764705882,0.16666666666666669,0.33333333333333337,0.03333333333333335
2017-04-05,30,0.2857142857142857,0.16666666666666669,0.33333333333333337,0.03333333333333335
2017-05-02,30,0.5,0.16666666666666669,0.33333333333333337,0.03333333333333335
2017-06-01,30,0.6363636363636364,0.16666666666666669,0.33333333333333337,0.03333333333333335
2017-07-03,30,0.3783783783783784,0.16666666666666669,0.33333333333333337,0.03333333333333335
2017-08-01,30,0.6363636363636364,0.16666666666666669,0.33333333333333337,0.03333333333333335
2017-09-01,30,0.42105263157894735,0.16666666666666669,0.33333333333333337,0.03333333333333335
2017-10-09,30,0.3783783783783784,0.16666666666666669,0.33333333333333337,0.03333333333333335
2017-11-01,30,0.5365853658536586,0.16666666666666669,0.33333333333333337,0.03333333333333335
2017-12-01,30,0.723404255319149,0.16666666666666669,0.33333333333333337,0.03333333333333335
2018-01-02,30,0.7755102040816326,0.16666666666666669,0.33333333333333337,0.03333333333333335
2018-02-01,30,0.6956521739130435,0.16666666666666669,0.33333333333333337,0.03333333333333335
2018-03-01,30,0.46153846153846156,0.16666666666666669,0.33333333333333337,0.03333333333333335
2018-04-02,30,0.5365853658536586,0.16666666666666669,0.33333333333333337,0.03333333333333335
2018-05-02,30,0.5,0.16666666666666669,0.33333333333333337,0.03333333333333335
2018-06-01,30,0.75,0.16666666666666669,0.33333333333333337,0.03333333333333335
2018-07-02,30,0.75,0.16666666666666669,0.33333333333333337,0.03333333333333335
2018-08-01,30,0.6046511627906976,0.16666666666666669,0.33333333333333337,0.03333333333333335
2018-09-03,30,0.6666666666666666,0.16666666666666669,0.33333333333333337,0.03333333333333335
2018-10-08,30,0.6666666666666666,0.16666666666666669,0.33333333333333337,0.03333333333333335
2018-11-01,30,0.6363636363636364,0.16666666666666669,0.33333333333333337,0.03333333333333335
2018-12-03,30,0.8,0.16666666666666669,0.33333333333333337,0.03333333333333335
2019-01-02,30,0.8235294117647058,0.16666666666666669,0.33333333333333337,0.03333333333333335
2019-02-01,30,0.6956521739130435,0.16666666666666669,0.33333333333333337,0.03333333333333335
2019-03-01,30,0.8679245283018868,0.16666666666666669,0.33333333333333337,0.03333333333333335
2019-04-01,30,0.6956521739130435,0.16666666666666669,0.33333333333333337,0.03333333333333335
2019-05-06,30,0.8461538461538461,0.16666666666666669,0.33333333333333337,0.03333333333333335
2019-06-03,30,0.75,0.16666666666666669,0.33333333333333337,0.03333333333333335
2019-07-01,30,0.5,0.16666666666666669,0.33333333333333337,0.03333333333333335
2019-08-01,30,0.8888888888888888,0.16666666666666669,0.33333333333333337,0.03333333333333335
2019-09-02,30,0.5365853658536586,0.16666666666666669,0.33333333333333337,0.03333333333333335
2019-10-08,30,0.5365853658536586,0.16666666666666669,0.33333333333333337,0.03333333333333335
2019-11-01,30,0.6666666666666666,0.16666666666666669,0.33333333333333337,0.03333333333333335
2019-12-02,30,0.8235294117647058,0.16666666666666669,0.33333333333333337,0.03333333333333335
2020-01-02,30,0.723404255319149,0.16666666666666669,0.33333333333333337,0.03333333333333335
2020-02-03,30,0.8461538461538461,0.16666666666666669,0.33333333333333337,0.03333333333333335
2020-03-02,30,0.6956521739130435,0.16666666666666669,0.33333333333333337,0.03333333333333335
2020-04-01,30,0.6666666666666666,0.16666666666666669,0.33333333333333337,0.03333333333333335
2020-05-06,30,0.75,0.16666666666666669,0.33333333333333337,0.03333333333333335
2020-06-01,30,0.7755102040816326,0.16666666666666669,0.33333333333333337,0.03333333333333335
2020-07-01,30,0.6046511627906976,0.16666666666666669,0.33333333333333337,0.03333333333333335
2020-08-03,30,0.8,0.16666666666666669,0.33333333333333337,0.03333333333333335
2020-09-01,30,0.5,0.16666666666666669,0.33333333333333337,0.03333333333333335
2020-10-09,30,0.6666666666666666,0.16666666666666669,0.33333333333333337,0.03333333333333335
2020-11-02,30,0.8235294117647058,0.16666666666666669,0.33333333333333337,0.03333333333333335
2020-12-01,30,0.723404255319149,0.16666666666666669,0.33333333333333337,0.03333333333333335
2021-01-04,30,0.6956521739130435,0.16666666666666669,0.33333333333333337,0.03333333333333335
2021-02-01,30,0.8461538461538461,0.16666666666666669,0.33333333333333337,0.03333333333333335
2021-03-01,30,0.6956521739130435,0.16666666666666669,0.33333333333333337,0.03333333333333335
2021-04-01,30,0.6363636363636364,0.16666666666666669,0.33333333333333337,0.03333333333333335
2021-05-06,30,0.6956521739130435,0.16666666666666669,0.33333333333333337,0.03333333333333335
2021-06-01,30,0.5714285714285714,0.16666666666666669,0.33333333333333337,0.03333333333333335
2021-07-01,30,0.6046511627906976,0.16666666666666669,0.33333333333333337,0.03333333333333335
2021-08-02,30,0.6666666666666666,0.16666666666666669,0.33333333333333337,0.03333333333333335
2021-09-01,30,0.46153846153846156,0.16666666666666669,0.33333333333333337,0.03333333333333335
2021-10-08,30,0.6046511627906976,0.16666666666666669,0.33333333333333337,0.03333333333333335
2021-11-01,30,0.9473684210526315,0.16666666666666669,0.33333333333333337,0.03333333333333335
2021-12-01,30,0.8,0.16666666666666669,0.33333333333333337,0.03333333333333335
2022-01-04,30,0.7755102040816326,0.16666666666666669,0.33333333333333337,0.03333333333333335
2022-02-07,30,0.6046511627906976,0.16666666666666669,0.33333333333333337,0.03333333333333335
2022-03-01,30,0.5365853658536586,0.16666666666666669,0.33333333333333337,0.03333333333333335
2022-04-01,30,0.5365853658536586,0.16666666666666669,0.33333333333333337,0.03333333333333335
2022-05-05,30,0.8461538461538461,0.16666666666666669,0.33333333333333337,0.03333333333333335
2022-06-01,30,0.6956521739130435,0.16666666666666669,0.33333333333333337,0.03333333333333335
2022-07-01,30,0.6666666666666666,0.16666666666666669,0.33333333333333337,0.03333333333333335
2022-08-01,30,0.6046511627906976,0.16666666666666669,0.33333333333333337,0.03333333333333335
2022-09-01,30,0.6363636363636364,0.16666666666666669,0.33333333333333337,0.03333333333333335
2022-10-10,30,0.8235294117647058,0.16666666666666669,0.33333333333333337,0.03333333333333335
2022-11-01,30,0.723404255319149,0.16666666666666669,0.33333333333333337,0.03333333333333335
2022-12-01,30,0.723404255319149,0.16666666666666669,0.33333333333333337,0.03333333333333335
2023-01-03,30,0.75,0.16666666666666669,0.33333333333333337,0.03333333333333335
2023-02-01,30,0.5714285714285714,0.16666666666666669,0.33333333333333337,0.03333333333333335
2023-03-01,30,0.46153846153846156,0.16666666666666669,0.33333333333333337,0.03333333333333335
2023-04-03,30,0.6363636363636364,0.16666666666666669,0.33333333333333337,0.03333333333333335
2023-05-04,30,0.6666666666666666,0.16666666666666669,0.33333333333333337,0.03333333333333335
2023-06-01,30,0.5714285714285714,0.16666666666666669,0.33333333333333337,0.03333333333333335
2023-07-03,30,0.5365853658536586,0.16666666666666669,0.33333333333333337,0.03333333333333335
2023-08-01,30,0.6956521739130435,0.16666666666666669,0.33333333333333337,0.03333333333333335
2023-09-01,30,0.46153846153846156,0.16666666666666669,0.33333333333333337,0.03333333333333335
2023-10-09,30,0.5,0.16666666666666669,0.33333333333333337,0.03333333333333335
2023-11-01,30,0.5714285714285714,0.16666666666666669,0.33333333333333337,0.03333333333333335
2023-12-01,30,0.46153846153846156,0.16666666666666669,0.33333333333333337,0.03333333333333335
2024-01-02,30,0.6046511627906976,0.16666666666666669,0.33333333333333337,0.03333333333333335
2024-02-01,30,0.9830508474576272,0.16666666666666669,0.33333333333333337,0.03333333333333335
2024-03-01,30,0.8235294117647058,0.16666666666666669,0.33333333333333337,0.03333333333333335
2024-04-01,30,0.8461538461538461,0.16666666666666669,0.33333333333333337,0.03333333333333335
2024-05-06,30,0.723404255319149,0.16666666666666669,0.33333333333333337,0.03333333333333335
2024-06-03,30,0.8888888888888888,0.16666666666666669,0.33333333333333337,0.03333333333333335
2024-07-01,30,0.9655172413793104,0.16666666666666669,0.33333333333333337,0.03333333333333335
2024-08-01,30,0.8,0.16666666666666669,0.33333333333333337,0.03333333333333335
2024-09-02,30,0.75,0.16666666666666669,0.33333333333333337,0.03333333333333335
2024-10-08,30,1.0,0.16666666666666669,0.33333333333333337,0.03333333333333335
2024-11-01,30,0.8235294117647058,0.16666666666666669,0.33333333333333337,0.03333333333333335
2024-12-02,30,0.8235294117647058,0.16666666666666669,0.33333333333333337,0.03333333333333335
2025-01-02,30,0.8,0.16666666666666669,0.33333333333333337,0.03333333333333335
2025-02-05,30,0.6956521739130435,0.16666666666666669,0.33333333333333337,0.03333333333333335
2025-03-03,30,0.6046511627906976,0.16666666666666669,0.33333333333333337,0.03333333333333335
2025-04-01,30,0.6046511627906976,0.16666666666666669,0.33333333333333337,0.03333333333333335
2025-05-06,30,0.5714285714285714,0.16666666666666669,0.33333333333333337,0.03333333333333335
2025-06-03,30,0.5,0.16666666666666669,0.33333333333333337,0.03333333333333335
2025-07-01,30,0.2857142857142857,0.16666666666666669,0.33333333333333337,0.03333333333333335
2025-08-01,30,0.5714285714285714,0.16666666666666669,0.33333333333333337,0.03333333333333335
2025-09-01,30,0.6956521739130435,0.16666666666666669,0.33333333333333337,0.03333333333333335
2025-10-09,30,0.6666666666666666,0.16666666666666669,0.33333333333333337,0.03333333333333335
2025-11-03,30,0.6363636363636364,0.16666666666666669,0.33333333333333337,0.03333333333333335
2025-12-01,30,0.5714285714285714,0.16666666666666669,0.33333333333333337,0.03333333333333335
2026-01-05,30,0.5714285714285714,0.16666666666666669,0.33333333333333337,0.03333333333333335
2026-02-02,30,0.3783783783783784,0.16666666666666669,0.33333333333333337,0.03333333333333335
2026-03-02,30,0.46153846153846156,0.16666666666666669,0.33333333333333337,0.03333333333333335
2026-04-01,30,0.6046511627906976,0.16666666666666669,0.33333333333333337,0.03333333333333335
2026-05-06,30,0.6363636363636364,0.16666666666666669,0.33333333333333337,0.03333333333333335
2026-06-01,30,0.6363636363636364,0.16666666666666669,0.33333333333333337,0.03333333333333335
2026-07-01,30,0.6046511627906976,0.16666666666666669,0.33333333333333337,0.03333333333333335
2026-08-03,30,0.723404255319149,0.16666666666666669,0.33333333333333337,0.03333333333333335
2026-09-01,30,0.6956521739130435,0.16666666666666669,0.33333333333333337,0.03333333333333335
