date,点位,累计净值,回撤
2014-01-02,1000.0,,
2014-01-03,990.43,,
2014-01-06,967.93,,
2014-01-07,966.06,,
2014-01-08,963.64,,
2014-01-09,941.31,,
2014-01-10,930.01,,
2014-01-13,927.82,,
2014-01-14,945.89,,
2014-01-15,947.01,,
2014-01-16,951.8,,
2014-01-17,939.0,,
2014-01-20,939.37,,
2014-01-21,950.54,,
2014-01-22,967.07,,
2014-01-23,967.44,,
2014-01-24,975.15,,
2014-01-27,969.96,,
2014-01-28,968.15,,
2014-01-29,975.1,,
2014-01-30,968.96,,
2014-02-07,980.72,,
2014-02-10,1010.68,,
2014-02-11,1013.76,,
2014-02-12,1025.86,,
2014-02-13,1011.7,,
2014-02-14,1027.33,,
2014-02-17,1048.56,,
2014-02-18,1045.74,,
2014-02-19,1048.08,,
2014-02-20,1030.71,,
2014-02-21,1027.03,,
2014-02-24,1032.22,,
2014-02-25,993.78,,
2014-02-26,1006.6,,
2014-02-27,1001.51,,
2014-02-28,1016.33,,
2014-03-03,1032.09,,
2014-03-04,1027.85,,
2014-03-05,1026.29,,
2014-03-06,1029.32,,
2014-03-07,1020.9,,
2014-03-10,979.55,,
2014-03-11,982.21,,
2014-03-12,983.74,,
2014-03-13,993.29,,
2014-03-14,990.07,,
2014-03-17,1011.05,,
2014-03-18,1021.34,,
2014-03-19,1030.0,,
2014-03-20,1013.69,,
2014-03-21,1041.7,,
2014-03-24,1060.34,,
2014-03-25,1056.24,,
2014-03-26,1056.11,,
2014-03-27,1041.26,,
2014-03-28,1030.52,,
2014-03-31,1025.65,,
2014-04-01,1042.08,,
2014-04-02,1040.45,,
2014-04-03,1042.23,,
2014-04-04,1047.2,,
2014-04-08,1056.55,,
2014-04-09,1062.81,,
2014-04-10,1048.85,,
2014-04-11,1046.07,,
2014-04-14,1052.66,,
2014-04-15,1047.91,,
2014-04-16,1053.01,,
2014-04-17,1051.11,,
2014-04-18,1055.58,,
2014-04-21,1039.56,,
2014-04-22,1036.02,,
2014-04-23,1033.56,,
2014-04-24,1022.31,,
2014-04-25,999.8,,
2014-04-28,966.01,,
2014-04-29,978.97,,
2014-04-30,986.19,,
2014-05-05,1001.56,,
2014-05-06,1007.23,,
2014-05-07,993.46,,
2014-05-08,999.83,,
2014-05-09,996.32,,
2014-05-12,1018.98,,
2014-05-13,1020.12,,
2014-05-14,1016.65,,
2014-05-15,991.75,,
2014-05-16,996.74,,
2014-05-19,994.16,,
2014-05-20,1000.06,,
2014-05-21,1005.94,,
2014-05-22,1004.15,,
2014-05-23,1010.57,,
2014-05-26,1015.66,,
2014-05-27,1007.98,,
2014-05-28,1012.83,,
2014-05-29,994.27,,
2014-05-30,997.69,,
2014-06-03,997.7,,
2014-06-04,990.97,,
2014-06-05,1001.26,,
2014-06-06,1002.6,,
2014-06-09,997.9,,
2014-06-10,1006.46,,
2014-06-11,1013.3,,
2014-06-12,994.57,,
2014-06-13,1008.83,,
2014-06-16,1015.47,,
2014-06-17,1010.2,,
2014-06-18,1011.2,,
2014-06-19,985.19,,
2014-06-20,994.51,,
2014-06-23,1000.95,,
2014-06-24,1011.83,,
2014-06-25,1008.25,,
2014-06-26,1021.88,,
2014-06-27,1033.44,,
2014-06-30,1039.92,,
2014-07-01,1055.42,,
2014-07-02,1056.25,,
2014-07-03,1062.63,,
2014-07-04,1057.6,,
2014-07-07,1062.05,,
2014-07-08,1067.92,,
2014-07-09,1047.8,,
2014-07-10,1058.04,,
2014-07-11,1070.03,,
2014-07-14,1084.6,,
2014-07-15,1084.7,,
2014-07-16,1076.25,,
2014-07-17,1079.06,,
2014-07-18,1083.11,,
2014-07-21,1075.03,,
2014-07-22,1087.34,,
2014-07-23,1086.66,,
2014-07-24,1086.83,,
2014-07-25,1097.79,,
2014-07-28,1119.33,,
2014-07-29,1132.68,,
2014-07-30,1141.4,,
2014-07-31,1147.73,,
2014-08-01,1133.98,,
2014-08-04,1153.38,,
2014-08-05,1163.88,,
2014-08-06,1172.06,,
2014-08-07,1157.44,,
2014-08-08,1165.88,,
2014-08-11,1181.87,,
2014-08-12,1194.26,,
2014-08-13,1196.48,,
2014-08-14,1189.27,,
2014-08-15,1201.36,,
2014-08-18,1225.1,,
2014-08-19,1238.84,,
2014-08-20,1242.69,,
2014-08-21,1243.23,,
2014-08-22,1253.04,,
2014-08-25,1256.96,,
2014-08-26,1235.56,,
2014-08-27,1248.51,,
2014-08-28,1228.97,,
2014-08-29,1243.54,,
2014-09-01,1267.91,,
2014-09-02,1288.22,,
2014-09-03,1298.85,,
2014-09-04,1305.65,,
2014-09-05,1313.48,,
2014-09-09,1328.51,,
2014-09-10,1343.2,,
2014-09-11,1355.87,,
2014-09-12,1393.97,,
2014-09-15,1424.02,,
2014-09-16,1387.35,,
2014-09-17,1426.87,,
2014-09-18,1430.81,,
2014-09-19,1440.51,,
2014-09-22,1427.32,,
2014-09-23,1455.5,,
2014-09-24,1467.69,,
2014-09-25,1458.32,,
2014-09-26,1470.48,,
2014-09-29,1486.34,,
2014-09-30,1499.99,,
2014-10-08,1521.16,,
2014-10-09,1521.9,,
2014-10-10,1516.92,,
2014-10-13,1517.74,,
2014-10-14,1515.66,,
2014-10-15,1533.5,,
2014-10-16,1507.33,,
2014-10-17,1473.68,,
2014-10-20,1491.58,,
2014-10-21,1477.7,,
2014-10-22,1453.71,,
2014-10-23,1416.64,,
2014-10-24,1419.42,,
2014-10-27,1424.76,,
2014-10-28,1464.88,,
2014-10-29,1490.58,,
2014-10-30,1488.21,,
2014-10-31,1497.64,,
2014-11-03,1523.77,,
2014-11-04,1538.51,,
2014-11-05,1540.66,,
2014-11-06,1541.92,,
2014-11-07,1525.42,,
2014-11-10,1546.0,,
2014-11-11,1475.94,,
2014-11-12,1506.3,,
2014-11-13,1492.01,,
2014-11-14,1486.66,,
2014-11-17,1496.84,,
2014-11-18,1516.9,,
2014-11-19,1523.1,,
2014-11-20,1526.41,,
2014-11-21,1543.95,,
2014-11-24,1557.17,,
2014-11-25,1572.48,,
2014-11-26,1576.03,,
2014-11-27,1584.12,,
2014-11-28,1587.52,,
2014-12-01,1560.52,,
2014-12-02,1574.98,,
2014-12-03,1576.85,,
2014-12-04,1592.04,,
2014-12-05,1532.7,,
2014-12-08,1534.2,,
2014-12-09,1468.76,,
2014-12-10,1508.38,,
2014-12-11,1547.76,,
2014-12-12,1566.56,,
2014-12-15,1597.3,,
2014-12-16,1584.95,,
2014-12-17,1559.4,,
2014-12-18,1548.55,,
2014-12-19,1544.49,,
2014-12-22,1480.59,,
2014-12-23,1465.58,,
2014-12-24,1504.94,,
2014-12-25,1535.4,,
2014-12-26,1553.44,,
2014-12-29,1548.02,,
2014-12-30,1515.8,,
2014-12-31,1527.69,,
2015-01-05,1549.51,,
2015-01-06,1562.21,,
2015-01-07,1571.04,,
2015-01-08,1577.78,,
2015-01-09,1562.98,,
2015-01-12,1533.78,,
2015-01-13,1550.56,,
2015-01-14,1548.9,,
2015-01-15,1564.71,,
2015-01-16,1581.2,,
2015-01-19,1534.23,,
2015-01-20,1583.72,,
2015-01-21,1620.41,,
2015-01-22,1648.13,,
2015-01-23,1640.47,,
2015-01-26,1684.51,,
2015-01-27,1699.55,,
2015-01-28,1688.46,,
2015-01-29,1694.05,,
2015-01-30,1695.83,,
2015-02-02,1709.57,,
2015-02-03,1726.47,,
2015-02-04,1707.37,,
2015-02-05,1690.79,,
2015-02-06,1658.57,,
2015-02-09,1653.16,,
2015-02-10,1670.24,,
2015-02-11,1682.29,,
2015-02-12,1700.85,,
2015-02-13,1728.42,,
2015-02-16,1750.01,,
2015-02-17,1755.62,,
2015-02-25,1759.99,,
2015-02-26,1778.51,,
2015-02-27,1796.94,,
2015-03-02,1841.04,,
2015-03-03,1834.5,,
2015-03-04,1875.13,,
2015-03-05,1897.42,,
2015-03-06,1902.23,,
2015-03-09,1948.39,,
2015-03-10,1967.62,,
2015-03-11,1990.45,,
2015-03-12,1967.52,,
2015-03-13,1991.37,,
2015-03-16,2059.25,,
2015-03-17,2088.21,,
2015-03-18,2113.03,,
2015-03-19,2131.94,,
2015-03-20,2160.97,,
2015-03-23,2196.69,,
2015-03-24,2175.82,,
2015-03-25,2187.25,,
2015-03-26,2207.07,,
2015-03-27,2246.98,,
2015-03-30,2283.17,,
2015-03-31,2262.57,,
2015-04-01,2305.26,,
2015-04-02,2358.73,,
2015-04-03,2427.94,,
2015-04-07,2472.23,,
2015-04-08,2431.7,,
2015-04-09,2380.95,,
2015-04-10,2449.22,,
2015-04-13,2519.44,,
2015-04-14,2514.14,,
2015-04-15,2418.81,,
2015-04-16,2446.8,,
2015-04-17,2477.43,,
2015-04-20,2412.23,,
2015-04-21,2503.07,,
2015-04-22,2564.87,,
2015-04-23,2603.55,,
2015-04-24,2589.06,,
2015-04-27,2605.32,,
2015-04-28,2521.42,,
2015-04-29,2584.98,,
2015-04-30,2591.06,,
2015-05-04,2632.07,,
2015-05-05,2560.53,,
2015-05-06,2524.85,,
2015-05-07,2487.62,,
2015-05-08,2570.95,,
2015-05-11,2660.22,,
2015-05-12,2691.57,,
2015-05-13,2719.57,,
2015-05-14,2745.55,,
2015-05-15,2718.53,,
2015-05-18,2755.57,,
2015-05-19,2827.46,,
2015-05-20,2868.87,,
2015-05-21,2978.97,,
2015-05-22,3073.02,,
2015-05-25,3199.28,,
2015-05-26,3309.4,,
2015-05-27,3386.79,,
2015-05-28,3241.58,,
2015-05-29,3260.13,,
2015-06-01,3425.24,,
2015-06-02,3556.53,,
2015-06-03,3637.29,,
2015-06-04,3638.4,,
2015-06-05,3708.25,,
2015-06-08,3701.08,,
2015-06-09,3664.36,,
2015-06-10,3778.83,,
2015-06-11,3879.11,,
2015-06-12,3952.69,,
2015-06-15,3981.64,,
2015-06-16,3781.49,,
2015-06-17,3842.72,,
2015-06-18,3744.99,,
2015-06-19,3492.4,,
2015-06-23,3494.79,,
2015-06-24,3596.31,,
2015-06-25,3468.35,,
2015-06-26,3205.62,,
2015-06-29,3020.54,,
2015-06-30,3142.02,,
2015-07-01,2946.03,,
2015-07-02,2692.51,,
2015-07-03,2471.34,,
2015-07-06,2348.37,,
2015-07-07,2123.5,,
2015-07-08,1971.36,,
2015-07-09,2145.33,,
2015-07-10,2336.69,,
2015-07-13,2553.99,,
2015-07-14,2640.89,,
2015-07-15,2403.69,,
2015-07-16,2470.99,,
2015-07-17,2638.31,,
2015-07-20,2677.2,,
2015-07-21,2718.81,,
2015-07-22,2779.98,,
2015-07-23,2880.15,,
2015-07-24,2832.85,,
2015-07-27,2612.59,,
2015-07-28,2524.05,,
2015-07-29,2691.69,,
2015-07-30,2632.33,,
2015-07-31,2580.47,,
2015-08-03,2450.5,,
2015-08-04,2659.55,,
2015-08-05,2652.43,,
2015-08-06,2665.26,,
2015-08-07,2801.94,,
2015-08-10,2976.99,,
2015-08-11,3032.82,,
2015-08-12,2996.29,,
2015-08-13,3122.44,,
2015-08-14,3206.41,,
2015-08-17,3381.29,,
2015-08-18,3097.03,,
2015-08-19,3257.31,,
2015-08-20,3144.27,,
2015-08-21,2909.51,,
2015-08-24,2618.8,,
2015-08-25,2358.14,,
2015-08-26,2252.9,,
2015-08-27,2379.1,,
2015-08-28,2579.03,,
2015-08-31,2503.41,,
2015-09-01,2316.28,,
2015-09-02,2200.02,,
2015-09-07,2265.96,,
2015-09-08,2410.3,,
2015-09-09,2525.9,,
2015-09-10,2471.51,,
2015-09-11,2505.27,,
2015-09-14,2290.18,,
2015-09-15,2135.4,,
2015-09-16,2341.77,,
2015-09-17,2311.86,,
2015-09-18,2374.5,,
2015-09-21,2495.03,,
2015-09-22,2509.04,,
2015-09-23,2467.2,,
2015-09-24,2520.42,,
2015-09-25,2430.35,,
2015-09-28,2493.35,,
2015-09-29,2427.41,,
2015-09-30,2436.59,,
2015-10-08,2550.4,,
2015-10-09,2610.46,,
2015-10-12,2748.4,,
2015-10-13,2806.08,,
2015-10-14,2772.07,,
2015-10-15,2870.91,,
2015-10-16,2907.92,,
2015-10-19,2898.22,,
2015-10-20,2946.02,,
2015-10-21,2699.16,,
2015-10-22,2802.14,,
2015-10-23,2916.02,,
2015-10-26,2972.16,,
2015-10-27,2987.7,,
2015-10-28,2932.45,,
2015-10-29,2984.42,,
2015-10-30,2997.88,,
2015-11-02,2954.27,,
2015-11-03,2989.09,,
2015-11-04,3163.18,,
2015-11-05,3166.63,,
2015-11-06,3226.54,,
2015-11-09,3255.31,,
2015-11-10,3289.23,,
2015-11-11,3337.39,,
2015-11-12,3379.29,,
2015-11-13,3334.32,,
2015-11-16,3419.61,,
2015-11-17,3439.06,,
2015-11-18,3406.54,,
2015-11-19,3482.21,,
2015-11-20,3557.81,,
2015-11-23,3530.01,,
2015-11-24,3570.36,,
2015-11-25,3659.8,,
2015-11-26,3687.81,,
2015-11-27,3387.32,,
2015-11-30,3405.96,,
2015-12-01,3431.39,,
2015-12-02,3431.79,,
2015-12-03,3526.12,,
2015-12-04,3523.78,,
2015-12-07,3595.57,,
2015-12-08,3488.39,,
2015-12-09,3472.8,,
2015-12-10,3464.95,,
2015-12-11,3470.19,,
2015-12-14,3562.64,,
2015-12-15,3597.71,,
2015-12-16,3617.47,,
2015-12-17,3728.86,,
2015-12-18,3794.95,,
2015-12-21,3839.97,,
2015-12-22,3905.99,,
2015-12-23,3859.19,,
2015-12-24,3840.73,,
2015-12-25,3896.23,,
2015-12-28,3782.05,,
2015-12-29,3872.08,,
2015-12-30,3914.14,,
2015-12-31,3855.04,,
2016-01-04,3507.23,,
2016-01-05,3462.14,,
2016-01-06,3580.78,,
2016-01-07,3235.51,,
2016-01-08,3330.6,,
2016-01-11,3060.11,,
2016-01-12,3086.52,,
2016-01-13,2966.29,,
2016-01-14,3070.74,,
2016-01-15,2928.19,,
2016-01-18,2978.37,,
2016-01-19,3111.9,,
2016-01-20,3097.76,,
2016-01-21,2983.38,,
2016-01-22,3023.03,,
2016-01-25,3070.72,,
2016-01-26,2795.36,,
2016-01-27,2763.51,,
2016-01-28,2633.08,,
2016-01-29,2729.9,,
2016-02-01,2677.96,,
2016-02-02,2778.19,,
2016-02-03,2836.5,,
2016-02-04,2900.16,,
2016-02-05,2870.36,,
2016-02-15,2865.39,,
2016-02-16,2990.97,,
2016-02-17,3033.92,,
2016-02-18,3017.19,,
2016-02-19,3042.45,,
2016-02-22,3122.99,,
2016-02-23,3132.24,,
2016-02-24,3157.82,,
2016-02-25,2879.17,,
2016-02-26,2914.32,,
2016-02-29,2757.57,,
2016-03-01,2813.65,,
2016-03-02,2992.11,,
2016-03-03,3030.55,,
2016-03-04,2943.54,,
2016-03-07,3048.3,,
2016-03-08,3056.57,,
2016-03-09,2962.01,,
2016-03-10,2900.16,,
2016-03-11,2900.0,,
2016-03-14,2998.67,,
2016-03-15,2989.56,,
2016-03-16,2991.24,,
2016-03-17,3088.78,,
2016-03-18,3206.31,,
2016-03-21,3279.96,,
2016-03-22,3268.79,,
2016-03-23,3303.76,,
2016-03-24,3253.97,,
2016-03-25,3297.87,,
2016-03-28,3280.5,,
2016-03-29,3222.3,,
2016-03-30,3339.75,,
2016-03-31,3370.23,,
2016-04-01,3380.87,,
2016-04-05,3485.13,,
2016-04-06,3506.32,,
2016-04-07,3452.24,,
2016-04-08,3417.81,,
2016-04-11,3519.52,,
2016-04-12,3536.36,,
2016-04-13,3572.07,,
2016-04-14,3624.0,,
2016-04-15,3636.65,,
2016-04-18,3599.85,,
2016-04-19,3619.83,,
2016-04-20,3489.34,,
2016-04-21,3454.03,,
2016-04-22,3490.48,,
2016-04-25,3492.93,,
2016-04-26,3566.41,,
2016-04-27,3566.51,,
2016-04-28,3567.28,,
2016-04-29,3565.39,,
2016-05-03,3650.05,,
2016-05-04,3636.93,,
2016-05-05,3642.97,,
2016-05-06,3473.45,,
2016-05-09,3303.18,,
2016-05-10,3284.17,,
2016-05-11,3267.36,,
2016-05-12,3256.14,,
2016-05-13,3255.75,,
2016-05-16,3315.69,,
2016-05-17,3287.06,,
2016-05-18,3169.52,,
2016-05-19,3181.69,,
2016-05-20,3214.9,,
2016-05-23,3260.53,,
2016-05-24,3235.51,,
2016-05-25,3239.71,,
2016-05-26,3253.09,,
2016-05-27,3259.63,,
2016-05-30,3250.15,,
2016-05-31,3362.95,,
2016-06-01,3382.8,,
2016-06-02,3406.53,,
2016-06-03,3418.6,,
2016-06-06,3434.96,,
2016-06-07,3426.69,,
2016-06-08,3426.33,,
2016-06-13,3283.05,,
2016-06-14,3278.99,,
2016-06-15,3373.41,,
2016-06-16,3382.35,,
2016-06-17,3395.62,,
2016-06-20,3384.26,,
2016-06-21,3359.85,,
2016-06-22,3407.96,,
2016-06-23,3388.91,,
2016-06-24,3340.18,,
2016-06-27,3407.32,,
2016-06-28,3458.42,,
2016-06-29,3461.56,,
2016-06-30,3479.25,,
2016-07-01,3481.32,,
2016-07-04,3574.51,,
2016-07-05,3614.15,,
2016-07-06,3637.65,,
2016-07-07,3634.31,,
2016-07-08,3624.27,,
2016-07-11,3608.03,,
2016-07-12,3655.89,,
2016-07-13,3657.96,,
2016-07-14,3677.4,,
2016-07-15,3659.54,,
2016-07-18,3632.86,,
2016-07-19,3648.63,,
2016-07-20,3659.7,,
2016-07-21,3668.53,,
2016-07-22,3637.41,,
2016-07-25,3674.81,,
2016-07-26,3720.54,,
2016-07-27,3546.0,,
2016-07-28,3589.93,,
2016-07-29,3566.3,,
2016-08-01,3495.28,,
2016-08-02,3549.06,,
2016-08-03,3609.94,,
2016-08-04,3616.04,,
2016-08-05,3611.0,,
2016-08-08,3672.73,,
2016-08-09,3698.74,,
2016-08-10,3680.28,,
2016-08-11,3631.57,,
2016-08-12,3670.29,,
2016-08-15,3739.95,,
2016-08-16,3755.94,,
2016-08-17,3779.7,,
2016-08-18,3796.78,,
2016-08-19,3790.48,,
2016-08-22,3798.96,,
2016-08-23,3820.95,,
2016-08-24,3834.62,,
2016-08-25,3806.13,,
2016-08-26,3809.4,,
2016-08-29,3846.02,,
2016-08-30,3868.13,,
2016-08-31,3861.23,,
2016-09-01,3822.93,,
2016-09-02,3838.6,,
2016-09-05,3875.8,,
2016-09-06,3931.75,,
2016-09-07,3943.91,,
2016-09-08,3973.77,,
2016-09-09,3933.85,,
2016-09-12,3812.45,,
2016-09-13,3878.0,,
2016-09-14,3862.26,,
2016-09-19,3909.0,,
2016-09-20,3909.47,,
2016-09-21,3915.4,,
2016-09-22,3938.29,,
2016-09-23,3920.29,,
2016-09-26,3831.76,,
2016-09-27,3876.13,,
2016-09-28,3884.23,,
2016-09-29,3925.08,,
2016-09-30,3964.98,,
2016-10-10,4030.71,,
2016-10-11,4084.74,,
2016-10-12,4104.72,,
2016-10-13,4115.67,,
2016-10-14,4095.68,,
2016-10-17,4045.52,,
2016-10-18,4125.15,,
2016-10-19,4116.36,,
2016-10-20,4131.34,,
2016-10-21,4105.63,,
2016-10-24,4140.78,,
2016-10-25,4170.14,,
2016-10-26,4157.71,,
2016-10-27,4169.36,,
2016-10-28,4106.43,,
2016-10-31,4123.46,,
2016-11-01,4165.13,,
2016-11-02,4156.29,,
2016-11-03,4193.17,,
2016-11-04,4199.51,,
2016-11-07,4219.09,,
2016-11-08,4277.81,,
2016-11-09,4282.28,,
2016-11-10,4399.56,,
2016-11-11,4425.24,,
2016-11-14,4444.42,,
2016-11-15,4445.15,,
2016-11-16,4428.42,,
2016-11-17,4454.72,,
2016-11-18,4418.62,,
2016-11-21,4442.93,,
2016-11-22,4474.24,,
2016-11-23,4443.85,,
2016-11-24,4405.56,,
2016-11-25,4399.73,,
2016-11-28,4420.73,,
2016-11-29,4351.53,,
2016-11-30,4322.6,,
2016-12-01,4346.22,,
2016-12-02,4237.38,,
2016-12-05,4218.4,,
2016-12-06,4239.37,,
2016-12-07,4315.92,,
2016-12-08,4281.62,,
2016-12-09,4286.5,,
2016-12-12,4034.87,,
2016-12-13,4051.7,,
2016-12-14,4053.4,,
2016-12-15,4103.01,,
2016-12-16,4160.79,,
2016-12-19,4189.57,,
2016-12-20,4180.1,,
2016-12-21,4220.89,,
2016-12-22,4230.83,,
2016-12-23,4168.5,,
2016-12-26,4201.35,,
2016-12-27,4222.23,,
2016-12-28,4219.87,,
2016-12-29,4215.11,,
2016-12-30,4258.13,,
2017-01-03,4334.33,,
2017-01-04,4375.36,,
2017-01-05,4392.03,,
2017-01-06,4386.45,,
2017-01-09,4433.43,,
2017-01-10,4400.99,,
2017-01-11,4328.25,,
2017-01-12,4319.36,,
2017-01-13,4245.24,,
2017-01-16,4054.4,,
2017-01-17,4105.59,,
2017-01-18,4105.34,,
2017-01-19,4067.23,,
2017-01-20,4151.26,,
2017-01-23,4212.24,,
2017-01-24,4224.7,,
2017-01-25,4246.7,,
2017-01-26,4247.25,,
2017-02-03,4240.37,,
2017-02-06,4287.91,,
2017-02-07,4316.68,,
2017-02-08,4351.38,,
2017-02-09,4383.92,,
2017-02-10,4390.83,,
2017-02-13,4409.23,,
2017-02-14,4393.11,,
2017-02-15,4374.4,,
2017-02-16,4458.16,,
2017-02-17,4437.91,,
2017-02-20,4504.61,,
2017-02-21,4527.24,,
2017-02-22,4545.21,,
2017-02-23,4514.18,,
2017-02-24,4537.77,,
2017-02-27,4487.0,,
2017-02-28,4500.44,,
2017-03-01,4522.15,,
2017-03-02,4493.99,,
2017-03-03,4479.81,,
2017-03-06,4540.65,,
2017-03-07,4543.64,,
2017-03-08,4529.94,,
2017-03-09,4482.68,,
2017-03-10,4484.38,,
2017-03-13,4510.54,,
2017-03-14,4503.33,,
2017-03-15,4491.81,,
2017-03-16,4564.2,,
2017-03-17,4508.06,,
2017-03-20,4543.79,,
2017-03-21,4565.77,,
2017-03-22,4529.46,,
2017-03-23,4513.09,,
2017-03-24,4533.29,,
2017-03-27,4509.83,,
2017-03-28,4485.84,,
2017-03-29,4447.98,,
2017-03-30,4334.42,,
2017-03-31,4360.96,,
2017-04-05,4474.07,,
2017-04-06,4481.8,,
2017-04-07,4500.27,,
2017-04-10,4514.75,,
2017-04-11,4599.36,,
2017-04-12,4584.41,,
2017-04-13,4644.25,,
2017-04-14,4529.92,,
2017-04-17,4437.36,,
2017-04-18,4362.05,,
2017-04-19,4270.22,,
2017-04-20,4207.1,,
2017-04-21,4177.25,,
2017-04-24,4019.42,,
2017-04-25,4059.21,,
2017-04-26,4099.28,,
2017-04-27,4119.15,,
2017-04-28,4173.28,,
2017-05-02,4184.47,,
2017-05-03,4184.22,,
2017-05-04,4172.19,,
2017-05-05,4091.95,,
2017-05-08,3991.52,,
2017-05-09,4037.58,,
2017-05-10,3940.46,,
2017-05-11,3898.83,,
2017-05-12,3869.59,,
2017-05-15,3913.17,,
2017-05-16,4019.33,,
2017-05-17,4042.13,,
2017-05-18,4036.84,,
2017-05-19,4031.71,,
2017-05-22,3931.18,,
2017-05-23,3789.54,,
2017-05-24,3818.18,,
2017-05-25,3871.0,,
2017-05-26,3880.45,,
2017-05-31,3879.27,,
2017-06-01,3773.08,,
2017-06-02,3827.62,,
2017-06-05,3869.4,,
2017-06-06,3890.51,,
2017-06-07,4009.27,,
2017-06-08,3994.7,,
2017-06-09,3941.15,,
2017-06-12,3853.28,,
2017-06-13,3920.66,,
2017-06-14,3933.48,,
2017-06-15,3995.88,,
2017-06-16,4000.8,,
2017-06-19,4046.98,,
2017-06-20,4035.98,,
2017-06-21,4028.58,,
2017-06-22,3934.45,,
2017-06-23,3925.4,,
2017-06-26,3985.17,,
2017-06-27,4020.71,,
2017-06-28,3997.88,,
2017-06-29,4018.11,,
2017-06-30,4026.62,,
2017-07-03,4064.95,,
2017-07-04,4068.83,,
2017-07-05,4095.58,,
2017-07-06,4094.96,,
2017-07-07,4117.79,,
2017-07-10,4121.88,,
2017-07-11,4070.04,,
2017-07-12,4030.4,,
2017-07-13,4043.22,,
2017-07-14,4017.77,,
2017-07-17,3719.07,,
2017-07-18,3762.78,,
2017-07-19,3845.39,,
2017-07-20,3868.91,,
2017-07-21,3899.61,,
2017-07-24,3931.84,,
2017-07-25,3934.08,,
2017-07-26,3961.29,,
2017-07-27,4041.18,,
2017-07-28,4041.89,,
2017-07-31,4080.01,,
2017-08-01,4057.28,,
2017-08-02,4012.77,,
2017-08-03,4040.98,,
2017-08-04,4044.91,,
2017-08-07,4068.35,,
2017-08-08,4082.67,,
2017-08-09,4078.85,,
2017-08-10,4050.73,,
2017-08-11,3984.72,,
2017-08-14,4061.79,,
2017-08-15,4075.55,,
2017-08-16,4100.97,,
2017-08-17,4143.52,,
2017-08-18,4126.27,,
2017-08-21,4165.18,,
2017-08-22,4131.26,,
2017-08-23,4109.6,,
2017-08-24,4104.35,,
2017-08-25,4142.77,,
2017-08-28,4189.66,,
2017-08-29,4191.12,,
2017-08-30,4212.77,,
2017-08-31,4244.77,,
2017-09-01,4255.12,,
2017-09-04,4283.49,,
2017-09-05,4277.83,,
2017-09-06,4271.66,,
2017-09-07,4252.07,,
2017-09-08,4289.3,,
2017-09-11,4338.16,,
2017-09-12,4324.84,,
2017-09-13,4368.23,,
2017-09-14,4385.18,,
2017-09-15,4381.05,,
2017-09-18,4394.3,,
2017-09-19,4375.37,,
2017-09-20,4405.49,,
2017-09-21,4369.94,,
2017-09-22,4329.48,,
2017-09-25,4270.35,,
2017-09-26,4252.15,,
2017-09-27,4282.93,,
2017-09-28,4241.34,,
2017-09-29,4276.33,,
2017-10-09,4328.14,,
2017-10-10,4379.83,,
2017-10-11,4375.48,,
2017-10-12,4369.6,,
2017-10-13,4394.68,,
2017-10-16,4302.22,,
2017-10-17,4309.58,,
2017-10-18,4248.78,,
2017-10-19,4182.0,,
2017-10-20,4251.2,,
2017-10-23,4278.97,,
2017-10-24,4234.1,,
2017-10-25,4270.99,,
2017-10-26,4292.85,,
2017-10-27,4256.91,,
2017-10-30,4116.11,,
2017-10-31,4141.84,,
2017-11-01,4122.07,,
2017-11-02,4045.74,,
2017-11-03,4010.24,,
2017-11-06,4047.23,,
2017-11-07,4063.3,,
2017-11-08,4082.06,,
2017-11-09,4101.99,,
2017-11-10,4092.6,,
2017-11-13,4073.93,,
2017-11-14,4009.86,,
2017-11-15,3994.01,,
2017-11-16,3975.56,,
2017-11-17,3802.6,,
2017-11-20,3792.75,,
2017-11-21,3774.8,,
2017-11-22,3762.74,,
2017-11-23,3697.79,,
2017-11-24,3702.83,,
2017-11-27,3675.83,,
2017-11-28,3711.82,,
2017-11-29,3737.01,,
2017-11-30,3724.09,,
2017-12-01,3757.14,,
2017-12-04,3699.48,,
2017-12-05,3581.63,,
2017-12-06,3608.54,,
2017-12-07,3612.06,,
2017-12-08,3643.47,,
2017-12-11,3682.79,,
2017-12-12,3643.79,,
2017-12-13,3669.42,,
2017-12-14,3675.11,,
2017-12-15,3676.37,,
2017-12-18,3650.29,,
2017-12-19,3666.84,,
2017-12-20,3639.82,,
2017-12-21,3621.57,,
2017-12-22,3633.37,,
2017-12-25,3597.48,,
2017-12-26,3635.44,,
2017-12-27,3621.09,,
2017-12-28,3625.4,,
2017-12-29,3650.11,,
2018-01-02,3688.25,,
2018-01-03,3722.0,,
2018-01-04,3712.76,,
2018-01-05,3725.81,,
2018-01-08,3723.07,,
2018-01-09,3720.42,,
2018-01-10,3687.53,,
2018-01-11,3709.59,,
2018-01-12,3719.37,,
2018-01-15,3609.83,,
2018-01-16,3624.31,,
2018-01-17,3607.97,,
2018-01-18,3625.09,,
2018-01-19,3639.4,,
2018-01-22,3653.69,,
2018-01-23,3650.0,,
2018-01-24,3670.71,,
2018-01-25,3677.17,,
2018-01-26,3672.68,,
2018-01-29,3646.64,,
2018-01-30,3656.06,,
2018-01-31,3546.23,,
2018-02-01,3376.3,,
2018-02-02,3368.0,,
2018-02-05,3377.19,,
2018-02-06,3175.97,,
2018-02-07,3225.3,,
2018-02-08,3289.81,,
2018-02-09,3217.8,,
2018-02-12,3320.61,,
2018-02-13,3296.94,,
2018-02-14,3287.3,,
2018-02-22,3331.95,,
2018-02-23,3365.13,,
2018-02-26,3439.93,,
2018-02-27,3437.55,,
2018-02-28,3452.68,,
2018-03-01,3526.11,,
2018-03-02,3510.54,,
2018-03-05,3530.52,,
2018-03-06,3546.84,,
2018-03-07,3533.84,,
2018-03-08,3571.46,,
2018-03-09,3626.35,,
2018-03-12,3669.08,,
2018-03-13,3663.46,,
2018-03-14,3632.6,,
2018-03-15,3609.39,,
2018-03-16,3620.26,,
2018-03-19,3620.75,,
2018-03-20,3628.98,,
2018-03-21,3604.8,,
2018-03-22,3597.11,,
2018-03-23,3348.99,,
2018-03-26,3397.98,,
2018-03-27,3486.71,,
2018-03-28,3461.6,,
2018-03-29,3520.41,,
2018-03-30,3568.2,,
2018-04-02,3586.32,,
2018-04-03,3526.65,,
2018-04-04,3522.15,,
2018-04-09,3515.58,,
2018-04-10,3528.83,,
2018-04-11,3556.91,,
2018-04-12,3547.49,,
2018-04-13,3539.45,,
2018-04-16,3462.91,,
2018-04-17,3373.52,,
2018-04-18,3405.32,,
2018-04-19,3403.16,,
2018-04-20,3312.13,,
2018-04-23,3306.78,,
2018-04-24,3362.86,,
2018-04-25,3373.74,,
2018-04-26,3305.09,,
2018-04-27,3328.45,,
2018-05-02,3283.49,,
2018-05-03,3321.11,,
2018-05-04,3335.29,,
2018-05-07,3398.74,,
2018-05-08,3457.09,,
2018-05-09,3476.44,,
2018-05-10,3505.64,,
2018-05-11,3455.57,,
2018-05-14,3401.21,,
2018-05-15,3441.37,,
2018-05-16,3427.21,,
2018-05-17,3427.01,,
2018-05-18,3449.94,,
2018-05-21,3513.65,,
2018-05-22,3516.9,,
2018-05-23,3460.83,,
2018-05-24,3457.98,,
2018-05-25,3418.93,,
2018-05-28,3382.49,,
2018-05-29,3380.49,,
2018-05-30,3238.6,,
2018-05-31,3334.89,,
2018-06-01,3299.71,,
2018-06-04,3278.18,,
2018-06-05,3325.95,,
2018-06-06,3322.46,,
2018-06-07,3260.43,,
2018-06-08,3196.88,,
2018-06-11,3164.27,,
2018-06-12,3186.46,,
2018-06-13,3105.83,,
2018-06-14,3094.29,,
2018-06-15,3026.48,,
2018-06-19,2800.41,,
2018-06-20,2824.35,,
2018-06-21,2739.69,,
2018-06-22,2785.61,,
2018-06-25,2786.87,,
2018-06-26,2833.64,,
2018-06-27,2818.46,,
2018-06-28,2797.83,,
2018-06-29,2884.06,,
2018-07-02,2863.9,,
2018-07-03,2904.04,,
2018-07-04,2860.11,,
2018-07-05,2757.07,,
2018-07-06,2773.14,,
2018-07-09,2841.15,,
2018-07-10,2871.89,,
2018-07-11,2798.63,,
2018-07-12,2859.27,,
2018-07-13,2877.62,,
2018-07-16,2883.14,,
2018-07-17,2905.28,,
2018-07-18,2897.57,,
2018-07-19,2842.35,,
2018-07-20,2877.17,,
2018-07-23,2908.08,,
2018-07-24,2961.87,,
2018-07-25,2967.16,,
2018-07-26,3013.25,,
2018-07-27,3008.43,,
2018-07-30,2975.59,,
2018-07-31,2974.0,,
2018-08-01,2930.97,,
2018-08-02,2840.07,,
2018-08-03,2832.78,,
2018-08-06,2803.44,,
2018-08-07,2894.15,,
2018-08-08,2875.35,,
2018-08-09,2932.66,,
2018-08-10,2934.22,,
2018-08-13,2920.35,,
2018-08-14,2924.61,,
2018-08-15,2879.65,,
2018-08-16,2839.66,,
2018-08-17,2774.14,,
2018-08-20,2781.61,,
2018-08-21,2813.81,,
2018-08-22,2782.18,,
2018-08-23,2796.77,,
2018-08-24,2796.84,,
2018-08-27,2844.82,,
2018-08-28,2855.68,,
2018-08-29,2843.22,,
2018-08-30,2791.74,,
2018-08-31,2760.43,,
2018-09-03,2751.76,,
2018-09-04,2799.89,,
2018-09-05,2765.28,,
2018-09-06,2744.39,,
2018-09-07,2779.71,,
2018-09-10,2771.78,,
2018-09-11,2774.54,,
2018-09-12,2775.92,,
2018-09-13,2799.37,,
2018-09-14,2768.41,,
2018-09-17,2725.55,,
2018-09-18,2792.02,,
2018-09-19,2836.26,,
2018-09-20,2850.17,,
2018-09-21,2861.73,,
2018-09-25,2840.91,,
2018-09-26,2832.87,,
2018-09-27,2765.36,,
2018-09-28,2791.82,,
2018-10-08,2700.29,,
2018-10-09,2719.85,,
2018-10-10,2723.99,,
2018-10-11,2511.59,,
2018-10-12,2466.19,,
2018-10-15,2421.74,,
2018-10-16,2384.27,,
2018-10-17,2395.29,,
2018-10-18,2303.56,,
2018-10-19,2342.18,,
2018-10-22,2451.44,,
2018-10-23,2433.67,,
2018-10-24,2448.17,,
2018-10-25,2438.48,,
2018-10-26,2464.1,,
2018-10-29,2407.6,,
2018-10-30,2448.7,,
2018-10-31,2506.32,,
2018-11-01,2503.61,,
2018-11-02,2562.29,,
2018-11-05,2617.42,,
2018-11-06,2585.04,,
2018-11-07,2571.19,,
2018-11-08,2603.65,,
2018-11-09,2594.36,,
2018-11-12,2693.88,,
2018-11-13,2780.08,,
2018-11-14,2784.97,,
2018-11-15,2831.16,,
2018-11-16,2868.78,,
2018-11-19,2911.85,,
2018-11-20,2794.81,,
2018-11-21,2838.75,,
2018-11-22,2860.95,,
2018-11-23,2715.95,,
2018-11-26,2734.78,,
2018-11-27,2739.84,,
2018-11-28,2774.97,,
2018-11-29,2689.24,,
2018-11-30,2701.24,,
2018-12-03,2789.51,,
2018-12-04,2836.91,,
2018-12-05,2834.02,,
2018-12-06,2792.93,,
2018-12-07,2798.29,,
2018-12-10,2768.54,,
2018-12-11,2796.15,,
2018-12-12,2804.44,,
2018-12-13,2848.91,,
2018-12-14,2783.52,,
2018-12-17,2807.44,,
2018-12-18,2802.14,,
2018-12-19,2784.35,,
2018-12-20,2804.57,,
2018-12-21,2764.84,,
2018-12-24,2779.85,,
2018-12-25,2751.95,,
2018-12-26,2782.76,,
2018-12-27,2735.92,,
2018-12-28,2773.98,,
2019-01-02,2816.97,,
2019-01-03,2817.82,,
2019-01-04,2883.93,,
2019-01-07,2958.52,,
2019-01-08,2963.28,,
2019-01-09,2991.68,,
2019-01-10,2981.88,,
2019-01-11,2993.26,,
2019-01-14,2970.65,,
2019-01-15,2982.15,,
2019-01-16,2971.41,,
2019-01-17,2956.13,,
2019-01-18,2946.42,,
2019-01-21,2952.6,,
2019-01-22,2921.9,,
2019-01-23,2929.62,,
2019-01-24,2948.47,,
2019-01-25,2905.32,,
2019-01-28,2865.22,,
2019-01-29,2793.31,,
2019-01-30,2725.43,,
2019-01-31,2665.04,,
2019-02-01,2745.76,,
2019-02-11,2832.75,,
2019-02-12,2875.49,,
2019-02-13,2934.93,,
2019-02-14,2960.62,,
2019-02-15,2976.65,,
2019-02-18,3095.99,,
2019-02-19,3135.66,,
2019-02-20,3161.94,,
2019-02-21,3159.97,,
2019-02-22,3197.35,,
2019-02-25,3358.1,,
2019-02-26,3329.0,,
2019-02-27,3331.94,,
2019-02-28,3358.74,,
2019-03-01,3401.44,,
2019-03-04,3431.79,,
2019-03-05,3510.96,,
2019-03-06,3580.86,,
2019-03-07,3651.57,,
2019-03-08,3446.47,,
2019-03-11,3623.08,,
2019-03-12,3710.41,,
2019-03-13,3654.48,,
2019-03-14,3507.64,,
2019-03-15,3604.88,,
2019-03-18,3673.81,,
2019-03-19,3704.04,,
2019-03-20,3769.02,,
2019-03-21,3841.94,,
2019-03-22,3916.07,,
2019-03-25,3909.47,,
2019-03-26,3774.32,,
2019-03-27,3797.62,,
2019-03-28,3697.0,,
2019-03-29,3777.04,,
2019-04-01,3880.73,,
2019-04-02,3896.66,,
2019-04-03,3960.72,,
2019-04-04,3991.36,,
2019-04-08,4005.39,,
2019-04-09,4048.87,,
2019-04-10,4092.56,,
2019-04-11,4063.18,,
2019-04-12,4061.32,,
2019-04-15,4007.22,,
2019-04-16,4057.66,,
2019-04-17,4094.93,,
2019-04-18,4059.17,,
2019-04-19,4084.26,,
2019-04-22,4023.76,,
2019-04-23,3944.34,,
2019-04-24,3975.57,,
2019-04-25,3804.23,,
2019-04-26,3772.58,,
2019-04-29,3604.9,,
2019-04-30,3681.36,,
2019-05-06,3407.35,,
2019-05-07,3479.04,,
2019-05-08,3496.61,,
2019-05-09,3480.34,,
2019-05-10,3593.16,,
2019-05-13,3574.34,,
2019-05-14,3544.96,,
2019-05-15,3625.38,,
2019-05-16,3673.51,,
2019-05-17,3502.33,,
2019-05-20,3501.78,,
2019-05-21,3558.0,,
2019-05-22,3519.72,,
2019-05-23,3426.4,,
2019-05-24,3423.94,,
2019-05-27,3508.12,,
2019-05-28,3505.33,,
2019-05-29,3533.02,,
2019-05-30,3522.03,,
2019-05-31,3526.0,,
2019-06-03,3438.53,,
2019-06-04,3403.79,,
2019-06-05,3407.74,,
2019-06-06,3317.47,,
2019-06-10,3342.27,,
2019-06-11,3470.4,,
2019-06-12,3471.78,,
2019-06-13,3526.76,,
2019-06-14,3471.8,,
2019-06-17,3457.64,,
2019-06-18,3451.45,,
2019-06-19,3494.36,,
2019-06-20,3544.59,,
2019-06-21,3625.44,,
2019-06-24,3643.33,,
2019-06-25,3605.74,,
2019-06-26,3612.92,,
2019-06-27,3618.04,,
2019-06-28,3571.0,,
2019-07-01,3687.79,,
2019-07-02,3662.52,,
2019-07-03,3627.06,,
2019-07-04,3590.4,,
2019-07-05,3584.48,,
2019-07-08,3447.99,,
2019-07-09,3476.99,,
2019-07-10,3460.6,,
2019-07-11,3462.66,,
2019-07-12,3497.22,,
2019-07-15,3526.18,,
2019-07-16,3541.4,,
2019-07-17,3527.45,,
2019-07-18,3465.87,,
2019-07-19,3477.57,,
2019-07-22,3349.21,,
2019-07-23,3399.08,,
2019-07-24,3443.36,,
2019-07-25,3446.39,,
2019-07-26,3444.87,,
2019-07-29,3434.0,,
2019-07-30,3455.01,,
2019-07-31,3423.02,,
2019-08-01,3414.53,,
2019-08-02,3324.52,,
2019-08-05,3290.71,,
2019-08-06,3163.31,,
2019-08-07,3167.82,,
2019-08-08,3180.58,,
2019-08-09,3134.68,,
2019-08-12,3188.99,,
2019-08-13,3157.94,,
2019-08-14,3177.73,,
2019-08-15,3165.72,,
2019-08-16,3173.6,,
2019-08-19,3263.12,,
2019-08-20,3263.62,,
2019-08-21,3291.87,,
2019-08-22,3305.4,,
2019-08-23,3297.58,,
2019-08-26,3274.03,,
2019-08-27,3352.58,,
2019-08-28,3365.53,,
2019-08-29,3345.2,,
2019-08-30,3275.81,,
2019-09-02,3355.62,,
2019-09-03,3384.52,,
2019-09-04,3390.67,,
2019-09-05,3417.15,,
2019-09-06,3432.35,,
2019-09-09,3508.41,,
2019-09-10,3518.24,,
2019-09-11,3506.52,,
2019-09-12,3528.43,,
2019-09-16,3536.48,,
2019-09-17,3442.38,,
2019-09-18,3465.42,,
2019-09-19,3489.04,,
2019-09-20,3494.8,,
2019-09-23,3448.62,,
2019-09-24,3475.56,,
2019-09-25,3402.15,,
2019-09-26,3287.29,,
2019-09-27,3330.14,,
2019-09-30,3309.64,,
2019-10-08,3335.42,,
2019-10-09,3371.76,,
2019-10-10,3412.35,,
2019-10-11,3426.51,,
2019-10-14,3484.63,,
2019-10-15,3463.22,,
2019-10-16,3412.21,,
2019-10-17,3414.29,,
2019-10-18,3383.0,,
2019-10-21,3381.09,,
2019-10-22,3422.47,,
2019-10-23,3406.78,,
2019-10-24,3392.83,,
2019-10-25,3411.91,,
2019-10-28,3470.86,,
2019-10-29,3401.28,,
2019-10-30,3361.71,,
2019-10-31,3315.46,,
2019-11-01,3379.66,,
2019-11-04,3360.73,,
2019-11-05,3346.62,,
2019-11-06,3297.24,,
2019-11-07,3315.4,,
2019-11-08,3296.99,,
2019-11-11,3197.31,,
2019-11-12,3218.23,,
2019-11-13,3201.35,,
2019-11-14,3216.23,,
2019-11-15,3172.21,,
2019-11-18,3193.67,,
2019-11-19,3252.79,,
2019-11-20,3239.4,,
2019-11-21,3260.11,,
2019-11-22,3271.65,,
2019-11-25,3271.95,,
2019-11-26,3258.62,,
2019-11-27,3249.52,,
2019-11-28,3250.95,,
2019-11-29,3289.11,,
2019-12-02,3300.24,,
2019-12-03,3311.72,,
2019-12-04,3337.45,,
2019-12-05,3381.25,,
2019-12-06,3406.03,,
2019-12-09,3444.09,,
2019-12-10,3484.08,,
2019-12-11,3466.97,,
2019-12-12,3487.42,,
2019-12-13,3545.48,,
2019-12-16,3620.43,,
2019-12-17,3665.01,,
2019-12-18,3682.78,,
2019-12-19,3724.56,,
2019-12-20,3686.15,,
2019-12-23,3623.87,,
2019-12-24,3710.16,,
2019-12-25,3722.81,,
2019-12-26,3791.1,,
2019-12-27,3788.68,,
2019-12-30,3754.76,,
2019-12-31,3743.49,,
2020-01-02,3807.72,,
2020-01-03,3819.41,,
2020-01-06,3839.95,,
2020-01-07,3884.95,,
2020-01-08,3840.2,,
2020-01-09,3903.88,,
2020-01-10,3849.56,,
2020-01-13,3858.16,,
2020-01-14,3851.26,,
2020-01-15,3798.74,,
2020-01-16,3760.01,,
2020-01-17,3757.34,,
2020-01-20,3785.78,,
2020-01-21,3726.29,,
2020-01-22,3688.17,,
2020-01-23,3562.83,,
2020-02-03,3251.47,,
2020-02-04,3257.41,,
2020-02-05,3366.39,,
2020-02-06,3480.29,,
2020-02-07,3547.72,,
2020-02-10,3615.65,,
2020-02-11,3547.69,,
2020-02-12,3597.66,,
2020-02-13,3545.82,,
2020-02-14,3538.99,,
2020-02-17,3685.46,,
2020-02-18,3764.17,,
2020-02-19,3756.48,,
2020-02-20,3821.54,,
2020-02-21,3842.4,,
2020-02-24,3889.9,,
2020-02-25,3910.46,,
2020-02-26,3825.19,,
2020-02-27,3849.17,,
2020-02-28,3688.01,,
2020-03-02,3869.65,,
2020-03-03,3931.14,,
2020-03-04,3974.73,,
2020-03-05,4052.94,,
2020-03-06,4095.26,,
2020-03-09,4037.95,,
2020-03-10,4119.92,,
2020-03-11,4138.27,,
2020-03-12,4080.17,,
2020-03-13,4040.51,,
2020-03-16,3976.79,,
2020-03-17,3963.45,,
2020-03-18,3922.83,,
2020-03-19,3937.86,,
2020-03-20,3937.71,,
2020-03-23,3791.27,,
2020-03-24,3857.62,,
2020-03-25,3966.65,,
2020-03-26,3897.13,,
2020-03-27,3865.95,,
2020-03-30,3784.67,,
2020-03-31,3774.54,,
2020-04-01,3745.42,,
2020-04-02,3814.89,,
2020-04-03,3761.62,,
2020-04-07,3881.41,,
2020-04-08,3933.37,,
2020-04-09,3933.12,,
2020-04-10,3876.68,,
2020-04-13,3876.03,,
2020-04-14,3915.21,,
2020-04-15,3882.26,,
2020-04-16,3886.65,,
2020-04-17,3855.19,,
2020-04-20,3871.76,,
2020-04-21,3831.23,,
2020-04-22,3852.52,,
2020-04-23,3863.18,,
2020-04-24,3803.2,,
2020-04-27,3778.25,,
2020-04-28,3660.57,,
2020-04-29,3640.4,,
2020-04-30,3687.29,,
2020-05-06,3738.96,,
2020-05-07,3719.4,,
2020-05-08,3788.38,,
2020-05-11,3774.75,,
2020-05-12,3764.54,,
2020-05-13,3776.65,,
2020-05-14,3719.15,,
2020-05-15,3739.1,,
2020-05-18,3740.24,,
2020-05-19,3775.26,,
2020-05-20,3730.92,,
2020-05-21,3714.96,,
2020-05-22,3669.92,,
2020-05-25,3683.23,,
2020-05-26,3728.68,,
2020-05-27,3719.61,,
2020-05-28,3707.76,,
2020-05-29,3754.38,,
2020-06-01,3827.78,,
2020-06-02,3897.26,,
2020-06-03,3911.68,,
2020-06-04,3946.68,,
2020-06-05,3923.26,,
2020-06-08,3897.15,,
2020-06-09,3883.99,,
2020-06-10,3846.56,,
2020-06-11,3819.4,,
2020-06-12,3821.56,,
2020-06-15,3842.92,,
2020-06-16,3882.35,,
2020-06-17,3891.81,,
2020-06-18,3899.38,,
2020-06-19,3899.86,,
2020-06-22,3885.19,,
2020-06-23,3858.55,,
2020-06-24,3853.11,,
2020-06-29,3841.43,,
2020-06-30,3898.59,,
2020-07-01,3931.2,,
2020-07-02,3987.85,,
2020-07-03,4074.38,,
2020-07-06,4227.69,,
2020-07-07,4256.23,,
2020-07-08,4331.97,,
2020-07-09,4453.9,,
2020-07-10,4364.09,,
2020-07-13,4511.2,,
2020-07-14,4533.49,,
2020-07-15,4370.4,,
2020-07-16,4195.12,,
2020-07-17,4198.87,,
2020-07-20,4396.87,,
2020-07-21,4453.58,,
2020-07-22,4498.11,,
2020-07-23,4564.79,,
2020-07-24,4405.24,,
2020-07-27,4358.89,,
2020-07-28,4414.55,,
2020-07-29,4501.07,,
2020-07-30,4522.12,,
2020-07-31,4595.71,,
2020-08-03,4750.49,,
2020-08-04,4766.27,,
2020-08-05,4826.06,,
2020-08-06,4837.24,,
2020-08-07,4788.06,,
2020-08-10,4822.08,,
2020-08-11,4820.85,,
2020-08-12,4842.48,,
2020-08-13,4903.91,,
2020-08-14,4926.88,,
2020-08-17,4986.16,,
2020-08-18,5014.46,,
2020-08-19,4979.77,,
2020-08-20,4942.71,,
2020-08-21,5004.97,,
2020-08-24,4990.5,,
2020-08-25,4999.05,,
2020-08-26,4863.62,,
2020-08-27,4998.19,,
2020-08-28,4987.61,,
2020-08-31,4987.07,,
2020-09-01,5046.63,,
2020-09-02,5120.81,,
2020-09-03,5062.67,,
2020-09-04,5127.72,,
2020-09-07,5150.29,,
2020-09-08,5259.28,,
2020-09-09,5140.08,,
2020-09-10,4909.99,,
2020-09-11,4964.24,,
2020-09-14,5060.46,,
2020-09-15,5052.0,,
2020-09-16,4987.38,,
2020-09-17,4978.55,,
2020-09-18,5040.29,,
2020-09-21,5051.88,,
2020-09-22,4962.77,,
2020-09-23,5001.55,,
2020-09-24,4851.01,,
2020-09-25,4777.7,,
2020-09-28,4665.77,,
2020-09-29,4695.87,,
2020-09-30,4689.09,,
2020-10-09,4870.65,,
2020-10-12,5026.32,,
2020-10-13,5020.95,,
2020-10-14,4995.94,,
2020-10-15,4967.33,,
2020-10-16,5021.43,,
2020-10-19,4991.07,,
2020-10-20,5002.31,,
2020-10-21,4930.33,,
2020-10-22,4915.82,,
2020-10-23,4864.77,,
2020-10-26,4865.83,,
2020-10-27,4851.75,,
2020-10-28,4852.62,,
2020-10-29,4839.08,,
2020-10-30,4670.59,,
2020-11-02,4688.41,,
2020-11-03,4774.59,,
2020-11-04,4754.11,,
2020-11-05,4854.24,,
2020-11-06,4834.93,,
2020-11-09,4931.63,,
2020-11-10,4861.39,,
2020-11-11,4857.7,,
2020-11-12,4931.1,,
2020-11-13,4846.74,,
2020-11-16,4911.57,,
2020-11-17,4898.46,,
2020-11-18,4922.53,,
2020-11-19,4928.03,,
2020-11-20,4985.55,,
2020-11-23,4995.95,,
2020-11-24,5042.81,,
2020-11-25,5006.36,,
2020-11-26,4965.08,,
2020-11-27,4993.75,,
2020-11-30,5046.73,,
2020-12-01,5120.14,,
2020-12-02,5120.4,,
2020-12-03,5117.33,,
2020-12-04,5129.58,,
2020-12-07,5113.69,,
2020-12-08,5127.38,,
2020-12-09,5022.65,,
2020-12-10,5042.23,,
2020-12-11,4988.7,,
2020-12-14,5037.78,,
2020-12-15,5003.47,,
2020-12-16,4962.58,,
2020-12-17,4994.86,,
2020-12-18,4986.3,,
2020-12-21,5027.23,,
2020-12-22,4929.52,,
2020-12-23,4962.6,,
2020-12-24,4880.63,,
2020-12-25,4964.3,,
2020-12-28,4926.38,,
2020-12-29,4889.5,,
2020-12-30,4892.4,,
2020-12-31,4934.3,,
2021-01-04,5002.04,,
2021-01-05,4968.54,,
2021-01-06,4858.24,,
2021-01-07,4698.69,,
2021-01-08,4703.33,,
2021-01-11,4549.96,,
2021-01-12,4583.02,,
2021-01-13,4463.64,,
2021-01-14,4453.57,,
2021-01-15,4566.07,,
2021-01-18,4650.48,,
2021-01-19,4705.46,,
2021-01-20,4729.69,,
2021-01-21,4777.51,,
2021-01-22,4757.06,,
2021-01-25,4606.33,,
2021-01-26,4576.01,,
2021-01-27,4584.46,,
2021-01-28,4572.17,,
2021-01-29,4494.17,,
2021-02-01,4466.48,,
2021-02-02,4472.9,,
2021-02-03,4390.77,,
2021-02-04,4313.93,,
2021-02-05,4257.63,,
2021-02-08,4225.81,,
2021-02-09,4309.7,,
2021-02-10,4320.45,,
2021-02-18,4490.98,,
2021-02-19,4674.95,,
2021-02-22,4748.56,,
2021-02-23,4702.02,,
2021-02-24,4778.16,,
2021-02-25,4713.51,,
2021-02-26,4717.22,,
2021-03-01,4830.89,,
2021-03-02,4796.17,,
2021-03-03,4859.56,,
2021-03-04,4841.31,,
2021-03-05,4949.41,,
2021-03-08,4908.03,,
2021-03-09,4805.84,,
2021-03-10,4681.33,,
2021-03-11,4790.19,,
2021-03-12,4816.89,,
2021-03-15,4830.26,,
2021-03-16,4935.46,,
2021-03-17,4926.05,,
2021-03-18,4908.47,,
2021-03-19,4872.11,,
2021-03-22,4966.28,,
2021-03-23,4897.14,,
2021-03-24,4880.3,,
2021-03-25,4839.74,,
2021-03-26,4895.94,,
2021-03-29,4879.17,,
2021-03-30,4784.71,,
2021-03-31,4827.16,,
2021-04-01,4816.75,,
2021-04-02,4852.99,,
2021-04-06,4922.9,,
2021-04-07,4933.12,,
2021-04-08,4846.7,,
2021-04-09,4923.86,,
2021-04-12,4935.11,,
2021-04-13,4884.31,,
2021-04-14,4962.88,,
2021-04-15,4975.47,,
2021-04-16,5083.04,,
2021-04-19,5119.56,,
2021-04-20,5056.41,,
2021-04-21,5049.08,,
2021-04-22,5051.71,,
2021-04-23,4939.86,,
2021-04-26,4875.99,,
2021-04-27,4825.65,,
2021-04-28,4823.93,,
2021-04-29,4808.85,,
2021-04-30,4789.0,,
2021-05-06,4800.77,,
2021-05-07,4827.18,,
2021-05-10,4908.51,,
2021-05-11,4939.43,,
2021-05-12,4984.24,,
2021-05-13,4981.89,,
2021-05-14,5046.26,,
2021-05-17,4973.78,,
2021-05-18,5037.24,,
2021-05-19,5062.68,,
2021-05-20,5027.87,,
2021-05-21,5128.77,,
2021-05-24,5181.01,,
2021-05-25,5141.87,,
2021-05-26,5164.79,,
2021-05-27,5164.26,,
2021-05-28,5189.82,,
2021-05-31,5222.76,,
2021-06-01,5276.5,,
2021-06-02,5203.03,,
2021-06-03,5208.75,,
2021-06-04,5181.45,,
2021-06-07,5217.22,,
2021-06-08,5277.46,,
2021-06-09,5343.71,,
2021-06-10,5322.14,,
2021-06-11,5290.95,,
2021-06-15,5209.56,,
2021-06-16,5201.38,,
2021-06-17,5207.37,,
2021-06-18,5213.53,,
2021-06-21,5246.06,,
2021-06-22,5285.39,,
2021-06-23,5264.64,,
2021-06-24,5199.17,,
2021-06-25,5192.35,,
2021-06-28,5221.53,,
2021-06-29,5125.04,,
2021-06-30,5161.04,,
2021-07-01,5065.86,,
2021-07-02,5102.46,,
2021-07-05,5204.9,,
2021-07-06,5234.88,,
2021-07-07,5262.76,,
2021-07-08,5253.68,,
2021-07-09,5323.8,,
2021-07-12,5357.92,,
2021-07-13,5400.29,,
2021-07-14,5344.95,,
2021-07-15,5283.75,,
2021-07-16,5303.35,,
2021-07-19,5309.92,,
2021-07-20,5317.21,,
2021-07-21,5412.99,,
2021-07-22,5424.51,,
2021-07-23,5365.85,,
2021-07-26,5377.28,,
2021-07-27,5263.43,,
2021-07-28,5116.74,,
2021-07-29,5282.92,,
2021-07-30,5340.1,,
2021-08-02,5445.21,,
2021-08-03,5453.79,,
2021-08-04,5494.03,,
2021-08-05,5450.05,,
2021-08-06,5488.3,,
2021-08-09,5552.91,,
2021-08-10,5626.67,,
2021-08-11,5706.18,,
2021-08-12,5676.2,,
2021-08-13,5708.66,,
2021-08-16,5679.36,,
2021-08-17,5546.22,,
2021-08-18,5626.31,,
2021-08-19,5563.39,,
2021-08-20,5521.46,,
2021-08-23,5743.8,,
2021-08-24,5779.31,,
2021-08-25,5897.37,,
2021-08-26,5873.96,,
2021-08-27,5833.7,,
2021-08-30,5816.78,,
2021-08-31,5863.77,,
2021-09-01,5813.24,,
2021-09-02,5884.98,,
2021-09-03,5919.47,,
2021-09-06,5946.88,,
2021-09-07,6011.0,,
2021-09-08,6080.04,,
2021-09-09,6120.38,,
2021-09-10,6052.83,,
2021-09-13,6201.38,,
2021-09-14,6177.38,,
2021-09-15,6374.29,,
2021-09-16,6326.85,,
2021-09-17,6307.59,,
2021-09-22,6329.17,,
2021-09-23,6348.32,,
2021-09-24,6204.52,,
2021-09-27,5964.56,,
2021-09-28,6074.3,,
2021-09-29,5812.41,,
2021-09-30,5938.52,,
2021-10-08,6169.52,,
2021-10-11,6128.35,,
2021-10-12,6078.49,,
2021-10-13,6023.8,,
2021-10-14,6003.1,,
2021-10-15,5929.57,,
2021-10-18,5996.6,,
2021-10-19,5992.78,,
2021-10-20,5922.44,,
2021-10-21,5835.68,,
2021-10-22,5773.8,,
2021-10-25,5763.9,,
2021-10-26,5730.42,,
2021-10-27,5576.74,,
2021-10-28,5501.35,,
2021-10-29,5602.2,,
2021-11-01,5643.33,,
2021-11-02,5520.84,,
2021-11-03,5554.22,,
2021-11-04,5597.45,,
2021-11-05,5593.64,,
2021-11-08,5655.56,,
2021-11-09,5670.6,,
2021-11-10,5709.49,,
2021-11-11,5776.77,,
2021-11-12,5816.46,,
2021-11-15,5885.98,,
2021-11-16,5874.85,,
2021-11-17,6013.82,,
2021-11-18,5951.49,,
2021-11-19,6007.09,,
2021-11-22,6005.17,,
2021-11-23,6024.29,,
2021-11-24,6037.5,,
2021-11-25,6025.89,,
2021-11-26,6013.92,,
2021-11-29,6013.06,,
2021-11-30,6124.63,,
2021-12-01,6259.64,,
2021-12-02,6299.2,,
2021-12-03,6311.52,,
2021-12-06,6172.91,,
2021-12-07,6181.72,,
2021-12-08,6193.49,,
2021-12-09,6244.83,,
2021-12-10,6299.82,,
2021-12-13,6290.14,,
2021-12-14,6356.81,,
2021-12-15,6419.46,,
2021-12-16,6575.1,,
2021-12-17,6644.64,,
2021-12-20,6758.77,,
2021-12-21,6902.43,,
2021-12-22,6901.4,,
2021-12-23,6792.96,,
2021-12-24,6754.65,,
2021-12-27,6847.51,,
2021-12-28,6818.77,,
2021-12-29,6866.68,,
2021-12-30,6980.68,,
2021-12-31,6929.98,,
2022-01-04,7077.79,,
2022-01-05,7079.18,,
2022-01-06,7164.91,,
2022-01-07,7050.95,,
2022-01-10,7071.43,,
2022-01-11,7114.94,,
2022-01-12,7252.91,,
2022-01-13,7239.74,,
2022-01-14,7078.41,,
2022-01-17,7168.87,,
2022-01-18,6952.88,,
2022-01-19,7071.62,,
2022-01-20,6822.12,,
2022-01-21,6837.26,,
2022-01-24,6763.08,,
2022-01-25,6521.87,,
2022-01-26,6607.25,,
2022-01-27,6398.78,,
2022-01-28,6618.74,,
2022-02-07,6713.58,,
2022-02-08,6872.97,,
2022-02-09,6962.09,,
2022-02-10,6940.12,,
2022-02-11,6868.75,,
2022-02-14,6938.21,,
2022-02-15,6925.7,,
2022-02-16,7047.47,,
2022-02-17,7000.44,,
2022-02-18,7080.06,,
2022-02-21,7170.75,,
2022-02-22,7059.12,,
2022-02-23,7063.19,,
2022-02-24,6907.75,,
2022-02-25,7024.76,,
2022-02-28,7003.48,,
2022-03-01,7137.73,,
2022-03-02,7228.56,,
2022-03-03,7280.73,,
2022-03-04,7189.27,,
2022-03-07,7158.92,,
2022-03-08,6882.05,,
2022-03-09,6835.84,,
2022-03-10,7012.0,,
2022-03-11,7089.91,,
2022-03-14,6946.94,,
2022-03-15,6653.05,,
2022-03-16,6875.83,,
2022-03-17,6965.56,,
2022-03-18,7125.3,,
2022-03-21,7321.59,,
2022-03-22,7303.79,,
2022-03-23,7304.02,,
2022-03-24,7269.3,,
2022-03-25,7316.79,,
2022-03-28,7362.6,,
2022-03-29,7298.23,,
2022-03-30,7367.04,,
2022-03-31,7390.26,,
2022-04-01,7295.89,,
2022-04-06,7517.86,,
2022-04-07,7381.68,,
2022-04-08,7396.65,,
2022-04-11,7333.4,,
2022-04-12,7514.14,,
2022-04-13,7376.64,,
2022-04-14,7391.65,,
2022-04-15,7188.84,,
2022-04-18,7247.72,,
2022-04-19,7277.9,,
2022-04-20,7276.55,,
2022-04-21,7008.75,,
2022-04-22,7018.89,,
2022-04-25,6550.55,,
2022-04-26,6217.53,,
2022-04-27,6195.86,,
2022-04-28,6026.24,,
2022-04-29,6280.68,,
2022-05-05,6421.96,,
2022-05-06,6461.55,,
2022-05-09,6593.52,,
2022-05-10,6704.46,,
2022-05-11,6669.15,,
2022-05-12,6784.01,,
2022-05-13,6896.13,,
2022-05-16,6937.41,,
2022-05-17,6914.11,,
2022-05-18,7011.0,,
2022-05-19,6950.02,,
2022-05-20,7011.84,,
2022-05-23,7148.92,,
2022-05-24,6856.04,,
2022-05-25,7055.76,,
2022-05-26,7017.02,,
2022-05-27,7065.35,,
2022-05-30,7096.47,,
2022-05-31,7098.57,,
2022-06-01,7138.14,,
2022-06-02,7189.13,,
2022-06-06,7245.35,,
2022-06-07,7186.13,,
2022-06-08,7173.77,,
2022-06-09,7007.81,,
2022-06-10,7111.72,,
2022-06-13,7100.64,,
2022-06-14,7139.98,,
2022-06-15,7134.17,,
2022-06-16,7212.64,,
2022-06-17,7197.03,,
2022-06-20,7301.02,,
2022-06-21,7212.84,,
2022-06-22,7229.89,,
2022-06-23,7393.46,,
2022-06-24,7448.31,,
2022-06-27,7525.51,,
2022-06-28,7617.02,,
2022-06-29,7391.62,,
2022-06-30,7434.04,,
2022-07-01,7424.47,,
2022-07-04,7450.04,,
2022-07-05,7394.51,,
2022-07-06,7378.79,,
2022-07-07,7451.14,,
2022-07-08,7519.16,,
2022-07-11,7462.35,,
2022-07-12,7344.66,,
2022-07-13,7566.09,,
2022-07-14,7616.96,,
2022-07-15,7510.26,,
2022-07-18,7820.5,,
2022-07-19,7952.82,,
2022-07-20,7922.9,,
2022-07-21,7910.13,,
2022-07-22,7927.17,,
2022-07-25,7843.7,,
2022-07-26,7971.65,,
2022-07-27,8057.14,,
2022-07-28,8082.17,,
2022-07-29,8065.74,,
2022-08-01,8068.52,,
2022-08-02,7665.5,,
2022-08-03,7598.52,,
2022-08-04,7771.57,,
2022-08-05,7774.51,,
2022-08-08,7874.76,,
2022-08-09,7879.91,,
2022-08-10,7936.13,,
2022-08-11,8012.82,,
2022-08-12,8106.75,,
2022-08-15,8104.46,,
2022-08-16,8171.02,,
2022-08-17,8192.17,,
2022-08-18,8247.97,,
2022-08-19,8245.24,,
2022-08-22,8360.57,,
2022-08-23,8520.27,,
2022-08-24,8293.98,,
2022-08-25,8174.56,,
2022-08-26,8104.38,,
2022-08-29,8256.6,,
2022-08-30,8282.42,,
2022-08-31,7983.68,,
2022-09-01,8025.33,,
2022-09-02,8237.4,,
2022-09-05,8401.09,,
2022-09-06,8503.5,,
2022-09-07,8495.19,,
2022-09-08,8426.03,,
2022-09-09,8403.69,,
2022-09-13,8362.8,,
2022-09-14,8372.98,,
2022-09-15,8250.38,,
2022-09-16,7950.55,,
2022-09-19,7906.07,,
2022-09-20,8042.97,,
2022-09-21,8125.51,,
2022-09-22,8043.93,,
2022-09-23,7868.92,,
2022-09-26,7673.34,,
2022-09-27,7844.11,,
2022-09-28,7704.67,,
2022-09-29,7552.43,,
2022-09-30,7486.28,,
2022-10-10,7341.46,,
2022-10-11,7386.76,,
2022-10-12,7555.06,,
2022-10-13,7659.0,,
2022-10-14,7798.87,,
2022-10-17,7993.09,,
2022-10-18,7997.06,,
2022-10-19,7954.87,,
2022-10-20,7914.06,,
2022-10-21,7945.73,,
2022-10-24,7810.05,,
2022-10-25,7805.39,,
2022-10-26,7935.08,,
2022-10-27,7902.36,,
2022-10-28,7674.28,,
2022-10-31,7730.46,,
2022-11-01,7916.31,,
2022-11-02,8012.78,,
2022-11-03,8015.51,,
2022-11-04,8112.77,,
2022-11-07,8205.67,,
2022-11-08,8219.57,,
2022-11-09,8238.0,,
2022-11-10,8294.95,,
2022-11-11,8346.32,,
2022-11-14,8341.68,,
2022-11-15,8394.03,,
2022-11-16,8439.5,,
2022-11-17,8500.11,,
2022-11-18,8440.73,,
2022-11-21,8410.95,,
2022-11-22,8339.02,,
2022-11-23,8248.78,,
2022-11-24,8289.42,,
2022-11-25,8306.07,,
2022-11-28,8286.97,,
2022-11-29,8510.48,,
2022-11-30,8559.05,,
2022-12-01,8627.52,,
2022-12-02,8733.96,,
2022-12-05,8801.78,,
2022-12-06,8713.25,,
2022-12-07,8737.33,,
2022-12-08,8745.95,,
2022-12-09,8798.16,,
2022-12-12,8757.27,,
2022-12-13,8783.53,,
2022-12-14,8815.66,,
2022-12-15,8896.08,,
2022-12-16,8705.46,,
2022-12-19,8469.51,,
2022-12-20,8432.24,,
2022-12-21,8386.11,,
2022-12-22,8275.05,,
2022-12-23,8302.79,,
2022-12-26,8428.61,,
2022-12-27,8398.29,,
2022-12-28,8377.91,,
2022-12-29,8317.7,,
2022-12-30,8432.62,,
2023-01-03,8579.52,,
2023-01-04,8652.53,,
2023-01-05,8641.85,,
2023-01-06,8617.0,,
2023-01-09,8695.51,,
2023-01-10,8666.01,,
2023-01-11,8645.08,,
2023-01-12,8668.29,,
2023-01-13,8733.14,,
2023-01-16,8845.83,,
2023-01-17,8877.11,,
2023-01-18,9022.99,,
2023-01-19,9097.03,,
2023-01-20,9063.3,,
2023-01-30,9319.52,,
2023-01-31,9311.56,,
2023-02-01,9470.38,,
2023-02-02,9536.59,,
2023-02-03,9546.96,,
2023-02-06,9575.89,,
2023-02-07,9688.25,,
2023-02-08,9685.88,,
2023-02-09,9697.42,,
2023-02-10,9747.3,,
2023-02-13,9840.9,,
2023-02-14,9823.9,,
2023-02-15,9831.78,,
2023-02-16,9610.8,,
2023-02-17,9600.31,,
2023-02-20,9698.31,,
2023-02-21,9695.16,,
2023-02-22,9735.41,,
2023-02-23,9726.75,,
2023-02-24,9680.73,,
2023-02-27,9569.16,,
2023-02-28,9689.28,,
2023-03-01,9761.72,,
2023-03-02,9784.95,,
2023-03-03,9794.29,,
2023-03-06,9713.93,,
2023-03-07,9486.19,,
2023-03-08,9576.31,,
2023-03-09,9620.53,,
2023-03-10,9415.16,,
2023-03-13,9387.82,,
2023-03-14,9187.45,,
2023-03-15,9368.01,,
2023-03-16,9217.72,,
2023-03-17,9250.19,,
2023-03-20,9270.29,,
2023-03-21,9426.96,,
2023-03-22,9520.3,,
2023-03-23,9488.52,,
2023-03-24,9450.38,,
2023-03-27,9358.66,,
2023-03-28,9289.15,,
2023-03-29,9185.47,,
2023-03-30,9071.97,,
2023-03-31,9160.0,,
2023-04-03,9216.62,,
2023-04-04,9036.06,,
2023-04-06,8970.25,,
2023-04-07,9040.26,,
2023-04-10,8870.09,,
2023-04-11,8899.24,,
2023-04-12,8984.33,,
2023-04-13,9009.3,,
2023-04-14,9023.89,,
2023-04-17,9040.35,,
2023-04-18,8931.06,,
2023-04-19,8864.46,,
2023-04-20,8777.3,,
2023-04-21,8567.28,,
2023-04-24,8560.83,,
2023-04-25,8398.78,,
2023-04-26,8567.36,,
2023-04-27,8604.58,,
2023-04-28,8795.52,,
2023-05-04,8943.32,,
2023-05-05,8900.94,,
2023-05-08,8899.43,,
2023-05-09,8755.27,,
2023-05-10,8816.28,,
2023-05-11,8899.48,,
2023-05-12,8828.35,,
2023-05-15,8873.41,,
2023-05-16,8788.84,,
2023-05-17,8924.12,,
2023-05-18,9030.12,,
2023-05-19,8995.13,,
2023-05-22,9064.68,,
2023-05-23,8998.75,,
2023-05-24,9038.72,,
2023-05-25,9005.45,,
2023-05-26,9080.0,,
2023-05-29,8982.14,,
2023-05-30,9015.24,,
2023-05-31,9025.84,,
2023-06-01,9008.52,,
2023-06-02,9167.31,,
2023-06-05,9254.89,,
2023-06-06,9093.48,,
2023-06-07,9158.47,,
2023-06-08,9167.17,,
2023-06-09,9218.03,,
2023-06-12,9378.61,,
2023-06-13,9383.21,,
2023-06-14,9457.26,,
2023-06-15,9378.41,,
2023-06-16,9409.5,,
2023-06-19,9377.57,,
2023-06-20,9266.08,,
2023-06-21,9137.86,,
2023-06-26,9026.03,,
2023-06-27,9337.52,,
2023-06-28,9447.43,,
2023-06-29,9620.39,,
2023-06-30,9819.34,,
2023-07-03,9886.83,,
2023-07-04,9984.39,,
2023-07-05,10032.55,,
2023-07-06,10113.72,,
2023-07-07,10133.49,,
2023-07-10,10156.36,,
2023-07-11,10229.76,,
2023-07-12,10213.82,,
2023-07-13,10304.33,,
2023-07-14,10194.66,,
2023-07-17,10136.87,,
2023-07-18,10163.59,,
2023-07-19,10192.14,,
2023-07-20,10137.88,,
2023-07-21,10183.53,,
2023-07-24,10197.23,,
2023-07-25,10370.02,,
2023-07-26,10361.15,,
2023-07-27,10315.89,,
2023-07-28,10406.54,,
2023-07-31,10509.95,,
2023-08-01,10558.68,,
2023-08-02,10560.6,,
2023-08-03,10553.17,,
2023-08-04,10482.52,,
2023-08-07,10379.02,,
2023-08-08,10377.04,,
2023-08-09,10225.48,,
2023-08-10,10267.19,,
2023-08-11,10137.0,,
2023-08-14,10226.54,,
2023-08-15,10251.42,,
2023-08-16,10201.77,,
2023-08-17,10370.43,,
2023-08-18,10240.61,,
2023-08-21,10234.84,,
2023-08-22,10135.63,,
2023-08-23,10075.23,,
2023-08-24,10008.84,,
2023-08-25,9868.76,,
2023-08-28,10039.2,,
2023-08-29,10419.28,,
2023-08-30,10461.88,,
2023-08-31,10370.81,,
2023-09-01,10508.75,,
2023-09-04,10673.17,,
2023-09-05,10577.87,,
2023-09-06,10651.33,,
2023-09-07,10473.94,,
2023-09-08,10355.55,,
2023-09-11,10334.09,,
2023-09-12,10300.03,,
2023-09-13,10216.9,,
2023-09-14,10169.69,,
2023-09-15,10167.7,,
2023-09-18,10405.87,,
2023-09-19,10299.07,,
2023-09-20,10285.78,,
2023-09-21,10197.85,,
2023-09-22,10343.21,,
2023-09-25,10303.43,,
2023-09-26,10305.18,,
2023-09-27,10349.3,,
2023-09-28,10491.31,,
2023-10-09,10333.46,,
2023-10-10,10277.43,,
2023-10-11,10270.17,,
2023-10-12,10402.26,,
2023-10-13,10257.59,,
2023-10-16,10301.06,,
2023-10-17,10323.37,,
2023-10-18,10165.3,,
2023-10-19,10080.53,,
2023-10-20,10127.43,,
2023-10-23,9935.13,,
2023-10-24,10378.76,,
2023-10-25,10578.32,,
2023-10-26,10666.7,,
2023-10-27,10900.4,,
2023-10-30,11024.96,,
2023-10-31,10962.25,,
2023-11-01,11060.06,,
2023-11-02,10957.8,,
2023-11-03,10982.24,,
2023-11-06,11108.82,,
2023-11-07,11227.51,,
2023-11-08,11271.28,,
2023-11-09,11300.57,,
2023-11-10,11460.08,,
2023-11-13,11596.92,,
2023-11-14,11587.21,,
2023-11-15,11689.13,,
2023-11-16,11589.78,,
2023-11-17,11674.59,,
2023-11-20,11782.71,,
2023-11-21,11647.07,,
2023-11-22,11610.14,,
2023-11-23,11778.4,,
2023-11-24,11762.85,,
2023-11-27,11828.81,,
2023-11-28,12045.8,,
2023-11-29,12045.32,,
2023-11-30,12070.69,,
2023-12-01,12105.24,,
2023-12-04,12166.41,,
2023-12-05,12036.82,,
2023-12-06,12209.32,,
2023-12-07,12151.85,,
2023-12-08,11752.1,,
2023-12-11,11921.37,,
2023-12-12,12066.71,,
2023-12-13,12034.26,,
2023-12-14,12128.74,,
2023-12-15,12128.76,,
2023-12-18,11982.74,,
2023-12-19,11985.92,,
2023-12-20,11969.15,,
2023-12-21,12118.62,,
2023-12-22,11883.87,,
2023-12-25,11746.98,,
2023-12-26,11786.12,,
2023-12-27,11809.71,,
2023-12-28,11932.41,,
2023-12-29,12031.97,,
2024-01-02,12226.96,,
2024-01-03,12247.37,,
2024-01-04,12272.78,,
2024-01-05,12096.66,,
2024-01-08,11919.18,,
2024-01-09,12055.72,,
2024-01-10,12009.3,,
2024-01-11,12089.04,,
2024-01-12,12013.85,,
2024-01-15,12073.17,,
2024-01-16,11985.62,,
2024-01-17,11798.09,,
2024-01-18,11577.38,,
2024-01-19,11310.99,,
2024-01-22,10571.77,,
2024-01-23,10372.79,,
2024-01-24,10649.73,,
2024-01-25,11180.79,,
2024-01-26,11260.89,,
2024-01-29,10792.78,,
2024-01-30,10342.03,,
2024-01-31,9670.13,,
2024-02-01,9338.0,,
2024-02-02,8821.47,,
2024-02-05,7817.54,,
2024-02-06,7595.59,,
2024-02-07,7128.9,,
2024-02-08,7756.74,,
2024-02-19,8151.1,,
2024-02-20,8401.11,,
2024-02-21,8760.79,,
2024-02-22,9059.13,,
2024-02-23,9477.18,,
2024-02-26,9710.21,,
2024-02-27,9895.2,,
2024-02-28,9024.8,,
2024-02-29,9391.85,,
2024-03-01,9496.07,,
2024-03-04,9545.48,,
2024-03-05,9337.61,,
2024-03-06,9472.15,,
2024-03-07,9431.6,,
2024-03-08,9472.75,,
2024-03-11,9679.15,,
2024-03-12,9900.68,,
2024-03-13,9933.55,,
2024-03-14,9913.17,,
2024-03-15,10080.17,,
2024-03-18,10313.92,,
2024-03-19,10325.48,,
2024-03-20,10437.5,,
2024-03-21,10512.53,,
2024-03-22,10338.79,,
2024-03-25,10095.56,,
2024-03-26,10219.08,,
2024-03-27,10001.95,,
2024-03-28,10223.04,,
2024-03-29,10436.44,,
2024-04-01,10787.05,,
2024-04-02,10962.52,,
2024-04-03,10941.22,,
2024-04-08,10535.47,,
2024-04-09,10777.74,,
2024-04-10,10505.09,,
2024-04-11,10523.29,,
2024-04-12,10488.31,,
2024-04-15,9761.23,,
2024-04-16,8824.03,,
2024-04-17,9490.09,,
2024-04-18,9495.38,,
2024-04-19,9448.92,,
2024-04-22,9344.26,,
2024-04-23,9475.77,,
2024-04-24,9757.11,,
2024-04-25,9852.54,,
2024-04-26,9941.28,,
2024-04-29,10282.86,,
2024-04-30,10240.1,,
2024-05-06,10521.86,,
2024-05-07,10680.53,,
2024-05-08,10608.05,,
2024-05-09,10758.81,,
2024-05-10,10593.77,,
2024-05-13,10395.05,,
2024-05-14,10482.71,,
2024-05-15,10415.41,,
2024-05-16,10547.02,,
2024-05-17,10649.01,,
2024-05-20,10636.7,,
2024-05-21,10482.5,,
2024-05-22,10548.88,,
2024-05-23,10296.77,,
2024-05-24,10222.61,,
2024-05-27,10366.81,,
2024-05-28,10305.45,,
2024-05-29,10466.6,,
2024-05-30,10353.2,,
2024-05-31,10323.73,,
2024-06-03,10039.81,,
2024-06-04,9827.67,,
2024-06-05,9556.93,,
2024-06-06,8997.67,,
2024-06-07,9313.55,,
2024-06-11,9295.33,,
2024-06-12,9476.25,,
2024-06-13,9353.59,,
2024-06-14,9379.72,,
2024-06-17,9231.04,,
2024-06-18,9482.04,,
2024-06-19,9569.56,,
2024-06-20,9253.06,,
2024-06-21,9211.61,,
2024-06-24,8815.42,,
2024-06-25,8976.69,,
2024-06-26,9263.41,,
2024-06-27,9154.63,,
2024-06-28,9167.88,,
2024-07-01,9272.55,,
2024-07-02,9427.76,,
2024-07-03,9352.66,,
2024-07-04,9068.79,,
2024-07-05,9189.11,,
2024-07-08,8873.45,,
2024-07-09,9001.1,,
2024-07-10,8878.46,,
2024-07-11,9230.67,,
2024-07-12,9224.99,,
2024-07-15,9004.89,,
2024-07-16,8972.55,,
2024-07-17,8836.24,,
2024-07-18,8782.16,,
2024-07-19,8816.0,,
2024-07-22,8914.01,,
2024-07-23,8827.64,,
2024-07-24,8728.92,,
2024-07-25,8795.55,,
2024-07-26,8954.92,,
2024-07-29,9030.59,,
2024-07-30,9064.67,,
2024-07-31,9360.68,,
2024-08-01,9415.58,,
2024-08-02,9406.8,,
2024-08-05,9349.49,,
2024-08-06,9593.76,,
2024-08-07,9525.65,,
2024-08-08,9466.97,,
2024-08-09,9276.48,,
2024-08-12,9242.79,,
2024-08-13,9244.0,,
2024-08-14,9191.19,,
2024-08-15,9326.7,,
2024-08-16,9231.73,,
2024-08-19,9179.49,,
2024-08-20,9095.96,,
2024-08-21,9046.01,,
2024-08-22,8845.5,,
2024-08-23,8704.52,,
2024-08-26,8891.39,,
2024-08-27,8738.93,,
2024-08-28,8834.24,,
2024-08-29,8979.01,,
2024-08-30,9205.78,,
2024-09-02,9178.54,,
2024-09-03,9264.77,,
2024-09-04,9215.11,,
2024-09-05,9280.41,,
2024-09-06,9084.15,,
2024-09-09,9132.26,,
2024-09-10,9195.13,,
2024-09-11,9111.21,,
2024-09-12,9101.99,,
2024-09-13,8972.21,,
2024-09-18,8936.59,,
2024-09-19,9215.04,,
2024-09-20,9197.7,,
2024-09-23,9179.6,,
2024-09-24,9418.61,,
2024-09-25,9554.75,,
2024-09-26,9826.47,,
2024-09-27,10192.48,,
2024-09-30,11153.06,,
2024-10-08,11896.76,,
2024-10-09,11104.16,,
2024-10-10,11418.6,,
2024-10-11,11119.78,,
2024-10-14,11507.44,,
2024-10-15,11566.84,,
2024-10-16,11581.97,,
2024-10-17,11504.5,,
2024-10-18,11737.08,,
2024-10-21,12019.13,,
2024-10-22,12298.02,,
2024-10-23,12504.6,,
2024-10-24,12594.95,,
2024-10-25,12925.21,,
2024-10-28,13536.92,,
2024-10-29,13328.19,,
2024-10-30,13596.24,,
2024-10-31,14047.11,,
2024-11-01,13515.09,,
2024-11-04,13756.42,,
2024-11-05,14022.86,,
2024-11-06,14175.97,,
2024-11-07,14692.8,,
2024-11-08,14738.2,,
2024-11-11,15028.97,,
2024-11-12,14811.15,,
2024-11-13,14975.53,,
2024-11-14,14556.26,,
2024-11-15,14538.81,,
2024-11-18,14278.46,,
2024-11-19,14785.06,,
2024-11-20,15295.75,,
2024-11-21,15388.78,,
2024-11-22,14939.56,,
2024-11-25,15325.4,,
2024-11-26,14936.47,,
2024-11-27,15147.3,,
2024-11-28,15191.86,,
2024-11-29,15477.59,,
2024-12-02,15841.57,,
2024-12-03,15961.57,,
2024-12-04,15735.78,,
2024-12-05,15981.78,,
2024-12-06,16049.14,,
2024-12-09,16372.65,,
2024-12-10,16302.92,,
2024-12-11,16522.48,,
2024-12-12,16829.63,,
2024-12-13,16632.11,,
2024-12-16,16710.03,,
2024-12-17,15857.26,,
2024-12-18,15893.28,,
2024-12-19,15800.75,,
2024-12-20,15881.83,,
2024-12-23,14790.32,,
2024-12-24,14759.7,,
2024-12-25,14299.02,,
2024-12-26,14542.97,,
2024-12-27,14902.53,,
2024-12-30,14611.13,,
2024-12-31,14422.73,,
2025-01-02,14345.57,,
2025-01-03,13763.77,,
2025-01-06,13725.76,,
2025-01-07,14045.38,,
2025-01-08,14019.16,,
2025-01-09,14177.45,,
2025-01-10,13758.29,,
2025-01-13,13879.35,,
2025-01-14,14544.02,,
2025-01-15,14675.16,,
2025-01-16,14878.03,,
2025-01-17,14697.2,,
2025-01-20,14800.09,,
2025-01-21,14619.94,,
2025-01-22,14383.63,,
2025-01-23,14492.21,,
2025-01-24,14614.74,,
2025-01-27,14565.62,,
2025-02-05,14613.74,,
2025-02-06,14749.28,,
2025-02-07,14862.57,,
2025-02-10,15120.62,,
2025-02-11,15074.58,,
2025-02-12,15105.71,,
2025-02-13,14911.03,,
2025-02-14,14853.67,,
2025-02-17,15181.39,,
2025-02-18,14790.57,,
2025-02-19,14991.42,,
2025-02-20,15120.67,,
2025-02-21,14967.59,,
2025-02-24,15172.89,,
2025-02-25,15057.06,,
2025-02-26,15368.17,,
2025-02-27,15304.51,,
2025-02-28,14985.87,,
2025-03-03,15227.17,,
2025-03-04,15358.3,,
2025-03-05,15188.76,,
2025-03-06,15399.55,,
2025-03-07,15323.35,,
2025-03-10,15521.57,,
2025-03-11,15680.08,,
2025-03-12,15713.81,,
2025-03-13,15679.17,,
2025-03-14,16045.01,,
2025-03-17,16227.31,,
2025-03-18,16368.33,,
2025-03-19,16430.39,,
2025-03-20,16608.79,,
2025-03-21,16463.66,,
2025-03-24,16001.4,,
2025-03-25,16303.39,,
2025-03-26,16631.25,,
2025-03-27,16499.24,,
2025-03-28,15865.47,,
2025-03-31,15433.89,,
2025-04-01,15684.78,,
2025-04-02,15779.74,,
2025-04-03,15876.93,,
2025-04-07,14066.32,,
2025-04-08,13909.25,,
2025-04-09,14241.07,,
2025-04-10,14758.41,,
2025-04-11,14810.51,,
2025-04-14,15221.02,,
2025-04-15,15287.92,,
2025-04-16,15164.11,,
2025-04-17,15597.51,,
2025-04-18,15428.48,,
2025-04-21,15625.46,,
2025-04-22,15866.31,,
2025-04-23,15839.65,,
2025-04-24,15892.97,,
2025-04-25,15946.76,,
2025-04-28,15669.07,,
2025-04-29,15838.06,,
2025-04-30,15796.32,,
2025-05-06,16271.23,,
2025-05-07,16480.61,,
2025-05-08,16663.44,,
2025-05-09,16558.58,,
2025-05-12,16749.8,,
2025-05-13,16767.57,,
2025-05-14,16881.53,,
2025-05-15,16940.51,,
2025-05-16,16930.67,,
2025-05-19,17219.1,,
2025-05-20,17509.74,,
2025-05-21,17539.87,,
2025-05-22,17228.74,,
2025-05-23,17164.59,,
2025-05-26,17466.75,,
2025-05-27,17626.51,,
2025-05-28,17614.2,,
2025-05-29,17833.09,,
2025-05-30,17518.31,,
2025-06-03,17634.6,,
2025-06-04,17891.99,,
2025-06-05,17768.0,,
2025-06-06,18051.01,,
2025-06-09,18240.76,,
2025-06-10,18194.02,,
2025-06-11,18366.37,,
2025-06-12,18365.85,,
2025-06-13,18171.12,,
2025-06-16,18266.75,,
2025-06-17,18123.27,,
2025-06-18,17891.65,,
2025-06-19,17456.8,,
2025-06-20,17405.49,,
2025-06-23,17847.8,,
2025-06-24,18238.51,,
2025-06-25,18369.17,,
2025-06-26,18305.91,,
2025-06-27,18450.58,,
2025-06-30,18640.04,,
2025-07-01,18700.87,,
2025-07-02,18898.81,,
2025-07-03,19025.36,,
2025-07-04,18789.11,,
2025-07-07,19199.67,,
2025-07-08,19406.55,,
2025-07-09,19359.26,,
2025-07-10,19618.05,,
2025-07-11,19575.13,,
2025-07-14,19781.88,,
2025-07-15,19462.43,,
2025-07-16,19456.42,,
2025-07-17,19379.32,,
2025-07-18,19411.8,,
2025-07-21,19740.92,,
2025-07-22,19688.28,,
2025-07-23,19552.18,,
2025-07-24,19845.57,,
2025-07-25,19867.36,,
2025-07-28,20015.83,,
2025-07-29,19982.65,,
2025-07-30,20041.53,,
2025-07-31,19726.82,,
2025-08-01,19929.09,,
2025-08-04,20213.74,,
2025-08-05,20467.94,,
2025-08-06,20623.73,,
2025-08-07,20561.88,,
2025-08-08,20772.77,,
2025-08-11,21142.74,,
2025-08-12,21103.03,,
2025-08-13,21087.0,,
2025-08-14,20696.61,,
2025-08-15,21018.55,,
2025-08-18,21117.46,,
2025-08-19,21560.45,,
2025-08-20,21815.8,,
2025-08-21,21807.85,,
2025-08-22,21651.84,,
2025-08-25,21677.96,,
2025-08-26,21911.17,,
2025-08-27,21213.71,,
2025-08-28,21156.03,,
2025-08-29,20962.38,,
2025-09-01,21020.73,,
2025-09-02,20871.32,,
2025-09-03,20348.32,,
2025-09-04,20603.68,,
2025-09-05,20886.65,,
2025-09-08,21368.21,,
2025-09-09,21326.18,,
2025-09-10,21453.08,,
2025-09-11,21503.93,,
2025-09-12,21769.18,,
2025-09-15,21554.38,,
2025-09-16,21777.55,,
2025-09-17,21672.23,,
2025-09-18,21186.79,,
2025-09-19,21085.31,,
2025-09-22,20880.12,,
2025-09-23,20472.1,,
2025-09-24,20838.53,,
2025-09-25,20558.17,,
2025-09-26,20729.46,,
2025-09-29,20996.93,,
2025-09-30,21069.07,,
2025-10-09,20971.4,,
2025-10-10,21207.93,,
2025-10-13,21197.05,,
2025-10-14,21235.38,,
2025-10-15,21369.82,,
2025-10-16,21231.63,,
2025-10-17,21135.9,,
2025-10-20,21565.87,,
2025-10-21,21951.72,,
2025-10-22,22102.98,,
2025-10-23,22527.53,,
2025-10-24,22534.24,,
2025-10-27,22812.05,,
2025-10-28,22908.39,,
2025-10-29,22624.11,,
2025-10-30,22285.33,,
2025-10-31,22598.33,,
2025-11-03,22986.65,,
2025-11-04,22999.22,,
2025-11-05,23334.38,,
2025-11-06,23494.29,,
2025-11-07,23866.56,,
2025-11-10,24292.14,,
2025-11-11,24649.75,,
2025-11-12,24450.96,,
2025-11-13,24903.03,,
2025-11-14,24860.34,,
2025-11-17,25235.41,,
2025-11-18,24668.12,,
2025-11-19,24316.55,,
2025-11-20,24030.6,,
2025-11-21,22918.19,,
2025-11-24,23114.99,,
2025-11-25,23775.61,,
2025-11-26,23725.54,,
2025-11-27,24212.84,,
2025-11-28,24580.37,,
2025-12-01,24815.38,,
2025-12-02,24864.18,,
2025-12-03,24648.74,,
2025-12-04,24477.85,,
2025-12-05,24859.21,,
2025-12-08,25026.12,,
2025-12-09,24856.18,,
2025-12-10,24710.06,,
2025-12-11,23998.66,,
2025-12-12,23576.25,,
2025-12-15,23920.37,,
2025-12-16,23469.43,,
2025-12-17,23442.16,,
2025-12-18,23723.6,,
2025-12-19,24324.6,,
2025-12-22,24352.68,,
2025-12-23,24264.73,,
2025-12-24,24605.03,,
2025-12-25,24911.71,,
2025-12-26,24735.04,,
2025-12-29,24748.07,,
2025-12-30,24434.82,,
2025-12-31,24590.38,,
2026-01-05,24991.14,,
2026-01-06,25072.12,,
2026-01-07,24876.35,,
2026-01-08,25237.39,,
2026-01-09,25420.55,,
2026-01-12,25582.79,,
2026-01-13,25582.1,,
2026-01-14,25615.71,,
2026-01-15,25723.68,,
2026-01-16,25688.89,,
2026-01-19,26205.48,,
2026-01-20,26370.34,,
2026-01-21,26547.64,,
2026-01-22,26887.74,,
2026-01-23,27021.21,,
2026-01-26,26931.57,,
2026-01-27,26773.9,,
2026-01-28,26396.95,,
2026-01-29,26397.91,,
2026-01-30,26837.09,,
2026-02-02,26388.05,,
2026-02-03,26719.06,,
2026-02-04,27025.94,,
2026-02-05,26977.69,,
2026-02-06,27152.01,,
2026-02-09,27522.36,,
2026-02-10,27563.78,,
2026-02-11,27522.19,,
2026-02-12,27084.35,,
2026-02-13,27117.98,,
2026-02-24,27751.25,,
2026-02-25,27862.26,,
2026-02-26,27715.65,,
2026-02-27,27860.56,,
2026-03-02,26908.47,,
2026-03-03,26375.84,,
2026-03-04,25975.94,,
2026-03-05,26237.54,,
2026-03-06,27203.88,,
2026-03-09,26861.24,,
2026-03-10,27389.15,,
2026-03-11,27236.71,,
2026-03-12,26875.72,,
2026-03-13,27045.79,,
2026-03-16,27021.39,,
2026-03-17,26464.9,,
2026-03-18,26701.91,,
2026-03-19,25898.48,,
2026-03-20,24870.1,,
2026-03-23,23183.28,,
2026-03-24,24397.54,,
2026-03-25,24996.26,,
2026-03-26,24770.08,,
2026-03-27,25279.63,,
2026-03-30,25619.96,,
2026-03-31,25234.77,,
2026-04-01,25532.65,,
2026-04-02,25075.54,,
2026-04-03,24108.55,,
2026-04-07,24938.71,,
2026-04-08,25590.97,,
2026-04-09,25042.26,,
2026-04-10,25278.7,,
2026-04-13,25214.09,,
2026-04-14,25273.2,,
2026-04-15,24940.42,,
2026-04-16,25395.95,,
2026-04-17,25175.56,,
2026-04-20,25503.73,,
2026-04-21,25459.58,,
2026-04-22,25495.11,,
2026-04-23,25172.61,,
2026-04-24,25606.27,,
2026-04-27,25949.23,,
2026-04-28,25842.18,,
2026-04-29,26092.43,,
2026-04-30,26343.19,,
2026-05-06,26319.6,,
2026-05-07,26198.35,,
2026-05-08,26484.63,,
2026-05-11,26587.54,,
2026-05-12,26107.73,,
2026-05-13,26159.42,,
2026-05-14,25930.67,,
2026-05-15,25833.4,,
2026-05-18,25851.74,,
2026-05-19,25831.87,,
2026-05-20,25448.26,,
2026-05-21,24395.02,,
2026-05-22,24983.41,,
2026-05-25,24523.6,,
2026-05-26,23971.83,,
2026-05-27,23373.35,,
2026-05-28,23508.25,,
2026-05-29,23111.64,,
2026-06-01,23950.31,,
2026-06-02,23260.71,,
2026-06-03,23017.38,,
2026-06-04,22582.91,,
2026-06-05,22903.65,,
2026-06-08,22243.43,,
2026-06-09,22314.16,,
2026-06-10,22243.32,,
2026-06-11,22036.59,,
2026-06-12,22259.81,,
2026-06-15,22198.62,,
2026-06-16,22140.2,,
2026-06-17,21695.61,,
2026-06-18,21481.64,,
2026-06-22,21666.23,,
2026-06-23,21939.98,,
2026-06-24,21084.17,,
2026-06-25,20602.8,,
2026-06-26,20110.21,,
2026-06-29,20097.89,,
2026-06-30,19837.01,,
2026-07-01,20414.89,,
2026-07-02,20455.32,,
2026-07-03,20967.19,,
2026-07-06,20779.64,,
2026-07-07,20170.17,,
2026-07-08,19947.2,,
2026-07-09,19769.51,,
2026-07-10,20163.68,,
2026-07-13,19597.68,,
2026-07-14,20153.07,,
2026-07-15,20400.55,,
2026-07-16,20605.92,,
2026-07-17,19927.46,,
2026-07-20,19405.15,,
2026-07-21,19001.04,,
2026-07-22,18676.1,,
2026-07-23,19387.32,,
2026-07-24,18874.17,,
2026-07-27,19413.14,,
2026-07-28,19641.83,,
2026-07-29,20066.96,,
2026-07-30,20026.57,,
2026-07-31,20382.19,,
2026-08-03,21063.21,,
2026-08-04,21073.79,,
2026-08-05,21082.71,,
2026-08-06,21306.6,,
2026-08-07,21245.2,,
2026-08-10,22063.57,,
2026-08-11,22001.76,,
2026-08-12,22263.22,,
2026-08-13,21944.63,,
2026-08-14,21915.85,,
2026-08-17,22232.24,,
2026-08-18,22295.38,,
2026-08-19,21735.72,,
2026-08-20,22148.03,,
2026-08-21,22055.14,,
2026-08-24,21912.35,,
2026-08-25,22543.34,,
2026-08-26,22578.97,,
2026-08-27,22433.68,,
2026-08-28,22832.1,,
2026-08-31,23000.64,,
2026-09-01,23185.78,,
2026-09-02,23198.17,,
2026-09-03,22755.72,,
2026-09-04,22887.48,,
2026-09-07,23018.52,,
2026-09-08,23434.15,,
2026-09-09,23314.56,,
2026-09-10,22882.28,,
2026-09-11,22272.14,,
