date,bank_shares,chip_shares,bank_value,chip_value,cash,total_value
2022-09-30,7100.0,5200.0,7685.75,5187.52,104.43,12977.7
2022-10-10,7100.0,5200.0,7582.09,5187.52,104.43,12874.04
2022-10-11,7100.0,5200.0,7557.95,5187.52,104.43,12849.9
2022-10-12,7100.0,5200.0,7591.32,5187.52,104.43,12883.27
2022-10-13,7100.0,5200.0,7474.88,5187.52,104.43,12766.83
2022-10-14,7100.0,5200.0,7550.139999999999,5189.08,104.43,12843.649999999998
2022-10-17,7100.0,5200.0,7540.200000000001,5189.08,104.43,12833.71
2022-10-18,7100.0,5200.0,7530.26,5189.08,104.43,12823.77
2022-10-19,7100.0,5200.0,7445.0599999999995,5174.5199999999995,104.43,12724.009999999998
2022-10-20,7100.0,5200.0,7425.18,5174.5199999999995,104.43,12704.13
2022-10-21,7100.0,5200.0,7393.9400000000005,5340.4,104.43,12838.77
2022-10-24,7100.0,5200.0,7193.720000000001,5340.4,104.43,12638.55
2022-10-25,7100.0,5200.0,7180.9400000000005,5366.92,104.43,12652.29
2022-10-26,7100.0,5200.0,7115.62,5530.2,104.43,12750.25
2022-10-27,7100.0,5200.0,7099.29,5586.88,104.43,12790.599999999999
2022-10-28,7100.0,5200.0,7053.85,5547.88,104.43,12706.16
2022-10-31,7100.0,5200.0,6965.8099999999995,5676.839999999999,104.43,12747.079999999998
2022-11-01,7100.0,5200.0,7081.54,5679.96,104.43,12865.93
2022-11-02,7100.0,5200.0,7077.99,5761.080000000001,104.43,12943.5
2022-11-03,7100.0,5200.0,7018.35,5996.64,104.43,13119.42
2022-11-04,7100.0,5200.0,7153.25,6008.08,104.43,13265.759999999998
2022-11-07,7100.0,5200.0,7149.699999999999,5876.52,104.43,13130.649999999998
2022-11-08,7100.0,5200.0,7144.73,5788.12,104.43,13037.279999999999
2022-11-09,7100.0,5200.0,7147.57,5767.84,104.43,13019.84
2022-11-10,7100.0,5200.0,7161.7699999999995,5612.36,104.43,12878.559999999998
2022-11-11,7100.0,5200.0,7401.75,5685.16,104.43,13191.34
2022-11-14,7100.0,5200.0,7551.56,5704.4,104.43,13360.39
2022-11-15,7100.0,5200.0,7572.15,6054.88,104.43,13731.46
2022-11-16,7100.0,5200.0,7524.580000000001,5963.88,104.43,13592.89
2022-11-17,7100.0,5200.0,7473.46,6127.679999999999,104.43,13705.57
2022-11-18,7100.0,5200.0,7429.44,5962.84,104.43,13496.71
2022-11-21,7100.0,5200.0,7407.429999999999,5930.080000000001,104.43,13441.939999999999
2022-11-22,7100.0,5200.0,7540.200000000001,5899.400000000001,104.43,13544.03
2022-11-23,7100.0,5200.0,7567.89,5875.999999999999,104.43,13548.32
2022-11-24,7100.0,5200.0,7552.9800000000005,5828.68,104.43,13486.09
2022-11-25,7100.0,5200.0,7728.35,5738.719999999999,104.43,13571.5
2022-11-28,7100.0,5200.0,7589.19,5654.48,104.43,13348.099999999999
2022-11-29,7100.0,5200.0,7932.12,5733.0,104.43,13769.55
2022-11-30,7100.0,5200.0,7893.07,5678.400000000001,104.43,13675.9
2022-12-01,7100.0,5200.0,7849.049999999999,5753.280000000001,104.43,13706.759999999998
2022-12-02,7100.0,5200.0,7792.249999999999,5726.759999999999,104.43,13623.439999999999
2022-12-05,7100.0,5200.0,8004.54,5750.16,104.43,13859.13
2022-12-06,7100.0,5200.0,7993.179999999999,5880.68,104.43,13978.289999999999
2022-12-07,7100.0,5200.0,7906.5599999999995,5843.24,104.43,13854.23
2022-12-08,7100.0,5200.0,7970.46,5764.72,104.43,13839.61
2022-12-09,7100.0,5200.0,8056.37,5843.759999999999,104.43,14004.559999999998
2022-12-12,7100.0,5200.0,7898.04,5945.68,104.43,13948.15
2022-12-13,7100.0,5200.0,7959.8099999999995,5845.84,104.43,13910.079999999998
2022-12-14,7100.0,5200.0,7989.63,5822.44,104.43,13916.5
2022-12-15,7100.0,5200.0,7894.490000000001,5866.64,104.43,13865.560000000001
2022-12-16,7100.0,5200.0,7988.21,5751.200000000001,104.43,13843.84
2022-12-19,7100.0,5200.0,7857.57,5596.24,104.43,13558.239999999998
2022-12-20,7100.0,5200.0,7746.8099999999995,5570.759999999999,104.43,13421.999999999998
2022-12-21,7100.0,5200.0,7785.860000000001,5489.120000000001,104.43,13379.41
2022-12-22,7100.0,5200.0,7812.84,5421.0,104.43,13338.27
2022-12-23,7100.0,5200.0,7782.31,5296.2,104.43,13182.939999999999
2022-12-26,7100.0,5200.0,7744.68,5412.679999999999,104.43,13261.789999999999
2022-12-27,7100.0,5200.0,7878.16,5478.200000000001,104.43,13460.79
2022-12-28,7100.0,5200.0,7954.84,5385.64,104.43,13444.91
2022-12-29,7100.0,5200.0,7911.530000000001,5386.16,104.43,13402.119999999999
2022-12-30,7100.0,5200.0,7960.5199999999995,5334.68,104.43,13399.63
2022-12-31,7100.0,5200.0,7959.8099999999995,5334.16,104.43,13398.399999999998
2023-01-03,7100.0,5200.0,7997.4400000000005,5453.76,104.43,13555.630000000001
2023-01-04,7100.0,5200.0,8154.35,5416.320000000001,104.43,13675.099999999999
2023-01-05,7100.0,5200.0,8145.12,5473.5199999999995,104.43,13723.07
2023-01-06,7100.0,5200.0,8131.63,5452.72,104.43,13688.779999999999
2023-01-09,7100.0,5200.0,8146.54,5471.96,104.43,13722.93
2023-01-10,7100.0,5200.0,8058.5,5523.4400000000005,104.43,13686.369999999999
2023-01-11,7100.0,5200.0,8132.34,5456.36,104.43,13693.130000000001
2023-01-12,7100.0,5200.0,8134.469999999999,5430.88,104.43,13669.779999999999
2023-01-13,7100.0,5200.0,8221.09,5422.04,104.43,13747.560000000001
2023-01-16,7100.0,5200.0,8239.550000000001,5579.599999999999,104.43,13923.579999999998
2023-01-17,7100.0,5200.0,8236.71,5751.200000000001,104.43,14092.34
2023-01-18,7100.0,5200.0,8240.970000000001,5733.0,104.43,14078.400000000001
2023-01-19,7100.0,5200.0,8245.23,5891.6,104.43,14241.26
2023-01-20,7100.0,5200.0,8260.85,5884.32,104.43,14249.599999999999
2023-01-30,7100.0,5200.0,8284.99,5831.799999999999,104.43,14221.219999999998
2023-01-31,7100.0,5200.0,8205.47,5674.24,104.43,13984.139999999998
2023-02-01,7100.0,5200.0,8168.55,5796.96,104.43,14069.939999999999
2023-02-02,7100.0,5200.0,8125.950000000001,5900.4400000000005,104.43,14130.820000000002
2023-02-03,7100.0,5200.0,8049.2699999999995,5913.96,104.43,14067.66
2023-02-06,7100.0,5200.0,7976.849999999999,5863.0,104.43,13944.279999999999
2023-02-07,7100.0,5200.0,8003.12,5826.08,104.43,13933.63
2023-02-08,7100.0,5200.0,7988.21,5759.0,104.43,13851.64
2023-02-09,7100.0,5200.0,8018.03,6024.200000000001,104.43,14146.66
2023-02-10,7100.0,5200.0,8008.799999999999,5991.960000000001,104.43,14105.189999999999
2023-02-13,7100.0,5200.0,7947.74,6046.04,104.43,14098.21
2023-02-14,7100.0,5200.0,7979.69,6026.8,104.43,14110.919999999998
2023-02-15,7100.0,5200.0,7906.5599999999995,6130.280000000001,104.43,14141.27
2023-02-16,7100.0,5200.0,7894.490000000001,5963.88,104.43,13962.8
2023-02-17,7100.0,5200.0,7831.3,5786.56,104.43,13722.29
2023-02-20,7100.0,5200.0,8035.78,5844.28,104.43,13984.489999999998
2023-02-21,7100.0,5200.0,8044.3,5805.280000000001,104.43,13954.01
2023-02-22,7100.0,5200.0,7986.08,5833.36,104.43,13923.869999999999
2023-02-23,7100.0,5200.0,7992.469999999999,5800.599999999999,104.43,13897.499999999998
2023-02-24,7100.0,5200.0,7928.570000000001,5811.5199999999995,104.43,13844.52
2023-02-27,7100.0,5200.0,7889.5199999999995,5728.32,104.43,13722.269999999999
2023-02-28,7100.0,5200.0,7918.63,5740.280000000001,104.43,13763.34
2023-03-01,7100.0,5200.0,8010.93,5804.76,104.43,13920.119999999999
2023-03-02,7100.0,5200.0,8033.65,5759.0,104.43,13897.079999999998
2023-03-03,7100.0,5200.0,8099.68,5908.240000000001,104.43,14112.350000000002
2023-03-06,7100.0,5200.0,7977.5599999999995,6007.04,104.43,14089.029999999999
2023-03-07,7100.0,5200.0,7982.530000000001,5859.88,104.43,13946.84
2023-03-08,7100.0,5200.0,7935.669999999999,5932.16,104.43,13972.259999999998
2023-03-09,7100.0,5200.0,7889.5199999999995,6015.88,104.43,14009.829999999998
2023-03-10,7100.0,5200.0,7784.4400000000005,6000.799999999999,104.43,13889.669999999998
2023-03-13,7100.0,5200.0,7804.32,6001.839999999999,104.43,13910.589999999998
2023-03-14,7100.0,5200.0,7747.5199999999995,6195.8,104.43,14047.75
2023-03-15,7100.0,5200.0,7819.94,6195.8,104.43,14120.169999999998
2023-03-16,7100.0,5200.0,7832.719999999999,6134.44,104.43,14071.589999999998
2023-03-17,7100.0,5200.0,7819.94,6359.080000000001,104.43,14283.45
2023-03-20,7100.0,5200.0,7800.06,6527.040000000001,104.43,14431.53
2023-03-21,7100.0,5200.0,7778.759999999999,6518.72,104.43,14401.91
2023-03-22,7100.0,5200.0,7851.89,6597.759999999999,104.43,14554.079999999998
2023-03-23,7100.0,5200.0,7903.719999999999,6837.48,104.43,14845.629999999997
2023-03-24,7100.0,5200.0,7820.65,6747.52,104.43,14672.599999999999
2023-03-27,7100.0,5200.0,7748.23,6657.56,104.43,14510.22
2023-03-28,7100.0,5200.0,7781.6,6466.72,104.43,14352.75
2023-03-29,7100.0,5200.0,7756.04,6735.04,104.43,14595.509999999998
2023-03-30,7100.0,5200.0,7810.710000000001,6780.8,104.43,14695.94
2023-03-31,8000.0,4500.0,8760.0,5952.15,33.22,14745.369999999999
2023-04-03,8000.0,4500.0,8772.8,6273.0,33.22,15079.019999999999
2023-04-04,8000.0,4500.0,8827.199999999999,6404.400000000001,33.22,15264.82
2023-04-06,8000.0,4500.0,8796.8,6626.25,33.22,15456.269999999999
2023-04-07,8000.0,4500.0,8822.4,6765.75,33.22,15621.369999999999
2023-04-10,8000.0,4500.0,8846.4,6490.799999999999,33.22,15370.419999999998
2023-04-11,8000.0,4500.0,8821.6,6411.6,33.22,15266.42
2023-04-12,8000.0,4500.0,8855.2,6536.25,33.22,15424.67
2023-04-13,8000.0,4500.0,8930.400000000001,6313.5,33.22,15277.12
2023-04-14,8000.0,4500.0,8966.4,6695.1,33.22,15694.72
2023-04-17,8000.0,4500.0,9130.4,6678.0,33.22,15841.619999999999
2023-04-18,8000.0,4500.0,9226.4,6535.799999999999,33.22,15795.419999999998
2023-04-19,8000.0,4500.0,9214.4,6658.2,33.22,15905.82
2023-04-20,8000.0,4500.0,9199.199999999999,6952.95,33.22,16185.369999999999
2023-04-21,8000.0,4500.0,9090.400000000001,6553.799999999999,33.22,15677.42
2023-04-24,8000.0,4500.0,9016.8,6406.65,33.22,15456.669999999998
2023-04-25,8000.0,4500.0,9165.6,6301.35,33.22,15500.17
2023-04-26,8000.0,4500.0,9091.2,6082.65,33.22,15207.07
2023-04-27,8000.0,4500.0,9080.8,6088.05,33.22,15202.07
2023-04-28,8000.0,4500.0,9173.6,6278.4,33.22,15485.22
2023-05-04,8000.0,4500.0,9411.199999999999,6052.95,33.22,15497.369999999999
2023-05-05,8000.0,4500.0,9516.0,5959.35,33.22,15508.57
2023-05-08,8000.0,4500.0,9908.0,5972.4,33.22,15913.619999999999
2023-05-09,8000.0,4500.0,9804.0,5786.1,33.22,15623.32
2023-05-10,8000.0,4500.0,9504.8,5702.400000000001,33.22,15240.419999999998
2023-05-11,8000.0,4500.0,9478.400000000001,5737.5,33.22,15249.12
2023-05-12,8000.0,4500.0,9393.599999999999,5688.9,33.22,15115.719999999998
2023-05-15,8000.0,4500.0,9487.199999999999,5712.75,33.22,15233.169999999998
2023-05-16,8000.0,4500.0,9468.8,5733.45,33.22,15235.469999999998
2023-05-17,8000.0,4500.0,9399.2,5775.3,33.22,15207.720000000001
2023-05-18,8000.0,4500.0,9489.599999999999,5852.25,33.22,15375.069999999998
2023-05-19,8000.0,4500.0,9367.2,5938.650000000001,33.22,15339.07
2023-05-22,8000.0,4500.0,9391.199999999999,5863.95,33.22,15288.369999999999
2023-05-23,8000.0,4500.0,9227.2,5736.599999999999,33.22,14997.02
2023-05-24,8000.0,4500.0,9028.800000000001,5726.7,33.22,14788.720000000001
2023-05-25,8000.0,4500.0,9000.0,5826.15,33.22,14859.369999999999
2023-05-26,8000.0,4500.0,9080.0,5995.35,33.22,15108.57
2023-05-29,8000.0,4500.0,9108.800000000001,6087.6,33.22,15229.62
2023-05-30,8000.0,4500.0,9060.0,6156.000000000001,33.22,15249.220000000001
2023-05-31,8000.0,4500.0,9008.800000000001,6261.75,33.22,15303.77
2023-06-01,8000.0,4500.0,8977.6,6143.4,33.22,15154.22
2023-06-02,8000.0,4500.0,9085.599999999999,6081.75,33.22,15200.569999999998
2023-06-05,8000.0,4500.0,9151.199999999999,6116.849999999999,33.22,15301.269999999997
2023-06-06,8000.0,4500.0,9138.400000000001,5930.55,33.22,15102.170000000002
2023-06-07,8000.0,4500.0,9212.0,5912.1,33.22,15157.32
2023-06-08,8000.0,4500.0,9384.800000000001,5775.3,33.22,15193.32
2023-06-09,8000.0,4500.0,9336.800000000001,5877.0,33.22,15247.02
2023-06-12,8000.0,4500.0,9224.0,5847.75,33.22,15104.97
2023-06-13,8000.0,4500.0,9246.4,6053.4,33.22,15333.019999999999
2023-06-14,8000.0,4500.0,9112.8,6071.4,33.22,15217.419999999998
2023-06-15,8000.0,4500.0,9164.8,5970.15,33.22,15168.169999999998
2023-06-16,8000.0,4500.0,9140.800000000001,6023.25,33.22,15197.27
2023-06-19,8000.0,4500.0,9040.800000000001,6053.849999999999,33.22,15127.869999999999
2023-06-20,8000.0,4500.0,8992.800000000001,6035.849999999999,33.22,15061.869999999999
2023-06-21,8000.0,4500.0,8988.8,5739.3,33.22,14761.32
2023-06-26,8000.0,4500.0,8860.8,5637.599999999999,33.22,14531.619999999999
2023-06-27,8000.0,4500.0,8947.2,5586.3,33.22,14566.720000000001
2023-06-28,8000.0,4500.0,8965.6,5611.500000000001,33.22,14610.32
2023-06-29,8000.0,4500.0,8914.400000000001,5568.75,33.22,14516.37
2023-06-30,7800.0,4600.0,8753.94,5729.3,122.83,14606.07
2023-07-03,7800.0,4600.0,8901.36,5784.04,122.83,14808.23
2023-07-04,7800.0,4600.0,8824.14,5909.16,122.83,14856.13
2023-07-05,7800.0,4600.0,8779.68,5828.2,122.83,14730.71
2023-07-06,7800.0,4600.0,8709.48,5832.8,122.83,14665.11
2023-07-07,7800.0,4600.0,8708.7,5755.9800000000005,122.83,14587.510000000002
2023-07-10,7800.0,4600.0,8711.04,5747.240000000001,122.83,14581.11
2023-07-11,7800.0,4600.0,8771.1,5877.88,122.83,14771.810000000001
2023-07-12,7800.0,4600.0,8806.98,5709.9800000000005,122.83,14639.79
2023-07-13,7800.0,4600.0,8927.880000000001,5813.02,122.83,14863.730000000001
2023-07-14,7800.0,4600.0,8945.04,5802.900000000001,122.83,14870.77
2023-07-17,7800.0,4600.0,8905.26,5729.3,122.83,14757.39
2023-07-18,7800.0,4600.0,8870.94,5696.179999999999,122.83,14689.95
2023-07-19,7800.0,4600.0,8910.720000000001,5624.88,122.83,14658.43
2023-07-20,7800.0,4600.0,8931.0,5524.14,122.83,14577.970000000001
2023-07-21,7800.0,4600.0,8939.58,5462.96,122.83,14525.369999999999
2023-07-24,7800.0,4600.0,8902.92,5439.500000000001,122.83,14465.25
2023-07-25,7800.0,4600.0,9146.28,5505.740000000001,122.83,14774.850000000002
2023-07-26,7800.0,4600.0,9143.16,5509.42,122.83,14775.41
2023-07-27,7800.0,4600.0,9218.039999999999,5415.58,122.83,14756.449999999999
2023-07-28,7800.0,4600.0,9494.94,5438.12,122.83,15055.89
2023-07-31,7800.0,4600.0,9570.6,5478.6,122.83,15172.03
2023-08-01,7800.0,4600.0,9515.22,5474.0,122.83,15112.05
2023-08-02,7800.0,4600.0,9335.04,5495.160000000001,122.83,14953.030000000002
2023-08-03,7800.0,4600.0,9455.939999999999,5506.66,122.83,15085.429999999998
2023-08-04,7800.0,4600.0,9487.14,5520.0,122.83,15129.97
2023-08-07,7800.0,4600.0,9399.78,5495.620000000001,122.83,15018.230000000001
2023-08-08,7800.0,4600.0,9358.44,5477.68,122.83,14958.95
2023-08-09,7800.0,4600.0,9379.5,5411.900000000001,122.83,14914.23
2023-08-10,7800.0,4600.0,9374.82,5419.719999999999,122.83,14917.369999999999
2023-08-11,7800.0,4600.0,9197.76,5296.44,122.83,14617.029999999999
2023-08-14,7800.0,4600.0,9079.199999999999,5246.3,122.83,14448.329999999998
2023-08-15,7800.0,4600.0,9182.16,5142.8,122.83,14447.79
2023-08-16,7800.0,4600.0,9168.12,5039.299999999999,122.83,14330.25
2023-08-17,7800.0,4600.0,9097.14,5088.52,122.83,14308.49
2023-08-18,7800.0,4600.0,9140.039999999999,5069.660000000001,122.83,14332.529999999999
2023-08-21,7800.0,4600.0,8997.3,5004.34,122.83,14124.47
2023-08-22,7800.0,4600.0,9095.58,5086.679999999999,122.83,14305.09
2023-08-23,7800.0,4600.0,9069.84,4956.959999999999,122.83,14149.63
2023-08-24,7800.0,4600.0,9030.84,5013.080000000001,122.83,14166.75
2023-08-25,7800.0,4600.0,9104.94,4884.280000000001,122.83,14112.050000000001
2023-08-28,7800.0,4600.0,9244.56,4917.4,122.83,14284.789999999999
2023-08-29,7800.0,4600.0,9122.1,5135.900000000001,122.83,14380.830000000002
2023-08-30,7800.0,4600.0,9018.359999999999,5323.12,122.83,14464.309999999998
2023-08-31,7800.0,4600.0,8988.720000000001,5401.78,122.83,14513.330000000002
2023-09-01,7800.0,4600.0,9072.960000000001,5361.76,122.83,14557.550000000001
2023-09-04,7800.0,4600.0,9247.68,5384.3,122.83,14754.810000000001
2023-09-05,7800.0,4600.0,9140.82,5342.44,122.83,14606.09
2023-09-06,7800.0,4600.0,9169.68,5495.620000000001,122.83,14788.130000000001
2023-09-07,7800.0,4600.0,9139.26,5236.18,122.83,14498.27
2023-09-08,7800.0,4600.0,9112.74,5294.6,122.83,14530.17
2023-09-11,7800.0,4600.0,9133.02,5290.459999999999,122.83,14546.31
2023-09-12,7800.0,4600.0,9117.42,5223.3,122.83,14463.55
2023-09-13,7800.0,4600.0,9118.98,5177.3,122.83,14419.11
2023-09-14,7800.0,4600.0,9206.34,5096.34,122.83,14425.51
2023-09-15,7800.0,4600.0,9163.44,5165.8,122.83,14452.07
2023-09-18,7800.0,4600.0,9174.359999999999,5053.1,122.83,14350.289999999999
2023-09-19,7800.0,4600.0,9226.62,5016.76,122.83,14366.210000000001
2023-09-20,7800.0,4600.0,9258.6,4958.34,122.83,14339.77
2023-09-21,7800.0,4600.0,9204.0,4926.599999999999,122.83,14253.43
2023-09-22,7800.0,4600.0,9298.38,5070.12,122.83,14491.329999999998
2023-09-25,7800.0,4600.0,9298.38,5005.72,122.83,14426.93
2023-09-26,7800.0,4600.0,9259.380000000001,4965.24,122.83,14347.45
2023-09-27,7800.0,4600.0,9206.34,4946.839999999999,122.83,14276.009999999998
2023-09-28,7800.0,4600.0,9225.060000000001,5047.58,122.83,14395.470000000001
2023-10-09,7800.0,4600.0,9167.34,5036.08,122.83,14326.25
2023-10-10,7800.0,4600.0,9140.039999999999,5064.14,122.83,14327.009999999998
2023-10-11,7800.0,4600.0,9129.900000000001,5151.54,122.83,14404.27
2023-10-12,7800.0,4600.0,9253.92,5203.5199999999995,122.83,14580.27
2023-10-13,7800.0,4600.0,9254.7,5175.0,122.83,14552.53
2023-10-16,7800.0,4600.0,9246.9,5035.16,122.83,14404.89
2023-10-17,7800.0,4600.0,9275.76,5102.32,122.83,14500.91
2023-10-18,7800.0,4600.0,9251.58,5040.219999999999,122.83,14414.63
2023-10-19,7800.0,4600.0,9041.76,5112.9,122.83,14277.49
2023-10-20,7800.0,4600.0,9023.82,5012.16,122.83,14158.81
2023-10-23,7800.0,4600.0,8962.2,4867.72,122.83,13952.75
2023-10-24,7800.0,4600.0,8903.699999999999,4960.18,122.83,13986.71
2023-10-25,7800.0,4600.0,8926.320000000002,4969.84,122.83,14018.990000000002
2023-10-26,7800.0,4600.0,9005.880000000001,4979.5,122.83,14108.210000000001
2023-10-27,7800.0,4600.0,8993.4,5060.46,122.83,14176.689999999999
2023-10-30,7800.0,4600.0,8845.980000000001,5219.62,122.83,14188.43
2023-10-31,7800.0,4600.0,8867.82,5224.219999999999,122.83,14214.869999999999
2023-11-01,7800.0,4600.0,8865.48,5215.94,122.83,14204.25
2023-11-02,7800.0,4600.0,8916.96,5131.759999999999,122.83,14171.55
2023-11-03,7800.0,4600.0,8894.34,5281.259999999999,122.83,14298.43
2023-11-06,7800.0,4600.0,8897.460000000001,5365.900000000001,122.83,14386.190000000002
2023-11-07,7800.0,4600.0,8890.439999999999,5405.0,122.83,14418.269999999999
2023-11-08,7800.0,4600.0,8851.44,5474.0,122.83,14448.27
2023-11-09,7800.0,4600.0,8891.22,5387.52,122.83,14401.57
2023-11-10,7800.0,4600.0,8824.92,5397.18,122.83,14344.93
2023-11-13,7800.0,4600.0,8785.140000000001,5443.64,122.83,14351.61
2023-11-14,7800.0,4600.0,8809.32,5542.54,122.83,14474.689999999999
2023-11-15,7800.0,4600.0,8847.54,5505.740000000001,122.83,14476.11
2023-11-16,7800.0,4600.0,8837.4,5409.599999999999,122.83,14369.829999999998
2023-11-17,7800.0,4600.0,8785.92,5449.620000000001,122.83,14358.37
2023-11-20,7800.0,4600.0,8835.06,5460.66,122.83,14418.55
2023-11-21,7800.0,4600.0,8852.22,5379.24,122.83,14354.289999999999
2023-11-22,7800.0,4600.0,8822.58,5284.02,122.83,14229.43
2023-11-23,7800.0,4600.0,8821.02,5339.68,122.83,14283.53
2023-11-24,7800.0,4600.0,8821.8,5241.7,122.83,14186.329999999998
2023-11-27,7800.0,4600.0,8757.84,5348.42,122.83,14229.09
2023-11-28,7800.0,4600.0,8724.300000000001,5364.0599999999995,122.83,14211.19
2023-11-29,7800.0,4600.0,8623.679999999998,5352.5599999999995,122.83,14099.069999999998
2023-11-30,7800.0,4600.0,8662.68,5366.820000000001,122.83,14152.330000000002
2023-12-01,7800.0,4600.0,8648.64,5382.919999999999,122.83,14154.39
2023-12-04,7800.0,4600.0,8619.0,5353.94,122.83,14095.77
2023-12-05,7800.0,4600.0,8494.98,5237.1,122.83,13854.91
2023-12-06,7800.0,4600.0,8462.22,5235.72,122.83,13820.77
2023-12-07,7800.0,4600.0,8480.939999999999,5182.360000000001,122.83,13786.13
2023-12-08,7800.0,4600.0,8465.34,5300.580000000001,122.83,13888.75
2023-12-11,7800.0,4600.0,8506.68,5401.32,122.83,14030.83
2023-12-12,7800.0,4600.0,8600.28,5370.04,122.83,14093.150000000001
2023-12-13,7800.0,4600.0,8498.88,5298.74,122.83,13920.449999999999
2023-12-14,7800.0,4600.0,8465.34,5276.2,122.83,13864.369999999999
2023-12-15,7800.0,4600.0,8431.8,5203.06,122.83,13757.689999999999
2023-12-18,7800.0,4600.0,8454.42,5129.0,122.83,13706.25
2023-12-19,7800.0,4600.0,8448.18,5171.780000000001,122.83,13742.79
2023-12-20,7800.0,4600.0,8424.0,5102.32,122.83,13649.15
2023-12-21,7800.0,4600.0,8462.22,5159.36,122.83,13744.41
2023-12-22,7800.0,4600.0,8470.800000000001,5078.400000000001,122.83,13672.030000000002
2023-12-25,7800.0,4600.0,8477.82,4985.9400000000005,122.83,13586.59
2023-12-26,7800.0,4600.0,8463.0,4863.12,122.83,13448.95
2023-12-27,7800.0,4600.0,8494.199999999999,4945.46,122.83,13562.489999999998
2023-12-28,7800.0,4600.0,8562.84,5020.44,122.83,13706.11
2023-12-29,7800.0,4600.0,8630.7,5049.419999999999,122.83,13802.95
2023-12-31,7500.0,5000.0,8298.75,5488.0,5.04,13791.789999999999
2024-01-02,7500.0,5000.0,8215.5,5391.0,5.04,13611.539999999999
2024-01-03,7500.0,5000.0,8257.5,5310.5,5.04,13573.039999999999
2024-01-04,7500.0,5000.0,8277.0,5270.0,5.04,13552.039999999999
2024-01-05,7500.0,5000.0,8364.0,5171.5,5.04,13540.539999999999
2024-01-08,7500.0,5000.0,8305.5,4987.0,5.04,13297.539999999999
2024-01-09,7500.0,5000.0,8334.0,4959.5,5.04,13298.539999999999
2024-01-10,7500.0,5000.0,8295.75,4910.0,5.04,13210.789999999999
2024-01-11,7500.0,5000.0,8285.25,4977.5,5.04,13267.789999999999
2024-01-12,7500.0,5000.0,8342.25,4860.0,5.04,13207.289999999999
2024-01-15,7500.0,5000.0,8391.75,4879.5,5.04,13276.289999999999
2024-01-16,7500.0,5000.0,8493.75,4890.0,5.04,13388.789999999999
2024-01-17,7500.0,5000.0,8436.75,4753.5,5.04,13195.289999999999
2024-01-18,7500.0,5000.0,8455.5,4841.5,5.04,13302.039999999999
2024-01-19,7500.0,5000.0,8454.75,4832.5,5.04,13292.289999999999
2024-01-22,7500.0,5000.0,8436.75,4665.5,5.04,13107.289999999999
2024-01-23,7500.0,5000.0,8430.75,4724.0,5.04,13159.789999999999
2024-01-24,7500.0,5000.0,8556.0,4681.5,5.04,13242.539999999999
2024-01-25,7500.0,5000.0,8687.25,4789.0,5.04,13481.289999999999
2024-01-26,7500.0,5000.0,8819.25,4609.0,5.04,13433.289999999999
2024-01-29,7500.0,5000.0,8894.25,4498.0,5.04,13397.289999999999
2024-01-30,7500.0,5000.0,8808.75,4278.0,5.04,13091.789999999999
2024-01-31,7500.0,5000.0,8815.5,4174.5,5.04,12995.039999999999
2024-02-01,7500.0,5000.0,8757.75,4230.0,5.04,12992.789999999999
2024-02-02,7500.0,5000.0,8766.0,4077.0,5.04,12848.039999999999
2024-02-05,7500.0,5000.0,8863.5,4033.5,5.04,12902.039999999999
2024-02-06,7500.0,5000.0,8971.5,4330.5,5.04,13307.039999999999
2024-02-07,7500.0,5000.0,8909.25,4455.0,5.04,13369.289999999999
2024-02-08,7500.0,5000.0,8865.0,4581.0,5.04,13451.039999999999
2024-02-19,7500.0,5000.0,9030.75,4709.5,5.04,13745.289999999999
2024-02-20,7500.0,5000.0,9098.25,4638.5,5.04,13741.789999999999
2024-02-21,7500.0,5000.0,9341.25,4624.5,5.04,13970.789999999999
2024-02-22,7500.0,5000.0,9350.25,4707.0,5.04,14062.289999999999
2024-02-23,7500.0,5000.0,9401.25,4742.0,5.04,14148.289999999999
2024-02-26,7500.0,5000.0,9167.25,4791.5,5.04,13963.789999999999
2024-02-27,7500.0,5000.0,9174.0,5044.0,5.04,14223.039999999999
2024-02-28,7500.0,5000.0,9150.0,4771.0,5.04,13926.039999999999
2024-02-29,7500.0,5000.0,9191.25,5067.0,5.04,14263.289999999999
2024-03-01,7500.0,5000.0,9181.5,5126.500000000001,5.04,14313.04
2024-03-04,7500.0,5000.0,9102.0,5142.5,5.04,14249.539999999999
2024-03-05,7500.0,5000.0,9264.75,5093.5,5.04,14363.289999999999
2024-03-06,7500.0,5000.0,9189.0,5013.0,5.04,14207.039999999999
2024-03-07,7500.0,5000.0,9225.75,4898.0,5.04,14128.789999999999
2024-03-08,7500.0,5000.0,9212.25,4992.5,5.04,14209.789999999999
2024-03-11,7500.0,5000.0,9189.0,5066.000000000001,5.04,14260.04
2024-03-12,7500.0,5000.0,9110.25,5079.0,5.04,14194.289999999999
2024-03-13,7500.0,5000.0,9037.5,5063.0,5.04,14105.539999999999
2024-03-14,7500.0,5000.0,9024.0,4981.5,5.04,14010.539999999999
2024-03-15,7500.0,5000.0,9084.75,4996.0,5.04,14085.789999999999
2024-03-18,7500.0,5000.0,9063.75,5150.5,5.04,14219.289999999999
2024-03-19,7500.0,5000.0,8985.75,5066.000000000001,5.04,14056.79
2024-03-20,7500.0,5000.0,9053.25,5064.0,5.04,14122.289999999999
2024-03-21,7500.0,5000.0,9118.5,5051.5,5.04,14175.039999999999
2024-03-22,7500.0,5000.0,9085.5,4998.0,5.04,14088.539999999999
2024-03-25,7500.0,5000.0,9123.75,4876.0,5.04,14004.789999999999
2024-03-26,7500.0,5000.0,9254.25,4762.0,5.04,14021.289999999999
2024-03-27,7500.0,5000.0,9292.5,4602.5,5.04,13900.039999999999
2024-03-28,7500.0,5000.0,9168.0,4659.5,5.04,13832.539999999999
2024-03-29,7500.0,5000.0,9175.5,4663.5,5.04,13844.039999999999
2024-03-31,6800.0,5900.0,8318.44,5502.93,10.32,13831.69
2024-04-01,6800.0,5900.0,8398.0,5571.96,10.32,13980.279999999999
2024-04-02,6800.0,5900.0,8411.6,5501.75,10.32,13923.67
2024-04-03,6800.0,5900.0,8364.0,5433.31,10.32,13807.630000000001
2024-04-08,6800.0,5900.0,8410.24,5275.19,10.32,13695.75
2024-04-09,6800.0,5900.0,8370.800000000001,5337.73,10.32,13718.85
2024-04-10,6800.0,5900.0,8379.64,5193.18,10.32,13583.14
2024-04-11,6800.0,5900.0,8363.32,5186.69,10.32,13560.329999999998
2024-04-12,6800.0,5900.0,8317.08,5215.01,10.32,13542.41
2024-04-15,6800.0,5900.0,8470.08,5292.89,10.32,13773.29
2024-04-16,6800.0,5900.0,8471.44,5138.9,10.32,13620.66
2024-04-17,6800.0,5900.0,8613.56,5309.41,10.32,13933.289999999999
2024-04-18,6800.0,5900.0,8704.68,5252.7699999999995,10.32,13967.77
2024-04-19,6800.0,5900.0,8682.24,5081.08,10.32,13773.64
2024-04-22,6800.0,5900.0,8616.279999999999,5105.86,10.32,13732.46
2024-04-23,6800.0,5900.0,8610.16,5094.650000000001,10.32,13715.130000000001
2024-04-24,6800.0,5900.0,8584.32,5212.65,10.32,13807.289999999999
2024-04-25,6800.0,5900.0,8708.08,5215.01,10.32,13933.41
2024-04-26,6800.0,5900.0,8579.56,5375.49,10.32,13965.369999999999
2024-04-29,6800.0,5900.0,8667.279999999999,5592.61,10.32,14270.21
2024-04-30,6800.0,5900.0,8706.72,5511.1900000000005,10.32,14228.23
2024-05-06,6800.0,5900.0,8706.039999999999,5547.77,10.32,14264.13
2024-05-07,6800.0,5900.0,8701.960000000001,5489.36,10.32,14201.64
2024-05-08,6800.0,5900.0,8708.08,5413.84,10.32,14132.24
2024-05-09,6800.0,5900.0,8727.800000000001,5570.780000000001,10.32,14308.900000000001
2024-05-10,6800.0,5900.0,8829.8,5422.6900000000005,10.32,14262.81
2024-05-13,6800.0,5900.0,8887.6,5333.01,10.32,14230.93
2024-05-14,6800.0,5900.0,8832.52,5325.929999999999,10.32,14168.77
2024-05-15,6800.0,5900.0,8825.720000000001,5262.8,10.32,14098.84
2024-05-16,6800.0,5900.0,8980.08,5283.45,10.32,14273.849999999999
2024-05-17,6800.0,5900.0,9083.44,5389.65,10.32,14483.41
2024-05-20,6800.0,5900.0,9040.599999999999,5413.25,10.32,14464.169999999998
2024-05-21,6800.0,5900.0,9107.92,5350.71,10.32,14468.95
2024-05-22,6800.0,5900.0,9148.039999999999,5379.03,10.32,14537.39
2024-05-23,6800.0,5900.0,9092.279999999999,5295.25,10.32,14397.849999999999
2024-05-24,6800.0,5900.0,9015.44,5156.01,10.32,14181.77
2024-05-27,6800.0,5900.0,9126.960000000001,5334.78,10.32,14472.060000000001
2024-05-28,6800.0,5900.0,9093.64,5324.75,10.32,14428.71
2024-05-29,6800.0,5900.0,9018.84,5296.43,10.32,14325.59
2024-05-30,6800.0,5900.0,8948.12,5404.400000000001,10.32,14362.84
2024-05-31,6800.0,5900.0,8965.12,5412.07,10.32,14387.51
2024-06-03,6800.0,5900.0,8877.400000000001,5514.73,10.32,14402.45
2024-06-04,6800.0,5900.0,8913.44,5502.34,10.32,14426.1
2024-06-05,6800.0,5900.0,8825.04,5494.08,10.32,14329.44
2024-06-06,6800.0,5900.0,8814.84,5450.42,10.32,14275.58
2024-06-07,6800.0,5900.0,8888.279999999999,5446.29,10.32,14344.89
2024-06-11,6800.0,5900.0,8728.480000000001,5705.3,10.32,14444.100000000002
2024-06-12,6800.0,5900.0,8698.56,5688.19,10.32,14397.07
2024-06-13,6800.0,5900.0,8636.68,5762.53,10.32,14409.529999999999
2024-06-14,6800.0,5900.0,8720.32,5714.74,10.32,14445.38
2024-06-17,6800.0,5900.0,8646.880000000001,5805.6,10.32,14462.800000000001
2024-06-18,6800.0,5900.0,8675.44,5797.93,10.32,14483.69
2024-06-19,6800.0,5900.0,8770.640000000001,5814.45,10.32,14595.41
2024-06-20,6800.0,5900.0,8727.12,5900.0,10.32,14637.44
2024-06-21,6800.0,5900.0,8711.48,5929.499999999999,10.32,14651.3
2024-06-24,6800.0,5900.0,8728.480000000001,5744.24,10.32,14483.04
2024-06-25,6800.0,5900.0,8765.88,5500.57,10.32,14276.769999999999
2024-06-26,6800.0,5900.0,8785.6,5622.11,10.32,14418.029999999999
2024-06-27,6800.0,5900.0,8873.32,5499.39,10.32,14383.029999999999
2024-06-28,6800.0,5900.0,8922.28,5495.26,10.32,14427.86
2024-06-30,6600.0,6100.0,8659.2,5681.54,76.04,14416.779999999999
2024-07-01,6600.0,6100.0,8764.800000000001,5660.19,76.04,14501.029999999999
2024-07-02,6600.0,6100.0,8904.06,5575.400000000001,76.04,14555.5
2024-07-03,6600.0,6100.0,8821.56,5660.19,76.04,14557.789999999997
2024-07-04,6600.0,6100.0,8838.72,5549.17,76.04,14463.929999999998
2024-07-05,6600.0,6100.0,8659.86,5585.16,76.04,14321.06
2024-07-08,6600.0,6100.0,8703.42,5570.52,76.04,14349.98
2024-07-09,6600.0,6100.0,8801.76,5777.92,76.04,14655.72
2024-07-10,6600.0,6100.0,8836.08,5776.7,76.04,14688.82
2024-07-11,6600.0,6100.0,8785.92,5823.67,76.04,14685.63
2024-07-12,6600.0,6100.0,8972.039999999999,5826.11,76.04,14874.189999999999
2024-07-15,6600.0,6100.0,9050.58,5883.45,76.04,15010.07
2024-07-16,6600.0,6100.0,9031.44,6090.24,76.04,15197.72
2024-07-17,6600.0,6100.0,9090.18,6045.71,76.04,15211.93
2024-07-18,6600.0,6100.0,9081.599999999999,6076.82,76.04,15234.459999999997
2024-07-19,6600.0,6100.0,9067.08,6237.25,76.04,15380.369999999999
2024-07-22,6600.0,6100.0,8928.48,6257.38,76.04,15261.899999999998
2024-07-23,6600.0,6100.0,9009.0,5937.740000000001,76.04,15022.779999999999
2024-07-24,6600.0,6100.0,9008.34,5882.2300000000005,76.04,14966.61
2024-07-25,6600.0,6100.0,8929.8,5840.14,76.04,14845.98
2024-07-26,6600.0,6100.0,8797.14,5885.28,76.04,14758.46
2024-07-29,6600.0,6100.0,8916.6,5768.16,76.04,14760.8
2024-07-30,6600.0,6100.0,8881.619999999999,5848.07,76.04,14805.729999999998
2024-07-31,6600.0,6100.0,8856.54,6135.99,76.04,15068.57
2024-08-01,6600.0,6100.0,8874.36,6167.099999999999,76.04,15117.5
2024-08-02,6600.0,6100.0,8837.4,5995.69,76.04,14909.129999999997
2024-08-05,6600.0,6100.0,8764.800000000001,5724.85,76.04,14565.69
2024-08-06,6600.0,6100.0,8673.06,5795.61,76.04,14544.71
2024-08-07,6600.0,6100.0,8686.92,5728.51,76.04,14491.47
2024-08-08,6600.0,6100.0,8705.4,5776.09,76.04,14557.529999999999
2024-08-09,6600.0,6100.0,8745.0,5765.110000000001,76.04,14586.15
2024-08-12,6600.0,6100.0,8730.48,5746.2,76.04,14552.719999999998
2024-08-13,6600.0,6100.0,8768.1,5789.51,76.04,14633.65
2024-08-14,6600.0,6100.0,8762.820000000002,5694.96,76.04,14533.82
2024-08-15,6600.0,6100.0,8877.0,5746.81,76.04,14699.849999999999
2024-08-16,6600.0,6100.0,8980.62,5722.41,76.04,14779.07
2024-08-19,6600.0,6100.0,9150.9,5718.14,76.04,14945.079999999998
2024-08-20,6600.0,6100.0,9177.960000000001,5618.71,76.04,14872.71
2024-08-21,6600.0,6100.0,9111.300000000001,5618.71,76.04,14806.05
2024-08-22,6600.0,6100.0,9188.52,5543.68,76.04,14808.24
2024-08-23,6600.0,6100.0,9237.36,5495.49,76.04,14808.89
2024-08-26,6600.0,6100.0,9248.58,5468.04,76.04,14792.66
2024-08-27,6600.0,6100.0,9273.66,5426.5599999999995,76.04,14776.259999999998
2024-08-28,6600.0,6100.0,9202.380000000001,5405.82,76.04,14684.24
2024-08-29,6600.0,6100.0,8904.06,5471.7,76.04,14451.8
2024-08-30,6600.0,6100.0,8701.44,5646.16,76.04,14423.64
2024-09-02,6600.0,6100.0,8733.119999999999,5439.37,76.04,14248.529999999999
2024-09-03,6600.0,6100.0,8580.66,5456.45,76.04,14113.149999999998
2024-09-04,6600.0,6100.0,8550.300000000001,5423.51,76.04,14049.85
2024-09-05,6600.0,6100.0,8536.44,5375.32,76.04,13987.8
2024-09-06,6600.0,6100.0,8552.94,5308.83,76.04,13937.81
2024-09-09,6600.0,6100.0,8401.8,5274.67,76.04,13752.509999999998
2024-09-10,6600.0,6100.0,8463.18,5338.11,76.04,13877.329999999998
2024-09-11,6600.0,6100.0,8267.82,5330.79,76.04,13674.649999999998
2024-09-12,6600.0,6100.0,8326.56,5272.23,76.04,13674.829999999998
2024-09-13,6600.0,6100.0,8302.14,5233.19,76.04,13611.369999999999
2024-09-18,6600.0,6100.0,8385.3,5159.38,76.04,13620.719999999998
2024-09-19,6600.0,6100.0,8384.64,5188.05,76.04,13648.73
2024-09-20,6600.0,6100.0,8447.34,5153.89,76.04,13677.27
2024-09-23,6600.0,6100.0,8579.34,5099.599999999999,76.04,13754.98
2024-09-24,6600.0,6100.0,8942.34,5316.150000000001,76.04,14334.529999999999
2024-09-25,6600.0,6100.0,9119.88,5328.96,76.04,14524.879999999997
2024-09-26,6600.0,6100.0,9449.22,5553.44,76.04,15078.699999999997
2024-09-27,6600.0,6100.0,9362.76,5940.18,76.04,15378.98
2024-09-30,6800.0,5800.0,10091.2,6720.46,116.35,16928.010000000002
2024-10-08,6800.0,5800.0,10374.76,8053.3,116.35,18544.41
2024-10-09,6800.0,5800.0,9743.720000000001,8236.58,116.35,18096.65
2024-10-10,6800.0,5800.0,10135.4,7704.72,116.35,17956.47
2024-10-11,6800.0,5800.0,10027.279999999999,7181.5599999999995,116.35,17325.19
2024-10-14,6800.0,5800.0,10355.039999999999,7448.94,116.35,17920.329999999998
2024-10-15,6800.0,5800.0,10139.480000000001,7216.94,116.35,17472.77
2024-10-16,6800.0,5800.0,10390.4,7035.400000000001,116.35,17542.15
2024-10-17,6800.0,5800.0,10236.720000000001,7100.36,116.35,17453.43
2024-10-18,6800.0,5800.0,10282.96,8107.24,116.35,18506.55
2024-10-21,6800.0,5800.0,10154.44,8300.960000000001,116.35,18571.75
2024-10-22,6800.0,5800.0,10153.76,8118.259999999999,116.35,18388.37
2024-10-23,6800.0,5800.0,10189.8,7998.2,116.35,18304.35
2024-10-24,6800.0,5800.0,10166.68,8030.1,116.35,18313.13
2024-10-25,6800.0,5800.0,10105.48,8077.08,116.35,18298.91
2024-10-28,6800.0,5800.0,10021.84,8037.639999999999,116.35,18175.83
2024-10-29,6800.0,5800.0,10025.24,7962.82,116.35,18104.41
2024-10-30,6800.0,5800.0,9905.560000000001,7846.24,116.35,17868.15
2024-10-31,6800.0,5800.0,9843.68,8024.299999999999,116.35,17984.33
2024-11-01,6800.0,5800.0,9948.4,7671.66,116.35,17736.41
2024-11-04,6800.0,5800.0,10027.96,7838.12,116.35,17982.43
2024-11-05,6800.0,5800.0,10103.44,8237.16,116.35,18456.95
2024-11-06,6800.0,5800.0,10017.76,8315.46,116.35,18449.57
2024-11-07,6800.0,5800.0,10224.48,8609.52,116.35,18950.35
2024-11-08,6800.0,5800.0,10084.400000000001,8595.6,116.35,18796.350000000002
2024-11-11,6800.0,5800.0,9942.96,9144.28,116.35,19203.59
2024-11-12,6800.0,5800.0,9845.72,8910.54,116.35,18872.61
2024-11-13,6800.0,5800.0,9910.32,8984.779999999999,116.35,19011.449999999997
2024-11-14,6800.0,5800.0,9931.4,8675.64,116.35,18723.39
2024-11-15,6800.0,5800.0,9896.04,8258.619999999999,116.35,18271.010000000002
2024-11-18,6800.0,5800.0,10094.6,8117.099999999999,116.35,18328.05
2024-11-19,6800.0,5800.0,10067.4,8405.36,116.35,18589.11
2024-11-20,6800.0,5800.0,10018.44,8416.960000000001,116.35,18551.75
2024-11-21,6800.0,5800.0,10006.880000000001,8503.96,116.35,18627.190000000002
2024-11-22,6800.0,5800.0,9785.880000000001,8143.78,116.35,18046.010000000002
2024-11-25,6800.0,5800.0,9801.52,8049.82,116.35,17967.690000000002
2024-11-26,6800.0,5800.0,9896.72,8008.06,116.35,18021.13
2024-11-27,6800.0,5800.0,9998.72,8323.58,116.35,18438.65
2024-11-28,6800.0,5800.0,9981.72,8332.28,116.35,18430.35
2024-11-29,6800.0,5800.0,9982.4,8538.18,116.35,18636.93
2024-12-02,6800.0,5800.0,9945.679999999998,8570.66,116.35,18632.69
2024-12-03,6800.0,5800.0,10101.4,8451.18,116.35,18668.93
2024-12-04,6800.0,5800.0,10113.640000000001,8421.6,116.35,18651.590000000004
2024-12-05,6800.0,5800.0,10094.6,8439.58,116.35,18650.53
2024-12-06,6800.0,5800.0,10212.24,8538.18,116.35,18866.77
2024-12-09,6800.0,5800.0,10242.84,8392.02,116.35,18751.21
2024-12-10,6800.0,5800.0,10357.08,8478.44,116.35,18951.870000000003
2024-12-11,6800.0,5800.0,10235.36,8467.42,116.35,18819.13
2024-12-12,6800.0,5800.0,10365.92,8542.82,116.35,19025.09
2024-12-13,6800.0,5800.0,10158.52,8386.22,116.35,18661.09
2024-12-16,6800.0,5800.0,10255.76,8212.8,116.35,18584.91
2024-12-17,6800.0,5800.0,10232.64,8109.56,116.35,18458.55
2024-12-18,6800.0,5800.0,10351.64,8333.44,116.35,18801.43
2024-12-19,6800.0,5800.0,10255.08,8491.78,116.35,18863.21
2024-12-20,6800.0,5800.0,10242.16,8825.28,116.35,19183.79
2024-12-23,6800.0,5800.0,10411.48,8654.18,116.35,19182.010000000002
2024-12-24,6800.0,5800.0,10552.24,8814.84,116.35,19483.43
2024-12-25,6800.0,5800.0,10667.16,8853.699999999999,116.35,19637.21
2024-12-26,6800.0,5800.0,10644.039999999999,9013.2,116.35,19773.59
2024-12-27,6800.0,5800.0,10638.6,8882.7,116.35,19637.65
2024-12-30,6800.0,5800.0,10769.84,8857.76,116.35,19743.95
2024-12-31,7300.0,5300.0,11435.45,7761.32,54.3,19251.07
2025-01-02,7300.0,5300.0,11185.79,7457.1,54.3,18697.190000000002
2025-01-03,7300.0,5300.0,11108.41,7327.780000000001,54.3,18490.489999999998
2025-01-06,7300.0,5300.0,11196.74,7281.669999999999,54.3,18532.71
2025-01-07,7300.0,5300.0,11269.74,7622.99,54.3,18947.03
2025-01-08,7300.0,5300.0,11364.64,7639.42,54.3,19058.36
2025-01-09,7300.0,5300.0,11271.2,7617.16,54.3,18942.66
2025-01-10,7300.0,5300.0,11217.91,7578.469999999999,54.3,18850.68
2025-01-13,7300.0,5300.0,11090.890000000001,7565.75,54.3,18710.940000000002
2025-01-14,7300.0,5300.0,11240.54,7824.389999999999,54.3,19119.23
2025-01-15,7300.0,5300.0,11331.06,7824.389999999999,54.3,19209.75
2025-01-16,7300.0,5300.0,11435.45,7549.320000000001,54.3,19039.07
2025-01-17,7300.0,5300.0,11361.72,7721.040000000001,54.3,19137.059999999998
2025-01-20,7300.0,5300.0,11321.57,7703.55,54.3,19079.42
2025-01-21,7300.0,5300.0,11319.38,7836.58,54.3,19210.26
2025-01-22,7300.0,5300.0,11122.28,7841.88,54.3,19018.46
2025-01-23,7300.0,5300.0,11395.3,7727.929999999999,54.3,19177.53
2025-01-24,7300.0,5300.0,11421.58,7798.42,54.3,19274.3
2025-01-27,7300.0,5300.0,11580.72,7555.68,54.3,19190.699999999997
2025-02-05,7300.0,5300.0,11391.65,7726.34,54.3,19172.29
2025-02-06,7300.0,5300.0,11394.57,8025.79,54.3,19474.66
2025-02-07,7300.0,5300.0,11358.800000000001,8056.53,54.3,19469.63
2025-02-10,7300.0,5300.0,11372.67,8175.78,54.3,19602.75
2025-02-11,7300.0,5300.0,11477.06,8086.740000000001,54.3,19618.1
2025-02-12,7300.0,5300.0,11567.58,8272.24,54.3,19894.12
2025-02-13,7300.0,5300.0,11575.61,8028.969999999999,54.3,19658.879999999997
2025-02-14,7300.0,5300.0,11624.52,7989.75,54.3,19668.57
2025-02-17,7300.0,5300.0,11590.94,8124.37,54.3,19769.61
2025-02-18,7300.0,5300.0,11713.58,7945.76,54.3,19713.64
2025-02-19,7300.0,5300.0,11661.019999999999,8244.68,54.3,19960.0
2025-02-20,7300.0,5300.0,11646.42,8216.06,54.3,19916.78
2025-02-21,7300.0,5300.0,11499.689999999999,8779.45,54.3,20333.44
2025-02-24,7300.0,5300.0,11414.28,8847.29,54.3,20315.870000000003
2025-02-25,7300.0,5300.0,11325.22,8894.46,54.3,20273.979999999996
2025-02-26,7300.0,5300.0,11382.89,9097.449999999999,54.3,20534.64
2025-02-27,7300.0,5300.0,11528.89,9114.94,54.3,20698.129999999997
2025-02-28,7300.0,5300.0,11457.349999999999,8640.59,54.3,20152.239999999998
2025-03-03,7300.0,5300.0,11455.16,8463.04,54.3,19972.5
2025-03-04,7300.0,5300.0,11436.91,8676.63,54.3,20167.839999999997
2025-03-05,7300.0,5300.0,11631.82,8763.02,54.3,20449.14
2025-03-06,7300.0,5300.0,11567.58,9056.11,54.3,20677.989999999998
2025-03-07,7300.0,5300.0,11582.91,8922.02,54.3,20559.23
2025-03-10,7300.0,5300.0,11477.79,8929.44,54.3,20461.53
2025-03-11,7300.0,5300.0,11564.66,8898.17,54.3,20517.129999999997
2025-03-12,7300.0,5300.0,11531.810000000001,8847.82,54.3,20433.93
2025-03-13,7300.0,5300.0,11594.59,8584.41,54.3,20233.3
2025-03-14,7300.0,5300.0,11738.400000000001,8734.4,54.3,20527.1
2025-03-17,7300.0,5300.0,11774.9,8698.89,54.3,20528.089999999997
2025-03-18,7300.0,5300.0,11760.3,8749.77,54.3,20564.37
2025-03-19,7300.0,5300.0,11921.63,8614.09,54.3,20590.019999999997
2025-03-20,7300.0,5300.0,11856.66,8537.24,54.3,20448.199999999997
2025-03-21,7300.0,5300.0,11714.31,8304.57,54.3,20073.18
2025-03-24,7300.0,5300.0,11816.51,8382.48,54.3,20253.29
2025-03-25,7300.0,5300.0,11869.07,8198.57,54.3,20121.94
2025-03-26,7300.0,5300.0,11698.25,8218.18,54.3,19970.73
2025-03-27,7300.0,5300.0,11751.539999999999,8337.43,54.3,20143.269999999997
2025-03-28,7300.0,5300.0,11712.85,8187.969999999999,54.3,19955.12
2025-03-31,7400.0,5200.0,11908.82,8077.679999999999,38.51,20025.01
2025-04-01,7400.0,5200.0,11843.7,8059.4800000000005,38.51,19941.690000000002
2025-04-02,7400.0,5200.0,11948.78,8032.96,38.51,20020.25
2025-04-03,7400.0,5200.0,11980.6,7977.32,38.51,19996.43
2025-04-07,7400.0,5200.0,11430.779999999999,7214.48,38.51,18683.769999999997
2025-04-08,7400.0,5200.0,11620.960000000001,7258.679999999999,38.51,18918.15
2025-04-09,7400.0,5200.0,11519.58,7624.759999999999,38.51,19182.85
2025-04-10,7400.0,5200.0,11594.32,7725.12,38.51,19357.95
2025-04-11,7400.0,5200.0,11624.66,8089.120000000001,38.51,19752.29
2025-04-14,7400.0,5200.0,11694.220000000001,8103.68,38.51,19836.410000000003
2025-04-15,7400.0,5200.0,11871.08,8028.8,38.51,19938.39
2025-04-16,7400.0,5200.0,11991.7,8098.48,38.51,20128.690000000002
2025-04-17,7400.0,5200.0,11999.84,8164.52,38.51,20202.870000000003
2025-04-18,7400.0,5200.0,12110.1,8078.72,38.51,20227.33
2025-04-21,7400.0,5200.0,11959.880000000001,8150.999999999999,38.51,20149.39
2025-04-22,7400.0,5200.0,12040.539999999999,8111.4800000000005,38.51,20190.53
2025-04-23,7400.0,5200.0,11980.6,8117.719999999999,38.51,20136.83
2025-04-24,7400.0,5200.0,12120.46,8030.88,38.51,20189.85
2025-04-25,7400.0,5200.0,12073.84,8004.36,38.51,20116.71
2025-04-28,7400.0,5200.0,12188.54,8026.200000000001,38.51,20253.25
2025-04-29,7400.0,5200.0,12148.58,8066.759999999999,38.51,20253.85
2025-04-30,7400.0,5200.0,11897.72,8155.68,38.51,20091.91
2025-05-06,7400.0,5200.0,11880.699999999999,8252.4,38.51,20171.61
2025-05-07,7400.0,5200.0,12056.08,8248.24,38.51,20342.83
2025-05-08,7400.0,5200.0,12186.32,8188.44,38.51,20413.27
2025-05-09,7400.0,5200.0,12360.22,7966.92,38.51,20365.65
2025-05-12,7400.0,5200.0,12377.980000000001,7999.68,38.51,20416.170000000002
2025-05-13,7400.0,5200.0,12566.68,7969.5199999999995,38.51,20574.71
2025-05-14,7400.0,5200.0,12668.06,8005.92,38.51,20712.489999999998
2025-05-15,7400.0,5200.0,12654.0,7871.24,38.51,20563.75
2025-05-16,7400.0,5200.0,12536.34,7839.52,38.51,20414.370000000003
2025-05-19,7400.0,5200.0,12494.9,7862.4,38.51,20395.809999999998
2025-05-20,7400.0,5200.0,12519.32,7879.56,38.51,20437.39
2025-05-21,7400.0,5200.0,12607.38,7828.6,38.51,20474.489999999998
2025-05-22,7400.0,5200.0,12732.439999999999,7802.599999999999,38.51,20573.55
2025-05-23,7400.0,5200.0,12609.6,7676.759999999999,38.51,20324.87
2025-05-26,7400.0,5200.0,12514.140000000001,7719.919999999999,38.51,20272.57
2025-05-27,7400.0,5200.0,12581.48,7646.599999999999,38.51,20266.59
2025-05-28,7400.0,5200.0,12565.199999999999,7612.8,38.51,20216.51
2025-05-29,7400.0,5200.0,12537.82,7755.280000000001,38.51,20331.61
2025-05-30,7400.0,5200.0,12617.0,7655.44,38.51,20310.95
2025-06-03,7400.0,5200.0,12864.16,7746.4400000000005,38.51,20649.11
2025-06-04,7400.0,5200.0,12871.560000000001,7752.16,38.51,20662.230000000003
2025-06-05,7400.0,5200.0,12783.5,7917.0,38.51,20739.010000000002
2025-06-06,7400.0,5200.0,12823.460000000001,7904.0,38.51,20765.97
2025-06-09,7400.0,5200.0,12857.5,7920.64,38.51,20816.65
2025-06-10,7400.0,5200.0,12921.14,7752.16,38.51,20711.809999999998
2025-06-11,7400.0,5200.0,12960.36,7735.0,38.51,20733.870000000003
2025-06-12,7400.0,5200.0,13026.96,7657.5199999999995,38.51,20722.989999999998
2025-06-13,7400.0,5200.0,12910.779999999999,7652.84,38.51,20602.129999999997
2025-06-16,7400.0,5200.0,13078.76,7646.08,38.51,20763.35
2025-06-17,7400.0,5200.0,13054.34,7584.719999999999,38.51,20677.57
2025-06-18,7400.0,5200.0,13169.78,7662.2,38.51,20870.49
2025-06-19,7400.0,5200.0,13151.279999999999,7674.68,38.51,20864.47
2025-06-20,7400.0,5200.0,13309.64,7629.4400000000005,38.51,20977.59
2025-06-23,7400.0,5200.0,13473.92,7670.000000000001,38.51,21182.43
2025-06-24,7400.0,5200.0,13527.2,7827.040000000001,38.51,21392.75
2025-06-25,7400.0,5200.0,13664.84,7982.0,38.51,21685.35
2025-06-26,7400.0,5200.0,13810.62,7904.52,38.51,21753.65
2025-06-27,7400.0,5200.0,13422.12,7907.639999999999,38.51,21368.27
2025-06-30,7100.0,5500.0,12835.380000000001,8529.949999999999,104.98,21470.309999999998
2025-07-01,7100.0,5500.0,13030.63,8450.75,104.98,21586.36
2025-07-02,7100.0,5500.0,13127.9,8287.949999999999,104.98,21520.829999999998
2025-07-03,7100.0,5500.0,13122.220000000001,8290.15,104.98,21517.35
2025-07-04,7100.0,5500.0,13365.04,8295.65,104.98,21765.67
2025-07-07,7100.0,5500.0,13419.71,8265.4,104.98,21790.089999999997
2025-07-08,7100.0,5500.0,13387.05,8375.949999999999,104.98,21867.979999999996
2025-07-09,7100.0,5500.0,13430.359999999999,8264.3,104.98,21799.64
2025-07-10,7100.0,5500.0,13583.01,8230.75,104.98,21918.739999999998
2025-07-11,7100.0,5500.0,13344.449999999999,8393.0,104.98,21842.43
2025-07-14,7100.0,5500.0,13431.779999999999,8326.45,104.98,21863.21
2025-07-15,7100.0,5500.0,13302.56,8341.85,104.98,21749.39
2025-07-16,7100.0,5500.0,13237.95,8372.65,104.98,21715.58
2025-07-17,7100.0,5500.0,13200.32,8419.949999999999,104.98,21725.25
2025-07-18,7100.0,5500.0,13281.97,8403.45,104.98,21790.4
2025-07-21,7100.0,5500.0,13179.73,8409.5,104.98,21694.21
2025-07-22,7100.0,5500.0,13049.09,8446.35,104.98,21600.42
2025-07-23,7100.0,5500.0,13099.5,8540.949999999999,104.98,21745.43
2025-07-24,7100.0,5500.0,12917.029999999999,8639.4,104.98,21661.409999999996
2025-07-25,7100.0,5500.0,12893.6,8889.1,104.98,21887.68
2025-07-28,7100.0,5500.0,12902.83,8868.75,104.98,21876.559999999998
2025-07-29,7100.0,5500.0,12748.76,9061.8,104.98,21915.54
2025-07-30,7100.0,5500.0,12828.99,8955.1,104.98,21889.07
2025-07-31,7100.0,5500.0,12761.54,8902.300000000001,104.98,21768.82
2025-08-01,7100.0,5500.0,12792.78,8765.900000000001,104.98,21663.660000000003
2025-08-04,7100.0,5500.0,12889.34,8940.8,104.98,21935.12
2025-08-05,7100.0,5500.0,13094.53,8940.8,104.98,22140.309999999998
2025-08-06,7100.0,5500.0,13073.939999999999,9009.55,104.98,22188.469999999998
2025-08-07,7100.0,5500.0,13128.61,9064.55,104.98,22298.14
2025-08-08,7100.0,5500.0,13090.980000000001,8892.95,104.98,22088.910000000003
2025-08-11,7100.0,5500.0,12958.21,8961.15,104.98,22024.339999999997
2025-08-12,7100.0,5500.0,12999.39,9272.449999999999,104.98,22376.82
2025-08-13,7100.0,5500.0,12860.939999999999,9390.7,104.98,22356.62
2025-08-14,7100.0,5500.0,12858.1,9509.5,104.98,22472.58
2025-08-15,7100.0,5500.0,12670.66,9693.199999999999,104.98,22468.839999999997
2025-08-18,7100.0,5500.0,12712.55,9876.9,104.98,22694.43
2025-08-19,7100.0,5500.0,12726.75,9764.150000000001,104.98,22595.88
2025-08-20,7100.0,5500.0,12782.13,10225.05,104.98,23112.159999999996
2025-08-21,7100.0,5500.0,12858.81,10151.900000000001,104.98,23115.690000000002
2025-08-22,7100.0,5500.0,12821.890000000001,11168.300000000001,104.98,24095.170000000002
2025-08-25,7100.0,5500.0,12912.77,11545.05,104.98,24562.8
2025-08-26,7100.0,5500.0,12826.86,11345.949999999999,104.98,24277.79
2025-08-27,7100.0,5500.0,12593.27,11442.749999999998,104.98,24141.0
2025-08-28,7100.0,5500.0,12644.39,12407.45,104.98,25156.82
2025-08-29,7100.0,5500.0,12545.699999999999,12024.650000000001,104.98,24675.33
2025-09-01,7100.0,5500.0,12410.09,12209.45,104.98,24724.52
2025-09-02,7100.0,5500.0,12652.2,11840.4,104.98,24597.58
2025-09-03,7100.0,5500.0,12503.810000000001,11672.65,104.98,24281.440000000002
2025-09-04,7100.0,5500.0,12600.369999999999,10759.65,104.98,23465.0
2025-09-05,7100.0,5500.0,12478.25,11127.6,104.98,23710.83
2025-09-08,7100.0,5500.0,12405.83,11069.85,104.98,23580.66
2025-09-09,7100.0,5500.0,12510.2,10781.1,104.98,23396.28
2025-09-10,7100.0,5500.0,12524.4,10986.800000000001,104.98,23616.18
2025-09-11,7100.0,5500.0,12591.140000000001,11765.05,104.98,24461.17
2025-09-12,7100.0,5500.0,12398.73,11971.300000000001,104.98,24475.010000000002
2025-09-15,7100.0,5500.0,12285.84,12032.900000000001,104.98,24423.72
2025-09-16,7100.0,5500.0,12158.039999999999,12222.650000000001,104.98,24485.67
2025-09-17,7100.0,5500.0,12113.31,12414.05,104.98,24632.339999999997
2025-09-18,7100.0,5500.0,11883.98,12596.65,104.98,24585.61
2025-09-19,7100.0,5500.0,11891.79,12403.599999999999,104.98,24400.37
2025-09-22,7100.0,5500.0,11772.51,13006.95,104.98,24884.440000000002
2025-09-23,7100.0,5500.0,11954.98,13085.6,104.98,25145.559999999998
2025-09-24,7100.0,5500.0,11918.060000000001,13632.85,104.98,25655.89
2025-09-25,7100.0,5500.0,11838.539999999999,13723.05,104.98,25666.57
2025-09-26,7100.0,5500.0,11858.42,13523.4,104.98,25486.8
2025-09-29,7100.0,5500.0,11800.199999999999,13804.999999999998,104.98,25710.179999999997
2025-09-30,9400.0,4000.0,15504.36,10256.8,143.86,25905.02
2025-10-09,9400.0,4000.0,15468.64,10562.0,143.86,26174.5
2025-10-10,9400.0,4000.0,15542.9,9854.8,143.86,25541.559999999998
2025-10-13,9400.0,4000.0,15658.519999999999,10106.8,143.86,25909.179999999997
2025-10-14,9400.0,4000.0,16052.38,9577.199999999999,143.86,25773.439999999995
2025-10-15,9400.0,4000.0,16151.08,9706.8,143.86,26001.739999999998
2025-10-16,9400.0,4000.0,16381.38,9612.0,143.86,26137.239999999998
2025-10-17,9400.0,4000.0,16330.62,9207.2,143.86,25681.68
2025-10-20,9400.0,4000.0,16311.82,9246.800000000001,143.86,25702.480000000003
2025-10-21,9400.0,4000.0,16363.519999999999,9548.8,143.86,26056.179999999997
2025-10-22,9400.0,4000.0,16521.44,9558.0,143.86,26223.3
2025-10-23,9400.0,4000.0,16628.6,9481.6,143.86,26254.059999999998
2025-10-24,9400.0,4000.0,16556.22,10010.8,143.86,26710.88
2025-10-27,9400.0,4000.0,16559.98,10194.0,143.86,26897.84
2025-10-28,9400.0,4000.0,16532.719999999998,10080.4,143.86,26756.979999999996
2025-10-29,9400.0,4000.0,16191.5,10123.6,143.86,26458.96
2025-10-30,9400.0,4000.0,16198.08,9922.4,143.86,26264.339999999997
2025-10-31,9400.0,4000.0,16180.220000000001,9496.4,143.86,25820.480000000003
2025-11-03,9400.0,4000.0,16391.72,9358.0,143.86,25893.58
2025-11-04,9400.0,4000.0,16730.12,9291.6,143.86,26165.58
2025-11-05,9400.0,4000.0,16728.24,9252.0,143.86,26124.100000000002
2025-11-06,9400.0,4000.0,16658.68,9666.4,143.86,26468.940000000002
2025-11-07,9400.0,4000.0,16635.18,9526.0,143.86,26305.04
2025-11-10,9400.0,4000.0,16742.34,9431.6,143.86,26317.800000000003
2025-11-11,9400.0,4000.0,16800.620000000003,9247.6,143.86,26192.08
2025-11-12,9400.0,4000.0,16880.52,9208.8,143.86,26233.18
2025-11-13,9400.0,4000.0,16872.059999999998,9354.8,143.86,26370.719999999998
2025-11-14,9400.0,4000.0,16914.36,9055.6,143.86,26113.82
2025-11-17,9400.0,4000.0,16695.34,9041.2,143.86,25880.4
2025-11-18,9400.0,4000.0,16650.22,9139.6,143.86,25933.68
2025-11-19,9400.0,4000.0,16792.16,9050.800000000001,143.86,25986.82
2025-11-20,9400.0,4000.0,16935.98,8953.6,143.86,26033.440000000002
2025-11-21,9400.0,4000.0,16764.9,8563.599999999999,143.86,25472.36
2025-11-24,9400.0,4000.0,16635.18,8604.4,143.86,25383.440000000002
2025-11-25,9400.0,4000.0,16856.079999999998,8683.199999999999,143.86,25683.14
2025-11-26,9400.0,4000.0,16725.420000000002,8871.2,143.86,25740.480000000003
2025-11-27,9400.0,4000.0,16813.78,8876.0,143.86,25833.64
2025-11-28,9400.0,4000.0,16676.54,9004.8,143.86,25825.2
2025-12-01,9400.0,4000.0,16802.5,9064.0,143.86,26010.36
2025-12-02,9400.0,4000.0,16804.38,8921.2,143.86,25869.440000000002
2025-12-03,9400.0,4000.0,16657.74,8867.2,143.86,25668.800000000003
2025-12-04,9400.0,4000.0,16587.239999999998,9074.0,143.86,25805.1
2025-12-05,9400.0,4000.0,16491.36,9047.2,143.86,25682.420000000002
2025-12-08,9400.0,4000.0,16495.12,9303.2,143.86,25942.18
2025-12-09,9400.0,4000.0,16483.84,9262.800000000001,143.86,25890.5
2025-12-10,9400.0,4000.0,16222.52,9263.6,143.86,25629.980000000003
2025-12-11,9400.0,4000.0,16275.16,9104.4,143.86,25523.42
2025-12-12,9400.0,4000.0,16230.98,9291.6,143.86,25666.440000000002
2025-12-15,9400.0,4000.0,16251.660000000002,8988.4,143.86,25383.92
2025-12-16,9400.0,4000.0,16163.300000000001,8820.0,143.86,25127.16
2025-12-17,9400.0,4000.0,16183.98,9065.6,143.86,25393.440000000002
2025-12-18,9400.0,4000.0,16505.46,8935.6,143.86,25584.92
2025-12-19,9400.0,4000.0,16431.2,8905.6,143.86,25480.660000000003
2025-12-22,9400.0,4000.0,16340.02,9163.6,143.86,25647.480000000003
2025-12-23,9400.0,4000.0,16402.059999999998,9251.2,143.86,25797.12
2025-12-24,9400.0,4000.0,16353.18,9369.199999999999,143.86,25866.239999999998
2025-12-25,9400.0,4000.0,16343.779999999999,9386.4,143.86,25874.04
2025-12-26,9400.0,4000.0,16287.38,9311.6,143.86,25742.839999999997
2025-12-29,9400.0,4000.0,16452.82,9352.4,143.86,25949.08
2025-12-30,9400.0,4000.0,16431.2,9486.0,143.86,26061.06
2025-12-31,8900.0,4400.0,15575.0,10301.28,71.48,25947.760000000002
2026-01-05,8900.0,4400.0,15520.710000000001,10794.08,71.48,26386.27
2026-01-06,8900.0,4400.0,15600.81,10996.039999999999,71.48,26668.329999999998
2026-01-07,8900.0,4400.0,15490.449999999999,11277.2,71.48,26839.129999999997
2026-01-08,8900.0,4400.0,15348.939999999999,11358.16,71.48,26778.579999999998
2026-01-09,8900.0,4400.0,15283.08,11460.679999999998,71.48,26815.239999999998
2026-01-12,8900.0,4400.0,15334.7,11597.52,71.48,27003.7
2026-01-13,8900.0,4400.0,15429.93,11146.52,71.48,26647.93
2026-01-14,8900.0,4400.0,15158.48,11435.16,71.48,26665.12
2026-01-15,8900.0,4400.0,15054.35,11616.0,71.48,26741.83
2026-01-16,8900.0,4400.0,14892.37,11961.400000000001,71.48,26925.25
2026-01-19,8900.0,4400.0,14806.93,11867.24,71.48,26745.65
2026-01-20,8900.0,4400.0,14919.96,11766.04,71.48,26757.48
2026-01-21,8900.0,4400.0,14685.0,12260.6,71.48,27017.08
2026-01-22,8900.0,4400.0,14624.48,12251.36,71.48,26947.32
2026-01-23,8900.0,4400.0,14498.99,12249.16,71.48,26819.629999999997
2026-01-26,8900.0,4400.0,14553.28,12048.52,71.48,26673.28
2026-01-27,8900.0,4400.0,14536.369999999999,12402.72,71.48,27010.57
2026-01-28,8900.0,4400.0,14446.48,12501.28,71.48,27019.239999999998
2026-01-29,8900.0,4400.0,14671.650000000001,11990.880000000001,71.48,26734.010000000002
2026-01-30,8900.0,4400.0,14615.580000000002,12168.64,71.48,26855.7
2026-02-02,8900.0,4400.0,14636.94,11547.8,71.48,26256.22
2026-02-03,8900.0,4400.0,14518.57,11713.68,71.48,26303.73
2026-02-04,8900.0,4400.0,14723.27,11455.84,71.48,26250.59
2026-02-05,8900.0,4400.0,14966.24,11290.4,71.48,26328.12
2026-02-06,8900.0,4400.0,14923.52,11165.880000000001,71.48,26160.88
2026-02-09,8900.0,4400.0,14976.92,11566.279999999999,71.48,26614.68
2026-02-10,8900.0,4400.0,15016.08,11700.92,71.48,26788.48
2026-02-11,8900.0,4400.0,15046.34,11522.72,71.48,26640.54
2026-02-12,8900.0,4400.0,14838.08,11797.28,71.48,26706.84
2026-02-13,8900.0,4400.0,14735.73,11772.2,71.48,26579.41
2026-02-24,8900.0,4400.0,14698.35,11726.88,71.48,26496.71
2026-02-25,8900.0,4400.0,14628.039999999999,11828.52,71.48,26528.04
2026-02-26,8900.0,4400.0,14596.89,11996.16,71.48,26664.53
2026-02-27,8900.0,4400.0,14593.33,11951.72,71.48,26616.53
2026-03-02,8900.0,4400.0,14676.1,11781.44,71.48,26529.02
2026-03-03,8900.0,4400.0,14825.619999999999,11095.039999999999,71.48,25992.14
2026-03-04,8900.0,4400.0,14667.199999999999,11044.880000000001,71.48,25783.559999999998
2026-03-05,8900.0,4400.0,14800.7,11264.0,71.48,26136.18
2026-03-06,8900.0,4400.0,14824.73,11287.32,71.48,26183.53
2026-03-09,8900.0,4400.0,14728.61,11062.92,71.48,25863.010000000002
2026-03-10,8900.0,4400.0,14759.76,11359.48,71.48,26190.72
2026-03-11,8900.0,4400.0,14890.59,11174.24,71.48,26136.309999999998
2026-03-12,8900.0,4400.0,14981.37,11025.08,71.48,26077.93
2026-03-13,8900.0,4400.0,15041.0,10853.04,71.48,25965.52
2026-03-16,8900.0,4400.0,15098.849999999999,11087.56,71.48,26257.89
2026-03-17,8900.0,4400.0,15223.449999999999,10757.119999999999,71.48,26052.049999999996
2026-03-18,8900.0,4400.0,15160.26,10989.880000000001,71.48,26221.620000000003
2026-03-19,8900.0,4400.0,15130.0,10714.880000000001,71.48,25916.36
2026-03-20,8900.0,4400.0,15088.17,10602.68,71.48,25762.33
2026-03-23,8900.0,4400.0,14595.109999999999,10082.6,71.48,24749.19
2026-03-24,8900.0,4400.0,14901.269999999999,10342.64,71.48,25315.39
2026-03-25,8900.0,4400.0,14997.390000000001,10606.640000000001,71.48,25675.510000000002
2026-03-26,8900.0,4400.0,15053.460000000001,10395.44,71.48,25520.38
2026-03-27,8900.0,4400.0,14978.7,10479.48,71.48,25529.66
2026-03-30,8900.0,4400.0,15051.68,10431.96,71.48,25555.12
2026-03-31,8900.0,4400.0,15149.58,10079.960000000001,71.48,25301.02
2026-04-01,8900.0,4400.0,15168.269999999999,10453.52,71.48,25693.269999999997
2026-04-02,8900.0,4400.0,15247.480000000001,10137.599999999999,71.48,25456.559999999998
2026-04-03,8900.0,4400.0,15073.93,10172.8,71.48,25318.21
2026-04-07,8900.0,4400.0,14934.199999999999,10378.72,71.48,25384.399999999998
2026-04-08,8900.0,4400.0,15057.02,11055.44,71.48,26183.940000000002
2026-04-09,8900.0,4400.0,14929.75,11085.8,71.48,26087.03
2026-04-10,8900.0,4400.0,14911.95,11296.560000000001,71.48,26279.99
2026-04-13,8900.0,4400.0,14914.619999999999,11391.6,71.48,26377.699999999997
2026-04-14,8900.0,4400.0,15043.67,11660.0,71.48,26775.15
2026-04-15,8900.0,4400.0,15202.98,11647.24,71.48,26921.699999999997
2026-04-16,8900.0,4400.0,15156.7,11776.16,71.48,27004.34
2026-04-17,8900.0,4400.0,15096.179999999998,11886.16,71.48,27053.82
2026-04-20,8900.0,4400.0,15252.82,12075.36,71.48,27399.66
2026-04-21,8900.0,4400.0,15308.0,11925.320000000002,71.48,27304.800000000003
2026-04-22,8900.0,4400.0,15204.759999999998,12224.52,71.48,27500.76
2026-04-23,8900.0,4400.0,15258.16,12040.6,71.48,27370.239999999998
2026-04-24,8900.0,4400.0,15214.55,12349.039999999999,71.48,27635.07
2026-04-27,8900.0,4400.0,15161.15,12913.56,71.48,28146.19
2026-04-28,8900.0,4400.0,15221.67,12731.4,71.48,28024.55
2026-04-29,8900.0,4400.0,15167.38,12760.44,71.48,27999.3
2026-04-30,8900.0,4400.0,15060.58,13572.24,71.48,28704.3
2026-05-06,8900.0,4400.0,14932.42,14373.92,71.48,29377.82
2026-05-07,8900.0,4400.0,14886.140000000001,14661.24,71.48,29618.86
2026-05-08,8900.0,4400.0,14876.35,14249.400000000001,71.48,29197.230000000003
2026-05-11,8900.0,4400.0,14875.46,15070.44,71.48,30017.379999999997
2026-05-12,8900.0,4400.0,14840.75,15261.400000000001,71.48,30173.63
2026-05-13,8900.0,4400.0,14814.94,15686.44,71.48,30572.86
2026-05-14,8900.0,4400.0,14850.54,15347.2,71.48,30269.22
2026-05-15,8900.0,4400.0,14786.46,15092.0,71.48,29949.94
2026-05-18,8900.0,4400.0,14650.289999999999,15192.76,71.48,29914.53
2026-05-19,8900.0,4400.0,14702.8,15803.92,71.48,30578.199999999997
2026-05-20,8900.0,4400.0,14573.75,16545.32,71.48,31190.55
2026-05-21,8900.0,4400.0,14605.79,15708.44,71.48,30385.71
2026-05-22,8900.0,4400.0,14580.87,16017.32,71.48,30669.67
2026-05-25,8900.0,4400.0,14579.980000000001,17149.0,71.48,31800.46
2026-05-26,8900.0,4400.0,14609.35,16776.32,71.48,31457.15
2026-05-27,8900.0,4400.0,14563.960000000001,16313.88,71.48,30949.32
2026-05-28,8900.0,4400.0,14470.509999999998,16714.72,71.48,31256.71
2026-05-29,8900.0,4400.0,14730.39,15799.52,71.48,30601.39
2026-06-01,8900.0,4400.0,14901.269999999999,14818.76,71.48,29791.51
2026-06-02,8900.0,4400.0,14992.94,15171.640000000001,71.48,30236.06
2026-06-03,8900.0,4400.0,14854.1,15702.72,71.48,30628.3
2026-06-04,8900.0,4400.0,14693.9,15948.24,71.48,30713.62
2026-06-05,8900.0,4400.0,14884.36,15173.4,71.48,30129.239999999998
2026-06-08,8900.0,4400.0,14976.92,14523.96,71.48,29572.36
2026-06-09,8900.0,4400.0,15057.91,15308.039999999999,71.48,30437.43
2026-06-10,8900.0,4400.0,15297.320000000002,15294.4,71.48,30663.2
2026-06-11,8900.0,4400.0,15251.93,15544.76,71.48,30868.17
2026-06-12,8900.0,4400.0,15474.429999999998,15343.24,71.48,30889.149999999998
2026-06-15,8900.0,4400.0,15243.029999999999,16275.16,71.48,31589.67
2026-06-16,8900.0,4400.0,15054.35,16441.04,71.48,31566.870000000003
2026-06-17,8900.0,4400.0,14917.289999999999,17377.8,71.48,32366.57
2026-06-18,8900.0,4400.0,14531.92,18127.12,71.48,32730.519999999997
2026-06-22,8900.0,4400.0,14643.17,18576.36,71.48,33291.01
2026-06-23,8900.0,4400.0,14797.140000000001,18361.2,71.48,33229.82
2026-06-24,8900.0,4400.0,14433.13,19205.559999999998,71.48,33710.17
2026-06-25,8900.0,4400.0,14307.64,19984.36,71.48,34363.479999999996
2026-06-26,8900.0,4400.0,14188.380000000001,19727.84,71.48,33987.7
2026-06-29,8900.0,4400.0,14253.349999999999,20691.440000000002,71.48,35016.270000000004
2026-06-30,13600.0,2900.0,21270.4,14221.02,60.18,35551.600000000006
2026-07-01,13600.0,2900.0,21418.64,13835.320000000002,60.18,35314.14
2026-07-02,13600.0,2900.0,21674.32,12655.02,60.18,34389.520000000004
2026-07-03,13600.0,2900.0,21664.8,12554.68,60.18,34279.66
2026-07-06,13600.0,2900.0,22074.16,12688.080000000002,60.18,34822.42
2026-07-07,13600.0,2900.0,22105.44,12744.630000000001,60.18,34910.25
2026-07-08,13600.0,2900.0,22310.8,12900.65,60.18,35271.63
2026-07-09,13600.0,2900.0,22116.32,14044.99,60.18,36221.49
2026-07-10,13600.0,2900.0,22270.0,13074.65,60.18,35404.83
2026-07-13,13600.0,2900.0,22678.0,12583.97,60.18,35322.15
2026-07-14,13600.0,2900.0,22712.0,12711.86,60.18,35484.04
2026-07-15,13600.0,2900.0,22975.84,12030.359999999999,60.18,35066.38
2026-07-16,13600.0,2900.0,22771.84,11420.78,60.18,34252.8
2026-07-17,13600.0,2900.0,22960.879999999997,10476.25,60.18,33497.31
2026-07-20,13600.0,2900.0,23489.920000000002,10264.26,60.18,33814.36
2026-07-21,13600.0,2900.0,22986.719999999998,11630.16,60.18,34677.06
2026-07-22,13600.0,2900.0,23246.48,11383.95,60.18,34690.61
2026-07-23,13600.0,2900.0,23375.68,10878.48,60.18,34314.34
2026-07-24,13600.0,2900.0,23446.4,10951.560000000001,60.18,34458.14
2026-07-27,13600.0,2900.0,23458.640000000003,11086.41,60.18,34605.23
2026-07-28,13600.0,2900.0,23806.8,10255.56,60.18,34122.54
2026-07-29,13600.0,2900.0,23839.44,10118.97,60.18,34018.59
2026-07-30,13600.0,2900.0,24450.08,9412.529999999999,60.18,33922.79
2026-07-31,13600.0,2900.0,24118.24,9717.029999999999,60.18,33895.45
2026-08-03,13600.0,2900.0,24244.719999999998,9075.84,60.18,33380.74
2026-08-04,13600.0,2900.0,23596.0,9559.560000000001,60.18,33215.740000000005
2026-08-05,13600.0,2900.0,23334.88,10148.55,60.18,33543.61
2026-08-06,13600.0,2900.0,23411.04,10272.960000000001,60.18,33744.18
2026-08-07,13600.0,2900.0,23262.8,10601.82,60.18,33924.8
2026-08-10,13600.0,2900.0,23359.36,10582.68,60.18,34002.22
2026-08-11,13600.0,2900.0,23353.920000000002,10399.98,60.18,33814.08
2026-08-12,13600.0,2900.0,23270.96,10618.35,60.18,33949.49
2026-08-13,13600.0,2900.0,23381.120000000003,10496.55,60.18,33937.850000000006
2026-08-14,13600.0,2900.0,23245.12,10541.79,60.18,33847.09
2026-08-17,13600.0,2900.0,23196.16,11075.1,60.18,34331.44
2026-08-18,13600.0,2900.0,23340.32,11095.98,60.18,34496.479999999996
2026-08-19,13600.0,2900.0,23753.76,10249.47,60.18,34063.409999999996
2026-08-20,13600.0,2900.0,23847.600000000002,10192.92,60.18,34100.700000000004
2026-08-21,13600.0,2900.0,23778.239999999998,10205.97,60.18,34044.39
2026-08-24,13600.0,2900.0,24091.04,9873.630000000001,60.18,34024.850000000006
2026-08-25,13600.0,2900.0,23938.72,9835.35,60.18,33834.25
2026-08-26,13600.0,2900.0,24123.68,10005.0,60.18,34188.86
2026-08-27,13600.0,2900.0,23877.52,10459.14,60.18,34396.84
2026-08-28,13600.0,2900.0,23756.48,10206.84,60.18,34023.5
2026-08-31,13600.0,2900.0,24146.8,10402.59,60.18,34609.57
2026-09-01,13600.0,2900.0,24599.68,10096.35,60.18,34756.21
2026-09-02,13600.0,2900.0,24609.2,9919.74,60.18,34589.12
2026-09-03,13600.0,2900.0,24485.44,9871.890000000001,60.18,34417.51
2026-09-04,13600.0,2900.0,24703.04,9590.01,60.18,34353.23
